{"type":"FeatureCollection","features":[
{"type":"Feature","id":"AFG","cc":"AF","properties":{"name":"Afghanistan"},"geometry":{"type":"Polygon","coordinates":[[[61.210817,35.650072],[62.230651,35.270664],[62.984662,35.404041],[63.193538,35.857166],[63.982896,36.007957],[64.546479,36.312073],[64.746105,37.111818],[65.588948,37.305217],[65.745631,37.661164],[66.217385,37.39379],[66.518607,37.362784],[67.075782,37.356144],[67.83,37.144994],[68.135562,37.023115],[68.859446,37.344336],[69.196273,37.151144],[69.518785,37.608997],[70.116578,37.588223],[70.270574,37.735165],[70.376304,38.138396],[70.806821,38.486282],[71.348131,38.258905],[71.239404,37.953265],[71.541918,37.905774],[71.448693,37.065645],[71.844638,36.738171],[72.193041,36.948288],[72.63689,37.047558],[73.260056,37.495257],[73.948696,37.421566],[74.980002,37.41999],[75.158028,37.133031],[74.575893,37.020841],[74.067552,36.836176],[72.920025,36.720007],[71.846292,36.509942],[71.262348,36.074388],[71.498768,35.650563],[71.613076,35.153203],[71.115019,34.733126],[71.156773,34.348911],[70.881803,33.988856],[69.930543,34.02012],[70.323594,33.358533],[69.687147,33.105499],[69.262522,32.501944],[69.317764,31.901412],[68.926677,31.620189],[68.556932,31.71331],[67.792689,31.58293],[67.683394,31.303154],[66.938891,31.304911],[66.381458,30.738899],[66.346473,29.887943],[65.046862,29.472181],[64.350419,29.560031],[64.148002,29.340819],[63.550261,29.468331],[62.549857,29.318572],[60.874248,29.829239],[61.781222,30.73585],[61.699314,31.379506],[60.941945,31.548075],[60.863655,32.18292],[60.536078,32.981269],[60.9637,33.528832],[60.52843,33.676446],[60.803193,34.404102],[61.210817,35.650072]]]}},
{"type":"Feature","id":"AGO","cc":"AO","properties":{"name":"Angola"},"geometry":{"type":"MultiPolygon","coordinates":[[[[16.326528,-5.87747],[16.57318,-6.622645],[16.860191,-7.222298],[17.089996,-7.545689],[17.47297,-8.068551],[18.134222,-7.987678],[18.464176,-7.847014],[19.016752,-7.988246],[19.166613,-7.738184],[19.417502,-7.155429],[20.037723,-7.116361],[20.091622,-6.94309],[20.601823,-6.939318],[20.514748,-7.299606],[21.728111,-7.290872],[21.746456,-7.920085],[21.949131,-8.305901],[21.801801,-8.908707],[21.875182,-9.523708],[22.208753,-9.894796],[22.155268,-11.084801],[22.402798,-10.993075],[22.837345,-11.017622],[23.456791,-10.867863],[23.912215,-10.926826],[24.017894,-11.237298],[23.904154,-11.722282],[24.079905,-12.191297],[23.930922,-12.565848],[24.016137,-12.911046],[21.933886,-12.898437],[21.887843,-16.08031],[22.562478,-16.898451],[23.215048,-17.523116],[21.377176,-17.930636],[18.956187,-17.789095],[18.263309,-17.309951],[14.209707,-17.353101],[14.058501,-17.423381],[13.462362,-16.971212],[12.814081,-16.941343],[12.215461,-17.111668],[11.734199,-17.301889],[11.640096,-16.673142],[11.778537,-15.793816],[12.123581,-14.878316],[12.175619,-14.449144],[12.500095,-13.5477],[12.738479,-13.137906],[13.312914,-12.48363],[13.633721,-12.038645],[13.738728,-11.297863],[13.686379,-10.731076],[13.387328,-10.373578],[13.120988,-9.766897],[12.87537,-9.166934],[12.929061,-8.959091],[13.236433,-8.562629],[12.93304,-7.596539],[12.728298,-6.927122],[12.227347,-6.294448],[12.322432,-6.100092],[12.735171,-5.965682],[13.024869,-5.984389],[13.375597,-5.864241],[16.326528,-5.87747]]],[[[12.436688,-5.684304],[12.182337,-5.789931],[11.914963,-5.037987],[12.318608,-4.60623],[12.62076,-4.438023],[12.995517,-4.781103],[12.631612,-4.991271],[12.468004,-5.248362],[12.436688,-5.684304]]]]}},
{"type":"Feature","id":"ALB","cc":"AL","properties":{"name":"Albania"},"geometry":{"type":"Polygon","coordinates":[[[20.590247,41.855404],[20.463175,41.515089],[20.605182,41.086226],[21.02004,40.842727],[20.99999,40.580004],[20.674997,40.435],[20.615,40.110007],[20.150016,39.624998],[19.98,39.694993],[19.960002,39.915006],[19.406082,40.250773],[19.319059,40.72723],[19.40355,41.409566],[19.540027,41.719986],[19.371769,41.877548],[19.304486,42.195745],[19.738051,42.688247],[19.801613,42.500093],[20.0707,42.58863],[20.283755,42.32026],[20.52295,42.21787],[20.590247,41.855404]]]}},
{"type":"Feature","id":"ARE","cc":"AE","properties":{"name":"United Arab Emirates"},"geometry":{"type":"Polygon","coordinates":[[[51.579519,24.245497],[51.757441,24.294073],[51.794389,24.019826],[52.577081,24.177439],[53.404007,24.151317],[54.008001,24.121758],[54.693024,24.797892],[55.439025,25.439145],[56.070821,26.055464],[56.261042,25.714606],[56.396847,24.924732],[55.886233,24.920831],[55.804119,24.269604],[55.981214,24.130543],[55.528632,23.933604],[55.525841,23.524869],[55.234489,23.110993],[55.208341,22.70833],[55.006803,22.496948],[52.000733,23.001154],[51.617708,24.014219],[51.579519,24.245497]]]}},
{"type":"Feature","id":"ARG","cc":"AR","properties":{"name":"Argentina"},"geometry":{"type":"MultiPolygon","coordinates":[[[[-65.5,-55.2],[-66.45,-55.25],[-66.95992,-54.89681],[-67.56244,-54.87001],[-68.63335,-54.8695],[-68.63401,-52.63637],[-68.25,-53.1],[-67.75,-53.85],[-66.45,-54.45],[-65.05,-54.7],[-65.5,-55.2]]],[[[-64.964892,-22.075862],[-64.377021,-22.798091],[-63.986838,-21.993644],[-62.846468,-22.034985],[-62.685057,-22.249029],[-60.846565,-23.880713],[-60.028966,-24.032796],[-58.807128,-24.771459],[-57.777217,-25.16234],[-57.63366,-25.603657],[-58.618174,-27.123719],[-57.60976,-27.395899],[-56.486702,-27.548499],[-55.695846,-27.387837],[-54.788795,-26.621786],[-54.625291,-25.739255],[-54.13005,-25.547639],[-53.628349,-26.124865],[-53.648735,-26.923473],[-54.490725,-27.474757],[-55.162286,-27.881915],[-56.2909,-28.852761],[-57.625133,-30.216295],[-57.874937,-31.016556],[-58.14244,-32.044504],[-58.132648,-33.040567],[-58.349611,-33.263189],[-58.427074,-33.909454],[-58.495442,-34.43149],[-57.22583,-35.288027],[-57.362359,-35.97739],[-56.737487,-36.413126],[-56.788285,-36.901572],[-57.749157,-38.183871],[-59.231857,-38.72022],[-61.237445,-38.928425],[-62.335957,-38.827707],[-62.125763,-39.424105],[-62.330531,-40.172586],[-62.145994,-40.676897],[-62.745803,-41.028761],[-63.770495,-41.166789],[-64.73209,-40.802677],[-65.118035,-41.064315],[-64.978561,-42.058001],[-64.303408,-42.359016],[-63.755948,-42.043687],[-63.458059,-42.563138],[-64.378804,-42.873558],[-65.181804,-43.495381],[-65.328823,-44.501366],[-65.565269,-45.036786],[-66.509966,-45.039628],[-67.293794,-45.551896],[-67.580546,-46.301773],[-66.597066,-47.033925],[-65.641027,-47.236135],[-65.985088,-48.133289],[-67.166179,-48.697337],[-67.816088,-49.869669],[-68.728745,-50.264218],[-69.138539,-50.73251],[-68.815561,-51.771104],[-68.149995,-52.349983],[-68.571545,-52.299444],[-69.498362,-52.142761],[-71.914804,-52.009022],[-72.329404,-51.425956],[-72.309974,-50.67701],[-72.975747,-50.74145],[-73.328051,-50.378785],[-73.415436,-49.318436],[-72.648247,-48.878618],[-72.331161,-48.244238],[-72.447355,-47.738533],[-71.917258,-46.884838],[-71.552009,-45.560733],[-71.659316,-44.973689],[-71.222779,-44.784243],[-71.329801,-44.407522],[-71.793623,-44.207172],[-71.464056,-43.787611],[-71.915424,-43.408565],[-72.148898,-42.254888],[-71.746804,-42.051386],[-71.915734,-40.832339],[-71.680761,-39.808164],[-71.413517,-38.916022],[-70.814664,-38.552995],[-71.118625,-37.576827],[-71.121881,-36.658124],[-70.364769,-36.005089],[-70.388049,-35.169688],[-69.817309,-34.193571],[-69.814777,-33.273886],[-70.074399,-33.09121],[-70.535069,-31.36501],[-69.919008,-30.336339],[-70.01355,-29.367923],[-69.65613,-28.459141],[-69.001235,-27.521214],[-68.295542,-26.89934],[-68.5948,-26.506909],[-68.386001,-26.185016],[-68.417653,-24.518555],[-67.328443,-24.025303],[-66.985234,-22.986349],[-67.106674,-22.735925],[-66.273339,-21.83231],[-64.964892,-22.075862]]]]}},
{"type":"Feature","id":"ARM","cc":"AM","properties":{"name":"Armenia"},"geometry":{"type":"Polygon","coordinates":[[[43.582746,41.092143],[44.97248,41.248129],[45.179496,40.985354],[45.560351,40.81229],[45.359175,40.561504],[45.891907,40.218476],[45.610012,39.899994],[46.034534,39.628021],[46.483499,39.464155],[46.50572,38.770605],[46.143623,38.741201],[45.735379,39.319719],[45.739978,39.473999],[45.298145,39.471751],[45.001987,39.740004],[44.79399,39.713003],[44.400009,40.005],[43.656436,40.253564],[43.752658,40.740201],[43.582746,41.092143]]]}},
{"type":"Feature","id":"ATA","cc":"AQ","properties":{"name":"Antarctica"},"geometry":{"type":"MultiPolygon","coordinates":[[[[-59.572095,-80.040179],[-59.865849,-80.549657],[-60.159656,-81.000327],[-62.255393,-80.863178],[-64.488125,-80.921934],[-65.741666,-80.588827],[-65.741666,-80.549657],[-66.290031,-80.255773],[-64.037688,-80.294944],[-61.883246,-80.39287],[-61.138976,-79.981371],[-60.610119,-79.628679],[-59.572095,-80.040179]]],[[[-159.208184,-79.497059],[-161.127601,-79.634209],[-162.439847,-79.281465],[-163.027408,-78.928774],[-163.066604,-78.869966],[-163.712896,-78.595667],[-163.105801,-78.223338],[-161.245113,-78.380176],[-160.246208,-78.693645],[-159.482405,-79.046338],[-159.208184,-79.497059]]],[[[-45.154758,-78.04707],[-43.920828,-78.478103],[-43.48995,-79.08556],[-43.372438,-79.516645],[-43.333267,-80.026123],[-44.880537,-80.339644],[-46.506174,-80.594357],[-48.386421,-80.829485],[-50.482107,-81.025442],[-52.851988,-80.966685],[-54.164259,-80.633528],[-53.987991,-80.222028],[-51.853134,-79.94773],[-50.991326,-79.614623],[-50.364595,-79.183487],[-49.914131,-78.811209],[-49.306959,-78.458569],[-48.660616,-78.047018],[-48.660616,-78.047019],[-48.151396,-78.04707],[-46.662857,-77.831476],[-45.154758,-78.04707]]],[[[-121.211511,-73.50099],[-119.918851,-73.657725],[-118.724143,-73.481353],[-119.292119,-73.834097],[-120.232217,-74.08881],[-121.62283,-74.010468],[-122.621735,-73.657778],[-122.621735,-73.657777],[-122.406245,-73.324619],[-121.211511,-73.50099]]],[[[-125.559566,-73.481353],[-124.031882,-73.873268],[-124.619469,-73.834097],[-125.912181,-73.736118],[-127.28313,-73.461769],[-127.28313,-73.461768],[-126.558472,-73.246226],[-125.559566,-73.481353]]],[[[-98.98155,-71.933334],[-97.884743,-72.070535],[-96.787937,-71.952971],[-96.20035,-72.521205],[-96.983765,-72.442864],[-98.198083,-72.482035],[-99.432013,-72.442864],[-100.783455,-72.50162],[-101.801868,-72.305663],[-102.330725,-71.894164],[-101.703967,-71.717792],[-100.430919,-71.854993],[-98.98155,-71.933334]]],[[[-68.451346,-70.955823],[-68.333834,-71.406493],[-68.510128,-71.798407],[-68.784297,-72.170736],[-69.959471,-72.307885],[-71.075889,-72.503842],[-72.388134,-72.484257],[-71.8985,-72.092343],[-73.073622,-72.229492],[-74.19004,-72.366693],[-74.953895,-72.072757],[-75.012625,-71.661258],[-73.915819,-71.269345],[-73.915819,-71.269344],[-73.230331,-71.15178],[-72.074717,-71.190951],[-71.780962,-70.681473],[-71.72218,-70.309196],[-71.741791,-69.505782],[-71.173815,-69.035475],[-70.253252,-68.87874],[-69.724447,-69.251017],[-69.489422,-69.623346],[-69.058518,-70.074016],[-68.725541,-70.505153],[-68.451346,-70.955823]]],[[[-58.614143,-64.152467],[-59.045073,-64.36801],[-59.789342,-64.211223],[-60.611928,-64.309202],[-61.297416,-64.54433],[-62.0221,-64.799094],[-62.51176,-65.09303],[-62.648858,-65.484942],[-62.590128,-65.857219],[-62.120079,-66.190326],[-62.805567,-66.425505],[-63.74569,-66.503847],[-64.294106,-66.837004],[-64.881693,-67.150474],[-65.508425,-67.58161],[-65.665082,-67.953887],[-65.312545,-68.365335],[-64.783715,-68.678908],[-63.961103,-68.913984],[-63.1973,-69.227556],[-62.785955,-69.619419],[-62.570516,-69.991747],[-62.276736,-70.383661],[-61.806661,-70.716768],[-61.512906,-71.089045],[-61.375809,-72.010074],[-61.081977,-72.382351],[-61.003661,-72.774265],[-60.690269,-73.166179],[-60.827367,-73.695242],[-61.375809,-74.106742],[-61.96337,-74.439848],[-63.295201,-74.576997],[-63.74569,-74.92974],[-64.352836,-75.262847],[-65.860987,-75.635124],[-67.192818,-75.79191],[-68.446282,-76.007452],[-69.797724,-76.222995],[-70.600724,-76.634494],[-72.206776,-76.673665],[-73.969536,-76.634494],[-75.555977,-76.712887],[-77.24037,-76.712887],[-76.926979,-77.104802],[-75.399294,-77.28107],[-74.282876,-77.55542],[-73.656119,-77.908112],[-74.772536,-78.221633],[-76.4961,-78.123654],[-77.925858,-78.378419],[-77.984666,-78.789918],[-78.023785,-79.181833],[-76.848637,-79.514939],[-76.633224,-79.887216],[-75.360097,-80.259545],[-73.244852,-80.416331],[-71.442946,-80.69063],[-70.013163,-81.004151],[-68.191646,-81.317672],[-65.704279,-81.474458],[-63.25603,-81.748757],[-61.552026,-82.042692],[-59.691416,-82.37585],[-58.712121,-82.846106],[-58.222487,-83.218434],[-57.008117,-82.865691],[-55.362894,-82.571755],[-53.619771,-82.258235],[-51.543644,-82.003521],[-49.76135,-81.729171],[-47.273931,-81.709586],[-44.825708,-81.846735],[-42.808363,-82.081915],[-42.16202,-81.65083],[-40.771433,-81.356894],[-38.244818,-81.337309],[-36.26667,-81.121715],[-34.386397,-80.906172],[-32.310296,-80.769023],[-30.097098,-80.592651],[-28.549802,-80.337938],[-29.254901,-79.985195],[-29.685805,-79.632503],[-29.685805,-79.260226],[-31.624808,-79.299397],[-33.681324,-79.456132],[-35.639912,-79.456132],[-35.914107,-79.083855],[-35.77701,-78.339248],[-35.326546,-78.123654],[-33.896763,-77.888526],[-32.212369,-77.65345],[-30.998051,-77.359515],[-29.783732,-77.065579],[-28.882779,-76.673665],[-27.511752,-76.497345],[-26.160336,-76.360144],[-25.474822,-76.281803],[-23.927552,-76.24258],[-22.458598,-76.105431],[-21.224694,-75.909474],[-20.010375,-75.674346],[-18.913543,-75.439218],[-17.522982,-75.125698],[-16.641589,-74.79254],[-15.701491,-74.498604],[-15.40771,-74.106742],[-16.46532,-73.871614],[-16.112784,-73.460114],[-15.446855,-73.146542],[-14.408805,-72.950585],[-13.311973,-72.715457],[-12.293508,-72.401936],[-11.510067,-72.010074],[-11.020433,-71.539767],[-10.295774,-71.265416],[-9.101015,-71.324224],[-8.611381,-71.65733],[-7.416622,-71.696501],[-7.377451,-71.324224],[-6.868232,-70.93231],[-5.790985,-71.030289],[-5.536375,-71.402617],[-4.341667,-71.461373],[-3.048981,-71.285053],[-1.795492,-71.167438],[-0.659489,-71.226246],[-0.228637,-71.637745],[0.868195,-71.304639],[1.886686,-71.128267],[3.022638,-70.991118],[4.139055,-70.853917],[5.157546,-70.618789],[6.273912,-70.462055],[7.13572,-70.246512],[7.742866,-69.893769],[8.48711,-70.148534],[9.525135,-70.011333],[10.249845,-70.48164],[10.817821,-70.834332],[11.953824,-70.638375],[12.404287,-70.246512],[13.422778,-69.972162],[14.734998,-70.030918],[15.126757,-70.403247],[15.949342,-70.030918],[17.026589,-69.913354],[18.201711,-69.874183],[19.259373,-69.893769],[20.375739,-70.011333],[21.452985,-70.07014],[21.923034,-70.403247],[22.569403,-70.697182],[23.666184,-70.520811],[24.841357,-70.48164],[25.977309,-70.48164],[27.093726,-70.462055],[28.09258,-70.324854],[29.150242,-70.20729],[30.031583,-69.93294],[30.971733,-69.75662],[31.990172,-69.658641],[32.754053,-69.384291],[33.302443,-68.835642],[33.870419,-68.502588],[34.908495,-68.659271],[35.300202,-69.012014],[36.16201,-69.247142],[37.200035,-69.168748],[37.905108,-69.52144],[38.649404,-69.776205],[39.667894,-69.541077],[40.020431,-69.109941],[40.921358,-68.933621],[41.959434,-68.600514],[42.938702,-68.463313],[44.113876,-68.267408],[44.897291,-68.051866],[45.719928,-67.816738],[46.503343,-67.601196],[47.44344,-67.718759],[48.344419,-67.366068],[48.990736,-67.091718],[49.930885,-67.111303],[50.753471,-66.876175],[50.949325,-66.523484],[51.791547,-66.249133],[52.614133,-66.053176],[53.613038,-65.89639],[54.53355,-65.818049],[55.414943,-65.876805],[56.355041,-65.974783],[57.158093,-66.249133],[57.255968,-66.680218],[58.137361,-67.013324],[58.744508,-67.287675],[59.939318,-67.405239],[60.605221,-67.679589],[61.427806,-67.953887],[62.387489,-68.012695],[63.19049,-67.816738],[64.052349,-67.405239],[64.992447,-67.620729],[65.971715,-67.738345],[66.911864,-67.855909],[67.891133,-67.934302],[68.890038,-67.934302],[69.712624,-68.972791],[69.673453,-69.227556],[69.555941,-69.678226],[68.596258,-69.93294],[67.81274,-70.305268],[67.949889,-70.697182],[69.066307,-70.677545],[68.929157,-71.069459],[68.419989,-71.441788],[67.949889,-71.853287],[68.71377,-72.166808],[69.869307,-72.264787],[71.024895,-72.088415],[71.573285,-71.696501],[71.906288,-71.324224],[72.454627,-71.010703],[73.08141,-70.716768],[73.33602,-70.364024],[73.864877,-69.874183],[74.491557,-69.776205],[75.62756,-69.737034],[76.626465,-69.619419],[77.644904,-69.462684],[78.134539,-69.07077],[78.428371,-68.698441],[79.113859,-68.326216],[80.093127,-68.071503],[80.93535,-67.875546],[81.483792,-67.542388],[82.051767,-67.366068],[82.776426,-67.209282],[83.775331,-67.30726],[84.676206,-67.209282],[85.655527,-67.091718],[86.752359,-67.150474],[87.477017,-66.876175],[87.986289,-66.209911],[88.358411,-66.484261],[88.828408,-66.954568],[89.67063,-67.150474],[90.630365,-67.228867],[91.5901,-67.111303],[92.608539,-67.189696],[93.548637,-67.209282],[94.17542,-67.111303],[95.017591,-67.170111],[95.781472,-67.385653],[96.682399,-67.248504],[97.759646,-67.248504],[98.68021,-67.111303],[99.718182,-67.248504],[100.384188,-66.915346],[100.893356,-66.58224],[101.578896,-66.30789],[102.832411,-65.563284],[103.478676,-65.700485],[104.242557,-65.974783],[104.90846,-66.327527],[106.181561,-66.934931],[107.160881,-66.954568],[108.081393,-66.954568],[109.15864,-66.837004],[110.235835,-66.699804],[111.058472,-66.425505],[111.74396,-66.13157],[112.860378,-66.092347],[113.604673,-65.876805],[114.388088,-66.072762],[114.897308,-66.386283],[115.602381,-66.699804],[116.699161,-66.660633],[117.384701,-66.915346],[118.57946,-67.170111],[119.832924,-67.268089],[120.871,-67.189696],[121.654415,-66.876175],[122.320369,-66.562654],[123.221296,-66.484261],[124.122274,-66.621462],[125.160247,-66.719389],[126.100396,-66.562654],[127.001427,-66.562654],[127.882768,-66.660633],[128.80328,-66.758611],[129.704259,-66.58224],[130.781454,-66.425505],[131.799945,-66.386283],[132.935896,-66.386283],[133.85646,-66.288304],[134.757387,-66.209963],[135.031582,-65.72007],[135.070753,-65.308571],[135.697485,-65.582869],[135.873805,-66.033591],[136.206705,-66.44509],[136.618049,-66.778197],[137.460271,-66.954568],[138.596223,-66.895761],[139.908442,-66.876175],[140.809421,-66.817367],[142.121692,-66.817367],[143.061842,-66.797782],[144.374061,-66.837004],[145.490427,-66.915346],[146.195552,-67.228867],[145.999699,-67.601196],[146.646067,-67.895131],[147.723263,-68.130259],[148.839629,-68.385024],[150.132314,-68.561292],[151.483705,-68.71813],[152.502247,-68.874813],[153.638199,-68.894502],[154.284567,-68.561292],[155.165857,-68.835642],[155.92979,-69.149215],[156.811132,-69.384291],[158.025528,-69.482269],[159.181013,-69.599833],[159.670699,-69.991747],[160.80665,-70.226875],[161.570479,-70.579618],[162.686897,-70.736353],[163.842434,-70.716768],[164.919681,-70.775524],[166.11444,-70.755938],[167.309095,-70.834332],[168.425616,-70.971481],[169.463589,-71.20666],[170.501665,-71.402617],[171.20679,-71.696501],[171.089227,-72.088415],[170.560422,-72.441159],[170.109958,-72.891829],[169.75737,-73.24452],[169.287321,-73.65602],[167.975101,-73.812806],[167.387489,-74.165498],[166.094803,-74.38104],[165.644391,-74.772954],[164.958851,-75.145283],[164.234193,-75.458804],[163.822797,-75.870303],[163.568239,-76.24258],[163.47026,-76.693302],[163.489897,-77.065579],[164.057873,-77.457442],[164.273363,-77.82977],[164.743464,-78.182514],[166.604126,-78.319611],[166.995781,-78.750748],[165.193876,-78.907483],[163.666217,-79.123025],[161.766385,-79.162248],[160.924162,-79.730482],[160.747894,-80.200737],[160.316964,-80.573066],[159.788211,-80.945395],[161.120016,-81.278501],[161.629287,-81.690001],[162.490992,-82.062278],[163.705336,-82.395435],[165.095949,-82.708956],[166.604126,-83.022477],[168.895665,-83.335998],[169.404782,-83.825891],[172.283934,-84.041433],[172.477049,-84.117914],[173.224083,-84.41371],[175.985672,-84.158997],[178.277212,-84.472518],[180,-84.71338],[-179.942499,-84.721443],[-179.058677,-84.139412],[-177.256772,-84.452933],[-177.140807,-84.417941],[-176.084673,-84.099259],[-175.947235,-84.110449],[-175.829882,-84.117914],[-174.382503,-84.534323],[-173.116559,-84.117914],[-172.889106,-84.061019],[-169.951223,-83.884647],[-168.999989,-84.117914],[-168.530199,-84.23739],[-167.022099,-84.570497],[-164.182144,-84.82521],[-161.929775,-85.138731],[-158.07138,-85.37391],[-155.192253,-85.09956],[-150.942099,-85.295517],[-148.533073,-85.609038],[-145.888918,-85.315102],[-143.107718,-85.040752],[-142.892279,-84.570497],[-146.829068,-84.531274],[-150.060732,-84.296146],[-150.902928,-83.904232],[-153.586201,-83.68869],[-153.409907,-83.23802],[-153.037759,-82.82652],[-152.665637,-82.454192],[-152.861517,-82.042692],[-154.526299,-81.768394],[-155.29018,-81.41565],[-156.83745,-81.102129],[-154.408787,-81.160937],[-152.097662,-81.004151],[-150.648293,-81.337309],[-148.865998,-81.043373],[-147.22075,-80.671045],[-146.417749,-80.337938],[-146.770286,-79.926439],[-148.062947,-79.652089],[-149.531901,-79.358205],[-151.588416,-79.299397],[-153.390322,-79.162248],[-155.329376,-79.064269],[-155.975668,-78.69194],[-157.268302,-78.378419],[-158.051768,-78.025676],[-158.365134,-76.889207],[-157.875474,-76.987238],[-156.974573,-77.300759],[-155.329376,-77.202728],[-153.742832,-77.065579],[-152.920247,-77.496664],[-151.33378,-77.398737],[-150.00195,-77.183143],[-148.748486,-76.908845],[-147.612483,-76.575738],[-146.104409,-76.47776],[-146.143528,-76.105431],[-146.496091,-75.733154],[-146.20231,-75.380411],[-144.909624,-75.204039],[-144.322037,-75.537197],[-142.794353,-75.34124],[-141.638764,-75.086475],[-140.209007,-75.06689],[-138.85759,-74.968911],[-137.5062,-74.733783],[-136.428901,-74.518241],[-135.214583,-74.302699],[-134.431194,-74.361455],[-133.745654,-74.439848],[-132.257168,-74.302699],[-130.925311,-74.479019],[-129.554284,-74.459433],[-128.242038,-74.322284],[-126.890622,-74.420263],[-125.402082,-74.518241],[-124.011496,-74.479019],[-122.562152,-74.498604],[-121.073613,-74.518241],[-119.70256,-74.479019],[-118.684145,-74.185083],[-117.469801,-74.028348],[-116.216312,-74.243891],[-115.021552,-74.067519],[-113.944331,-73.714828],[-113.297988,-74.028348],[-112.945452,-74.38104],[-112.299083,-74.714198],[-111.261059,-74.420263],[-110.066325,-74.79254],[-108.714909,-74.910103],[-107.559346,-75.184454],[-106.149148,-75.125698],[-104.876074,-74.949326],[-103.367949,-74.988497],[-102.016507,-75.125698],[-100.645531,-75.302018],[-100.1167,-74.870933],[-100.763043,-74.537826],[-101.252703,-74.185083],[-102.545337,-74.106742],[-103.113313,-73.734413],[-103.328752,-73.362084],[-103.681289,-72.61753],[-102.917485,-72.754679],[-101.60524,-72.813436],[-100.312528,-72.754679],[-99.13738,-72.911414],[-98.118889,-73.20535],[-97.688037,-73.558041],[-96.336595,-73.616849],[-95.043961,-73.4797],[-93.672907,-73.283743],[-92.439003,-73.166179],[-91.420564,-73.401307],[-90.088733,-73.322914],[-89.226951,-72.558722],[-88.423951,-73.009393],[-87.268337,-73.185764],[-86.014822,-73.087786],[-85.192236,-73.4797],[-83.879991,-73.518871],[-82.665646,-73.636434],[-81.470913,-73.851977],[-80.687447,-73.4797],[-80.295791,-73.126956],[-79.296886,-73.518871],[-77.925858,-73.420892],[-76.907367,-73.636434],[-76.221879,-73.969541],[-74.890049,-73.871614],[-73.852024,-73.65602],[-72.833533,-73.401307],[-71.619215,-73.264157],[-70.209042,-73.146542],[-68.935916,-73.009393],[-67.956622,-72.79385],[-67.369061,-72.480329],[-67.134036,-72.049244],[-67.251548,-71.637745],[-67.56494,-71.245831],[-67.917477,-70.853917],[-68.230843,-70.462055],[-68.485452,-70.109311],[-68.544209,-69.717397],[-68.446282,-69.325535],[-67.976233,-68.953206],[-67.5845,-68.541707],[-67.427843,-68.149844],[-67.62367,-67.718759],[-67.741183,-67.326845],[-67.251548,-66.876175],[-66.703184,-66.58224],[-66.056815,-66.209963],[-65.371327,-65.89639],[-64.568276,-65.602506],[-64.176542,-65.171423],[-63.628152,-64.897073],[-63.001394,-64.642308],[-62.041686,-64.583552],[-61.414928,-64.270031],[-60.709855,-64.074074],[-59.887269,-63.95651],[-59.162585,-63.701745],[-58.594557,-63.388224],[-57.811143,-63.27066],[-57.223582,-63.525425],[-57.59573,-63.858532],[-58.614143,-64.152467]]]]}},
{"type":"Feature","id":"ATF","cc":"TF","properties":{"name":"French Southern Territories"},"geometry":{"type":"Polygon","coordinates":[[[68.935,-48.625],[69.58,-48.94],[70.525,-49.065],[70.56,-49.255],[70.28,-49.71],[68.745,-49.775],[68.72,-49.2425],[68.8675,-48.83],[68.935,-48.625]]]}},
{"type":"Feature","id":"AUS","cc":"AU","properties":{"name":"Australia"},"geometry":{"type":"MultiPolygon","coordinates":[[[[145.397978,-40.792549],[146.364121,-41.137695],[146.908584,-41.000546],[147.689259,-40.808258],[148.289068,-40.875438],[148.359865,-42.062445],[148.017301,-42.407024],[147.914052,-43.211522],[147.564564,-42.937689],[146.870343,-43.634597],[146.663327,-43.580854],[146.048378,-43.549745],[145.43193,-42.693776],[145.29509,-42.03361],[144.718071,-41.162552],[144.743755,-40.703975],[145.397978,-40.792549]]],[[[143.561811,-13.763656],[143.922099,-14.548311],[144.563714,-14.171176],[144.894908,-14.594458],[145.374724,-14.984976],[145.271991,-15.428205],[145.48526,-16.285672],[145.637033,-16.784918],[145.888904,-16.906926],[146.160309,-17.761655],[146.063674,-18.280073],[146.387478,-18.958274],[147.471082,-19.480723],[148.177602,-19.955939],[148.848414,-20.39121],[148.717465,-20.633469],[149.28942,-21.260511],[149.678337,-22.342512],[150.077382,-22.122784],[150.482939,-22.556142],[150.727265,-22.402405],[150.899554,-23.462237],[151.609175,-24.076256],[152.07354,-24.457887],[152.855197,-25.267501],[153.136162,-26.071173],[153.161949,-26.641319],[153.092909,-27.2603],[153.569469,-28.110067],[153.512108,-28.995077],[153.339095,-29.458202],[153.069241,-30.35024],[153.089602,-30.923642],[152.891578,-31.640446],[152.450002,-32.550003],[151.709117,-33.041342],[151.343972,-33.816023],[151.010555,-34.31036],[150.714139,-35.17346],[150.32822,-35.671879],[150.075212,-36.420206],[149.946124,-37.109052],[149.997284,-37.425261],[149.423882,-37.772681],[148.304622,-37.809061],[147.381733,-38.219217],[146.922123,-38.606532],[146.317922,-39.035757],[145.489652,-38.593768],[144.876976,-38.417448],[145.032212,-37.896188],[144.485682,-38.085324],[143.609974,-38.809465],[142.745427,-38.538268],[142.17833,-38.380034],[141.606582,-38.308514],[140.638579,-38.019333],[139.992158,-37.402936],[139.806588,-36.643603],[139.574148,-36.138362],[139.082808,-35.732754],[138.120748,-35.612296],[138.449462,-35.127261],[138.207564,-34.384723],[137.71917,-35.076825],[136.829406,-35.260535],[137.352371,-34.707339],[137.503886,-34.130268],[137.890116,-33.640479],[137.810328,-32.900007],[136.996837,-33.752771],[136.372069,-34.094766],[135.989043,-34.890118],[135.208213,-34.47867],[135.239218,-33.947953],[134.613417,-33.222778],[134.085904,-32.848072],[134.273903,-32.617234],[132.990777,-32.011224],[132.288081,-31.982647],[131.326331,-31.495803],[129.535794,-31.590423],[128.240938,-31.948489],[127.102867,-32.282267],[126.148714,-32.215966],[125.088623,-32.728751],[124.221648,-32.959487],[124.028947,-33.483847],[123.659667,-33.890179],[122.811036,-33.914467],[122.183064,-34.003402],[121.299191,-33.821036],[120.580268,-33.930177],[119.893695,-33.976065],[119.298899,-34.509366],[119.007341,-34.464149],[118.505718,-34.746819],[118.024972,-35.064733],[117.295507,-35.025459],[116.625109,-35.025097],[115.564347,-34.386428],[115.026809,-34.196517],[115.048616,-33.623425],[115.545123,-33.487258],[115.714674,-33.259572],[115.679379,-32.900369],[115.801645,-32.205062],[115.689611,-31.612437],[115.160909,-30.601594],[114.997043,-30.030725],[115.040038,-29.461095],[114.641974,-28.810231],[114.616498,-28.516399],[114.173579,-28.118077],[114.048884,-27.334765],[113.477498,-26.543134],[113.338953,-26.116545],[113.778358,-26.549025],[113.440962,-25.621278],[113.936901,-25.911235],[114.232852,-26.298446],[114.216161,-25.786281],[113.721255,-24.998939],[113.625344,-24.683971],[113.393523,-24.384764],[113.502044,-23.80635],[113.706993,-23.560215],[113.843418,-23.059987],[113.736552,-22.475475],[114.149756,-21.755881],[114.225307,-22.517488],[114.647762,-21.82952],[115.460167,-21.495173],[115.947373,-21.068688],[116.711615,-20.701682],[117.166316,-20.623599],[117.441545,-20.746899],[118.229559,-20.374208],[118.836085,-20.263311],[118.987807,-20.044203],[119.252494,-19.952942],[119.805225,-19.976506],[120.85622,-19.683708],[121.399856,-19.239756],[121.655138,-18.705318],[122.241665,-18.197649],[122.286624,-17.798603],[122.312772,-17.254967],[123.012574,-16.4052],[123.433789,-17.268558],[123.859345,-17.069035],[123.503242,-16.596506],[123.817073,-16.111316],[124.258287,-16.327944],[124.379726,-15.56706],[124.926153,-15.0751],[125.167275,-14.680396],[125.670087,-14.51007],[125.685796,-14.230656],[126.125149,-14.347341],[126.142823,-14.095987],[126.582589,-13.952791],[127.065867,-13.817968],[127.804633,-14.276906],[128.35969,-14.86917],[128.985543,-14.875991],[129.621473,-14.969784],[129.4096,-14.42067],[129.888641,-13.618703],[130.339466,-13.357376],[130.183506,-13.10752],[130.617795,-12.536392],[131.223495,-12.183649],[131.735091,-12.302453],[132.575298,-12.114041],[132.557212,-11.603012],[131.824698,-11.273782],[132.357224,-11.128519],[133.019561,-11.376411],[133.550846,-11.786515],[134.393068,-12.042365],[134.678632,-11.941183],[135.298491,-12.248606],[135.882693,-11.962267],[136.258381,-12.049342],[136.492475,-11.857209],[136.95162,-12.351959],[136.685125,-12.887223],[136.305407,-13.29123],[135.961758,-13.324509],[136.077617,-13.724278],[135.783836,-14.223989],[135.428664,-14.715432],[135.500184,-14.997741],[136.295175,-15.550265],[137.06536,-15.870762],[137.580471,-16.215082],[138.303217,-16.807604],[138.585164,-16.806622],[139.108543,-17.062679],[139.260575,-17.371601],[140.215245,-17.710805],[140.875463,-17.369069],[141.07111,-16.832047],[141.274095,-16.38887],[141.398222,-15.840532],[141.702183,-15.044921],[141.56338,-14.561333],[141.63552,-14.270395],[141.519869,-13.698078],[141.65092,-12.944688],[141.842691,-12.741548],[141.68699,-12.407614],[141.928629,-11.877466],[142.118488,-11.328042],[142.143706,-11.042737],[142.51526,-10.668186],[142.79731,-11.157355],[142.866763,-11.784707],[143.115947,-11.90563],[143.158632,-12.325656],[143.522124,-12.834358],[143.597158,-13.400422],[143.561811,-13.763656]]]]}},
{"type":"Feature","id":"AUT","cc":"AT","properties":{"name":"Austria"},"geometry":{"type":"Polygon","coordinates":[[[16.979667,48.123497],[16.903754,47.714866],[16.340584,47.712902],[16.534268,47.496171],[16.202298,46.852386],[16.011664,46.683611],[15.137092,46.658703],[14.632472,46.431817],[13.806475,46.509306],[12.376485,46.767559],[12.153088,47.115393],[11.164828,46.941579],[11.048556,46.751359],[10.442701,46.893546],[9.932448,46.920728],[9.47997,47.10281],[9.632932,47.347601],[9.594226,47.525058],[9.896068,47.580197],[10.402084,47.302488],[10.544504,47.566399],[11.426414,47.523766],[12.141357,47.703083],[12.62076,47.672388],[12.932627,47.467646],[13.025851,47.637584],[12.884103,48.289146],[13.243357,48.416115],[13.595946,48.877172],[14.338898,48.555305],[14.901447,48.964402],[15.253416,49.039074],[16.029647,48.733899],[16.499283,48.785808],[16.960288,48.596982],[16.879983,48.470013],[16.979667,48.123497]]]}},
{"type":"Feature","id":"AZE","cc":"AZ","properties":{"name":"Azerbaijan"},"geometry":{"type":"MultiPolygon","coordinates":[[[[45.001987,39.740004],[45.298145,39.471751],[45.739978,39.473999],[45.735379,39.319719],[46.143623,38.741201],[45.457722,38.874139],[44.952688,39.335765],[44.79399,39.713003],[45.001987,39.740004]]],[[[47.373315,41.219732],[47.815666,41.151416],[47.987283,41.405819],[48.584353,41.80887],[49.110264,41.282287],[49.618915,40.572924],[50.08483,40.526157],[50.392821,40.256561],[49.569202,40.176101],[49.395259,39.399482],[49.223228,39.049219],[48.856532,38.815486],[48.883249,38.320245],[48.634375,38.270378],[48.010744,38.794015],[48.355529,39.288765],[48.060095,39.582235],[47.685079,39.508364],[46.50572,38.770605],[46.483499,39.464155],[46.034534,39.628021],[45.610012,39.899994],[45.891907,40.218476],[45.359175,40.561504],[45.560351,40.81229],[45.179496,40.985354],[44.97248,41.248129],[45.217426,41.411452],[45.962601,41.123873],[46.501637,41.064445],[46.637908,41.181673],[46.145432,41.722802],[46.404951,41.860675],[46.686071,41.827137],[47.373315,41.219732]]]]}},
{"type":"Feature","id":"BDI","cc":"BI","properties":{"name":"Burundi"},"geometry":{"type":"Polygon","coordinates":[[[29.339998,-4.499983],[29.276384,-3.293907],[29.024926,-2.839258],[29.632176,-2.917858],[29.938359,-2.348487],[30.469696,-2.413858],[30.527677,-2.807632],[30.743013,-3.034285],[30.752263,-3.35933],[30.50556,-3.568567],[30.116333,-4.090138],[29.753512,-4.452389],[29.339998,-4.499983]]]}},
{"type":"Feature","id":"BEL","cc":"BE","properties":{"name":"Belgium"},"geometry":{"type":"Polygon","coordinates":[[[3.314971,51.345781],[4.047071,51.267259],[4.973991,51.475024],[5.606976,51.037298],[6.156658,50.803721],[6.043073,50.128052],[5.782417,50.090328],[5.674052,49.529484],[4.799222,49.985373],[4.286023,49.907497],[3.588184,50.378992],[3.123252,50.780363],[2.658422,50.796848],[2.513573,51.148506],[3.314971,51.345781]]]}},
{"type":"Feature","id":"BEN","cc":"BJ","properties":{"name":"Benin"},"geometry":{"type":"Polygon","coordinates":[[[2.691702,6.258817],[1.865241,6.142158],[1.618951,6.832038],[1.664478,9.12859],[1.463043,9.334624],[1.425061,9.825395],[1.077795,10.175607],[0.772336,10.470808],[0.899563,10.997339],[1.24347,11.110511],[1.447178,11.547719],[1.935986,11.64115],[2.154474,11.94015],[2.490164,12.233052],[2.848643,12.235636],[3.61118,11.660167],[3.572216,11.327939],[3.797112,10.734746],[3.60007,10.332186],[3.705438,10.06321],[3.220352,9.444153],[2.912308,9.137608],[2.723793,8.506845],[2.749063,7.870734],[2.691702,6.258817]]]}},
{"type":"Feature","id":"BFA","cc":"BF","properties":{"name":"Burkina Faso"},"geometry":{"type":"Polygon","coordinates":[[[-2.827496,9.642461],[-3.511899,9.900326],[-3.980449,9.862344],[-4.330247,9.610835],[-4.779884,9.821985],[-4.954653,10.152714],[-5.404342,10.370737],[-5.470565,10.95127],[-5.197843,11.375146],[-5.220942,11.713859],[-4.427166,12.542646],[-4.280405,13.228444],[-4.006391,13.472485],[-3.522803,13.337662],[-3.103707,13.541267],[-2.967694,13.79815],[-2.191825,14.246418],[-2.001035,14.559008],[-1.066363,14.973815],[-0.515854,15.116158],[-0.266257,14.924309],[0.374892,14.928908],[0.295646,14.444235],[0.429928,13.988733],[0.993046,13.33575],[1.024103,12.851826],[2.177108,12.625018],[2.154474,11.94015],[1.935986,11.64115],[1.447178,11.547719],[1.24347,11.110511],[0.899563,10.997339],[0.023803,11.018682],[-0.438702,11.098341],[-0.761576,10.93693],[-1.203358,11.009819],[-2.940409,10.96269],[-2.963896,10.395335],[-2.827496,9.642461]]]}},
{"type":"Feature","id":"BGD","cc":"BD","properties":{"name":"Bangladesh"},"geometry":{"type":"Polygon","coordinates":[[[92.672721,22.041239],[92.652257,21.324048],[92.303234,21.475485],[92.368554,20.670883],[92.082886,21.192195],[92.025215,21.70157],[91.834891,22.182936],[91.417087,22.765019],[90.496006,22.805017],[90.586957,22.392794],[90.272971,21.836368],[89.847467,22.039146],[89.70205,21.857116],[89.418863,21.966179],[89.031961,22.055708],[88.876312,22.879146],[88.52977,23.631142],[88.69994,24.233715],[88.084422,24.501657],[88.306373,24.866079],[88.931554,25.238692],[88.209789,25.768066],[88.563049,26.446526],[89.355094,26.014407],[89.832481,25.965082],[89.920693,25.26975],[90.872211,25.132601],[91.799596,25.147432],[92.376202,24.976693],[91.915093,24.130414],[91.46773,24.072639],[91.158963,23.503527],[91.706475,22.985264],[91.869928,23.624346],[92.146035,23.627499],[92.672721,22.041239]]]}},
{"type":"Feature","id":"BGR","cc":"BG","properties":{"name":"Bulgaria"},"geometry":{"type":"Polygon","coordinates":[[[22.65715,44.234923],[22.944832,43.823785],[23.332302,43.897011],[24.100679,43.741051],[25.569272,43.688445],[26.065159,43.943494],[27.2424,44.175986],[27.970107,43.812468],[28.558081,43.707462],[28.039095,43.293172],[27.673898,42.577892],[27.99672,42.007359],[27.135739,42.141485],[26.117042,41.826905],[26.106138,41.328899],[25.197201,41.234486],[24.492645,41.583896],[23.692074,41.309081],[22.952377,41.337994],[22.881374,41.999297],[22.380526,42.32026],[22.545012,42.461362],[22.436595,42.580321],[22.604801,42.898519],[22.986019,43.211161],[22.500157,43.642814],[22.410446,44.008063],[22.65715,44.234923]]]}},
{"type":"Feature","id":"BHS","cc":"BS","properties":{"name":"Bahamas"},"geometry":{"type":"MultiPolygon","coordinates":[[[[-77.53466,23.75975],[-77.78,23.71],[-78.03405,24.28615],[-78.40848,24.57564],[-78.19087,25.2103],[-77.89,25.17],[-77.54,24.34],[-77.53466,23.75975]]],[[[-77.82,26.58],[-78.91,26.42],[-78.98,26.79],[-78.51,26.87],[-77.85,26.84],[-77.82,26.58]]],[[[-77,26.59],[-77.17255,25.87918],[-77.35641,26.00735],[-77.34,26.53],[-77.78802,26.92516],[-77.79,27.04],[-77,26.59]]]]}},
{"type":"Feature","id":"BIH","cc":"BA","properties":{"name":"Bosnia and Herzegovina"},"geometry":{"type":"Polygon","coordinates":[[[19.005486,44.860234],[19.36803,44.863],[19.11761,44.42307],[19.59976,44.03847],[19.454,43.5681],[19.21852,43.52384],[19.03165,43.43253],[18.70648,43.20011],[18.56,42.65],[17.674922,43.028563],[17.297373,43.446341],[16.916156,43.667722],[16.456443,44.04124],[16.23966,44.351143],[15.750026,44.818712],[15.959367,45.233777],[16.318157,45.004127],[16.534939,45.211608],[17.002146,45.233777],[17.861783,45.06774],[18.553214,45.08159],[19.005486,44.860234]]]}},
{"type":"Feature","id":"BLR","cc":"BY","properties":{"name":"Belarus"},"geometry":{"type":"Polygon","coordinates":[[[23.484128,53.912498],[24.450684,53.905702],[25.536354,54.282423],[25.768433,54.846963],[26.588279,55.167176],[26.494331,55.615107],[27.10246,55.783314],[28.176709,56.16913],[29.229513,55.918344],[29.371572,55.670091],[29.896294,55.789463],[30.873909,55.550976],[30.971836,55.081548],[30.757534,54.811771],[31.384472,54.157056],[31.791424,53.974639],[31.731273,53.794029],[32.405599,53.618045],[32.693643,53.351421],[32.304519,53.132726],[31.497644,53.167427],[31.305201,53.073996],[31.540018,52.742052],[31.785998,52.101678],[30.927549,52.042353],[30.619454,51.822806],[30.555117,51.319503],[30.157364,51.416138],[29.254938,51.368234],[28.992835,51.602044],[28.617613,51.427714],[28.241615,51.572227],[27.454066,51.592303],[26.337959,51.832289],[25.327788,51.910656],[24.553106,51.888461],[24.005078,51.617444],[23.527071,51.578454],[23.508002,52.023647],[23.199494,52.486977],[23.799199,52.691099],[23.804935,53.089731],[23.527536,53.470122],[23.484128,53.912498]]]}},
{"type":"Feature","id":"BLZ","cc":"BZ","properties":{"name":"Belize"},"geometry":{"type":"Polygon","coordinates":[[[-89.14308,17.808319],[-89.150909,17.955468],[-89.029857,18.001511],[-88.848344,17.883198],[-88.490123,18.486831],[-88.300031,18.499982],[-88.296336,18.353273],[-88.106813,18.348674],[-88.123479,18.076675],[-88.285355,17.644143],[-88.197867,17.489475],[-88.302641,17.131694],[-88.239518,17.036066],[-88.355428,16.530774],[-88.551825,16.265467],[-88.732434,16.233635],[-88.930613,15.887273],[-89.229122,15.886938],[-89.150806,17.015577],[-89.14308,17.808319]]]}},
{"type":"Feature","id":"BMU","cc":"BM","properties":{"name":"Bermuda"},"geometry":{"type":"Polygon","coordinates":[[[-64.7799734332998,32.3072000581802],[-64.7873319183061,32.3039237143428],[-64.7946942710173,32.3032682700388],[-64.8094297981283,32.3098175728414],[-64.8167896352437,32.3058845718466],[-64.8101968029642,32.3022833180511],[-64.7962291465484,32.2934409732427],[-64.7815086336978,32.2868973114514],[-64.7997025513437,32.2796896417328],[-64.8066707691087,32.2747767569465],[-64.8225587873683,32.2669111289395],[-64.8287548840306,32.2669075473817],[-64.8306732143498,32.2583944840235],[-64.8399924854972,32.254782282336],[-64.8566090462354,32.2547740387514],[-64.8682296789446,32.2616393614322],[-64.8628241459563,32.2724481933959],[-64.8748651338951,32.2757120264753],[-64.8717752856644,32.2819371582026],[-64.8671422127295,32.2930760547989],[-64.8559068764437,32.2960321186471],[-64.8597429072279,32.3015842021933],[-64.8439233486717,32.3140553852543],[-64.8350242329311,32.3242161760006],[-64.8338690593672,32.3294587561557],[-64.8520298651164,32.3110911879954],[-64.8635922932573,32.3048469433363],[-64.8686668994079,32.30910745083],[-64.8721354593415,32.3041908606301],[-64.8779667328485,32.3038632800462],[-64.8780046844321,32.2907757831692],[-64.8849776658292,32.2819261366004],[-64.8783230004629,32.2613001418681],[-64.863194968877,32.2465799485801],[-64.8519819555722,32.2485519134663],[-64.842311980074,32.2492123317296],[-64.8388242605209,32.2475773472534],[-64.8334002575532,32.2462714714698],[-64.8256389530584,32.2472637398594],[-64.8205697556026,32.2531698880328],[-64.8105087275579,32.2561208974156],[-64.7900177727338,32.2659446936992],[-64.7745415970416,32.2718413023427],[-64.7644742436426,32.2855931353214],[-64.7551803442276,32.2908326702531],[-64.7423982971436,32.2996734994024],[-64.7206991797682,32.3137542201258],[-64.7117851247134,32.3176823360806],[-64.6962778813133,32.3275029115532],[-64.6768921127452,32.3324095397555],[-64.6567136927777,32.3451776458469],[-64.6532168823499,32.3494356627941],[-64.6605720384429,32.3589423487763],[-64.65125819471,32.3615600906466],[-64.6462011670816,32.36975169749],[-64.6613227512832,32.3763135008721],[-64.6690666074397,32.388444543924],[-64.6834270548595,32.3854968316788],[-64.6954617672714,32.3763221285869],[-64.70438689565,32.3704254760469],[-64.7117569982798,32.368132600249],[-64.7061764744404,32.3600110593559],[-64.700531552697,32.3590601356818],[-64.6940348033967,32.3640708659835],[-64.6895164826082,32.3633598579866],[-64.6864150099255,32.3547797587266],[-64.6824635995504,32.3540628176846],[-64.6835876652835,32.3626447677968],[-64.6801998697415,32.3631199096979],[-64.6672170444687,32.3597751617473],[-64.6598811264978,32.3497625771755],[-64.6737331235384,32.3390281851635],[-64.6887090648183,32.3342439408053],[-64.706732854446,32.3429010723036],[-64.7149301576112,32.3552188753513],[-64.7185967666669,32.3552239212394],[-64.7214189847314,32.3518830231342],[-64.7270616067222,32.3466461715475],[-64.734962460882,32.3442819830499],[-64.7383521549094,32.3407216514918],[-64.7411729976333,32.3311790864627],[-64.7423019216485,32.323311561213],[-64.7462482354281,32.318538611581],[-64.7566773739613,32.3130509130175],[-64.768738200563,32.3088369816572],[-64.7799734332998,32.3072000581802]]]}},
{"type":"Feature","id":"BOL","cc":"BO","properties":{"name":"Bolivia"},"geometry":{"type":"Polygon","coordinates":[[[-62.846468,-22.034985],[-63.986838,-21.993644],[-64.377021,-22.798091],[-64.964892,-22.075862],[-66.273339,-21.83231],[-67.106674,-22.735925],[-67.82818,-22.872919],[-68.219913,-21.494347],[-68.757167,-20.372658],[-68.442225,-19.405068],[-68.966818,-18.981683],[-69.100247,-18.260125],[-69.590424,-17.580012],[-68.959635,-16.500698],[-69.389764,-15.660129],[-69.160347,-15.323974],[-69.339535,-14.953195],[-68.948887,-14.453639],[-68.929224,-13.602684],[-68.88008,-12.899729],[-68.66508,-12.5613],[-69.529678,-10.951734],[-68.786158,-11.03638],[-68.271254,-11.014521],[-68.048192,-10.712059],[-67.173801,-10.306812],[-66.646908,-9.931331],[-65.338435,-9.761988],[-65.444837,-10.511451],[-65.321899,-10.895872],[-65.402281,-11.56627],[-64.316353,-12.461978],[-63.196499,-12.627033],[-62.80306,-13.000653],[-62.127081,-13.198781],[-61.713204,-13.489202],[-61.084121,-13.479384],[-60.503304,-13.775955],[-60.459198,-14.354007],[-60.264326,-14.645979],[-60.251149,-15.077219],[-60.542966,-15.09391],[-60.15839,-16.258284],[-58.24122,-16.299573],[-58.388058,-16.877109],[-58.280804,-17.27171],[-57.734558,-17.552468],[-57.498371,-18.174188],[-57.676009,-18.96184],[-57.949997,-19.400004],[-57.853802,-19.969995],[-58.166392,-20.176701],[-58.183471,-19.868399],[-59.115042,-19.356906],[-60.043565,-19.342747],[-61.786326,-19.633737],[-62.265961,-20.513735],[-62.291179,-21.051635],[-62.685057,-22.249029],[-62.846468,-22.034985]]]}},
{"type":"Feature","id":"BRA","cc":"BR","properties":{"name":"Brazil"},"geometry":{"type":"Polygon","coordinates":[[[-57.625133,-30.216295],[-56.2909,-28.852761],[-55.162286,-27.881915],[-54.490725,-27.474757],[-53.648735,-26.923473],[-53.628349,-26.124865],[-54.13005,-25.547639],[-54.625291,-25.739255],[-54.428946,-25.162185],[-54.293476,-24.5708],[-54.29296,-24.021014],[-54.652834,-23.839578],[-55.027902,-24.001274],[-55.400747,-23.956935],[-55.517639,-23.571998],[-55.610683,-22.655619],[-55.797958,-22.35693],[-56.473317,-22.0863],[-56.88151,-22.282154],[-57.937156,-22.090176],[-57.870674,-20.732688],[-58.166392,-20.176701],[-57.853802,-19.969995],[-57.949997,-19.400004],[-57.676009,-18.96184],[-57.498371,-18.174188],[-57.734558,-17.552468],[-58.280804,-17.27171],[-58.388058,-16.877109],[-58.24122,-16.299573],[-60.15839,-16.258284],[-60.542966,-15.09391],[-60.251149,-15.077219],[-60.264326,-14.645979],[-60.459198,-14.354007],[-60.503304,-13.775955],[-61.084121,-13.479384],[-61.713204,-13.489202],[-62.127081,-13.198781],[-62.80306,-13.000653],[-63.196499,-12.627033],[-64.316353,-12.461978],[-65.402281,-11.56627],[-65.321899,-10.895872],[-65.444837,-10.511451],[-65.338435,-9.761988],[-66.646908,-9.931331],[-67.173801,-10.306812],[-68.048192,-10.712059],[-68.271254,-11.014521],[-68.786158,-11.03638],[-69.529678,-10.951734],[-70.093752,-11.123972],[-70.548686,-11.009147],[-70.481894,-9.490118],[-71.302412,-10.079436],[-72.184891,-10.053598],[-72.563033,-9.520194],[-73.226713,-9.462213],[-73.015383,-9.032833],[-73.571059,-8.424447],[-73.987235,-7.52383],[-73.723401,-7.340999],[-73.724487,-6.918595],[-73.120027,-6.629931],[-73.219711,-6.089189],[-72.964507,-5.741251],[-72.891928,-5.274561],[-71.748406,-4.593983],[-70.928843,-4.401591],[-70.794769,-4.251265],[-69.893635,-4.298187],[-69.444102,-1.556287],[-69.420486,-1.122619],[-69.577065,-0.549992],[-70.020656,-0.185156],[-70.015566,0.541414],[-69.452396,0.706159],[-69.252434,0.602651],[-69.218638,0.985677],[-69.804597,1.089081],[-69.816973,1.714805],[-67.868565,1.692455],[-67.53781,2.037163],[-67.259998,1.719999],[-67.065048,1.130112],[-66.876326,1.253361],[-66.325765,0.724452],[-65.548267,0.789254],[-65.354713,1.095282],[-64.611012,1.328731],[-64.199306,1.492855],[-64.083085,1.916369],[-63.368788,2.2009],[-63.422867,2.411068],[-64.269999,2.497006],[-64.408828,3.126786],[-64.368494,3.79721],[-64.816064,4.056445],[-64.628659,4.148481],[-63.888343,4.02053],[-63.093198,3.770571],[-62.804533,4.006965],[-62.08543,4.162124],[-60.966893,4.536468],[-60.601179,4.918098],[-60.733574,5.200277],[-60.213683,5.244486],[-59.980959,5.014061],[-60.111002,4.574967],[-59.767406,4.423503],[-59.53804,3.958803],[-59.815413,3.606499],[-59.974525,2.755233],[-59.718546,2.24963],[-59.646044,1.786894],[-59.030862,1.317698],[-58.540013,1.268088],[-58.429477,1.463942],[-58.11345,1.507195],[-57.660971,1.682585],[-57.335823,1.948538],[-56.782704,1.863711],[-56.539386,1.899523],[-55.995698,1.817667],[-55.9056,2.021996],[-56.073342,2.220795],[-55.973322,2.510364],[-55.569755,2.421506],[-55.097587,2.523748],[-54.524754,2.311849],[-54.088063,2.105557],[-53.778521,2.376703],[-53.554839,2.334897],[-53.418465,2.053389],[-52.939657,2.124858],[-52.556425,2.504705],[-52.249338,3.241094],[-51.657797,4.156232],[-51.317146,4.203491],[-51.069771,3.650398],[-50.508875,1.901564],[-49.974076,1.736483],[-49.947101,1.04619],[-50.699251,0.222984],[-50.388211,-0.078445],[-48.620567,-0.235489],[-48.584497,-1.237805],[-47.824956,-0.581618],[-46.566584,-0.941028],[-44.905703,-1.55174],[-44.417619,-2.13775],[-44.581589,-2.691308],[-43.418791,-2.38311],[-41.472657,-2.912018],[-39.978665,-2.873054],[-38.500383,-3.700652],[-37.223252,-4.820946],[-36.452937,-5.109404],[-35.597796,-5.149504],[-35.235389,-5.464937],[-34.89603,-6.738193],[-34.729993,-7.343221],[-35.128212,-8.996401],[-35.636967,-9.649282],[-37.046519,-11.040721],[-37.683612,-12.171195],[-38.423877,-13.038119],[-38.673887,-13.057652],[-38.953276,-13.79337],[-38.882298,-15.667054],[-39.161092,-17.208407],[-39.267339,-17.867746],[-39.583521,-18.262296],[-39.760823,-19.599113],[-40.774741,-20.904512],[-40.944756,-21.937317],[-41.754164,-22.370676],[-41.988284,-22.97007],[-43.074704,-22.967693],[-44.647812,-23.351959],[-45.352136,-23.796842],[-46.472093,-24.088969],[-47.648972,-24.885199],[-48.495458,-25.877025],[-48.641005,-26.623698],[-48.474736,-27.175912],[-48.66152,-28.186135],[-48.888457,-28.674115],[-49.587329,-29.224469],[-50.696874,-30.984465],[-51.576226,-31.777698],[-52.256081,-32.24537],[-52.7121,-33.196578],[-53.373662,-33.768378],[-53.650544,-33.202004],[-53.209589,-32.727666],[-53.787952,-32.047243],[-54.572452,-31.494511],[-55.60151,-30.853879],[-55.973245,-30.883076],[-56.976026,-30.109686],[-57.625133,-30.216295]]]}},
{"type":"Feature","id":"BRN","cc":"BN","properties":{"name":"Brunei"},"geometry":{"type":"Polygon","coordinates":[[[114.204017,4.525874],[114.599961,4.900011],[115.45071,5.44773],[115.4057,4.955228],[115.347461,4.316636],[114.869557,4.348314],[114.659596,4.007637],[114.204017,4.525874]]]}},
{"type":"Feature","id":"BTN","cc":"BT","properties":{"name":"Bhutan"},"geometry":{"type":"Polygon","coordinates":[[[91.696657,27.771742],[92.103712,27.452614],[92.033484,26.83831],[91.217513,26.808648],[90.373275,26.875724],[89.744528,26.719403],[88.835643,27.098966],[88.814248,27.299316],[89.47581,28.042759],[90.015829,28.296439],[90.730514,28.064954],[91.258854,28.040614],[91.696657,27.771742]]]}},
{"type":"Feature","id":"BWA","cc":"BW","properties":{"name":"Botswana"},"geometry":{"type":"Polygon","coordinates":[[[25.649163,-18.536026],[25.850391,-18.714413],[26.164791,-19.293086],[27.296505,-20.39152],[27.724747,-20.499059],[27.727228,-20.851802],[28.02137,-21.485975],[28.794656,-21.639454],[29.432188,-22.091313],[28.017236,-22.827754],[27.11941,-23.574323],[26.786407,-24.240691],[26.485753,-24.616327],[25.941652,-24.696373],[25.765849,-25.174845],[25.664666,-25.486816],[25.025171,-25.71967],[24.211267,-25.670216],[23.73357,-25.390129],[23.312097,-25.26869],[22.824271,-25.500459],[22.579532,-25.979448],[22.105969,-26.280256],[21.605896,-26.726534],[20.889609,-26.828543],[20.66647,-26.477453],[20.758609,-25.868136],[20.165726,-24.917962],[19.895768,-24.76779],[19.895458,-21.849157],[20.881134,-21.814327],[20.910641,-18.252219],[21.65504,-18.219146],[23.196858,-17.869038],[23.579006,-18.281261],[24.217365,-17.889347],[24.520705,-17.887125],[25.084443,-17.661816],[25.264226,-17.73654],[25.649163,-18.536026]]]}},
{"type":"Feature","id":"CAF","cc":"CF","properties":{"name":"Central African Republic"},"geometry":{"type":"Polygon","coordinates":[[[15.27946,7.421925],[16.106232,7.497088],[16.290562,7.754307],[16.456185,7.734774],[16.705988,7.508328],[17.96493,7.890914],[18.389555,8.281304],[18.911022,8.630895],[18.81201,8.982915],[19.094008,9.074847],[20.059685,9.012706],[21.000868,9.475985],[21.723822,10.567056],[22.231129,10.971889],[22.864165,11.142395],[22.977544,10.714463],[23.554304,10.089255],[23.55725,9.681218],[23.394779,9.265068],[23.459013,8.954286],[23.805813,8.666319],[24.567369,8.229188],[25.114932,7.825104],[25.124131,7.500085],[25.796648,6.979316],[26.213418,6.546603],[26.465909,5.946717],[27.213409,5.550953],[27.374226,5.233944],[27.044065,5.127853],[26.402761,5.150875],[25.650455,5.256088],[25.278798,5.170408],[25.128833,4.927245],[24.805029,4.897247],[24.410531,5.108784],[23.297214,4.609693],[22.84148,4.710126],[22.704124,4.633051],[22.405124,4.02916],[21.659123,4.224342],[20.927591,4.322786],[20.290679,4.691678],[19.467784,5.031528],[18.932312,4.709506],[18.542982,4.201785],[18.453065,3.504386],[17.8099,3.560196],[17.133042,3.728197],[16.537058,3.198255],[16.012852,2.26764],[15.907381,2.557389],[15.862732,3.013537],[15.405396,3.335301],[15.03622,3.851367],[14.950953,4.210389],[14.478372,4.732605],[14.558936,5.030598],[14.459407,5.451761],[14.53656,6.226959],[14.776545,6.408498],[15.27946,7.421925]]]}},
{"type":"Feature","id":"CAN","cc":"CA","properties":{"name":"Canada"},"geometry":{"type":"MultiPolygon","coordinates":[[[[-63.6645,46.55001],[-62.9393,46.41587],[-62.01208,46.44314],[-62.50391,46.03339],[-62.87433,45.96818],[-64.1428,46.39265],[-64.39261,46.72747],[-64.01486,47.03601],[-63.6645,46.55001]]],[[[-61.806305,49.10506],[-62.29318,49.08717],[-63.58926,49.40069],[-64.51912,49.87304],[-64.17322,49.95718],[-62.85829,49.70641],[-61.835585,49.28855],[-61.806305,49.10506]]],[[[-123.510002,48.510011],[-124.012891,48.370846],[-125.655013,48.825005],[-125.954994,49.179996],[-126.850004,49.53],[-127.029993,49.814996],[-128.059336,49.994959],[-128.444584,50.539138],[-128.358414,50.770648],[-127.308581,50.552574],[-126.695001,50.400903],[-125.755007,50.295018],[-125.415002,49.950001],[-124.920768,49.475275],[-123.922509,49.062484],[-123.510002,48.510011]]],[[[-56.134036,50.68701],[-56.795882,49.812309],[-56.143105,50.150117],[-55.471492,49.935815],[-55.822401,49.587129],[-54.935143,49.313011],[-54.473775,49.556691],[-53.476549,49.249139],[-53.786014,48.516781],[-53.086134,48.687804],[-52.958648,48.157164],[-52.648099,47.535548],[-53.069158,46.655499],[-53.521456,46.618292],[-54.178936,46.807066],[-53.961869,47.625207],[-54.240482,47.752279],[-55.400773,46.884994],[-55.997481,46.91972],[-55.291219,47.389562],[-56.250799,47.632545],[-57.325229,47.572807],[-59.266015,47.603348],[-59.419494,47.899454],[-58.796586,48.251525],[-59.231625,48.523188],[-58.391805,49.125581],[-57.35869,50.718274],[-56.73865,51.287438],[-55.870977,51.632094],[-55.406974,51.588273],[-55.600218,51.317075],[-56.134036,50.68701]]],[[[-132.710008,54.040009],[-131.74999,54.120004],[-132.04948,52.984621],[-131.179043,52.180433],[-131.57783,52.182371],[-132.180428,52.639707],[-132.549992,53.100015],[-133.054611,53.411469],[-133.239664,53.85108],[-133.180004,54.169975],[-132.710008,54.040009]]],[[[-79.26582,62.158675],[-79.65752,61.63308],[-80.09956,61.7181],[-80.36215,62.01649],[-80.315395,62.085565],[-79.92939,62.3856],[-79.52002,62.36371],[-79.26582,62.158675]]],[[[-81.89825,62.7108],[-83.06857,62.15922],[-83.77462,62.18231],[-83.99367,62.4528],[-83.25048,62.91409],[-81.87699,62.90458],[-81.89825,62.7108]]],[[[-85.161308,65.657285],[-84.975764,65.217518],[-84.464012,65.371772],[-83.882626,65.109618],[-82.787577,64.766693],[-81.642014,64.455136],[-81.55344,63.979609],[-80.817361,64.057486],[-80.103451,63.725981],[-80.99102,63.411246],[-82.547178,63.651722],[-83.108798,64.101876],[-84.100417,63.569712],[-85.523405,63.052379],[-85.866769,63.637253],[-87.221983,63.541238],[-86.35276,64.035833],[-86.224886,64.822917],[-85.883848,65.738778],[-85.161308,65.657285]]],[[[-75.86588,67.14886],[-76.98687,67.09873],[-77.2364,67.58809],[-76.81166,68.14856],[-75.89521,68.28721],[-75.1145,68.01036],[-75.10333,67.58202],[-75.21597,67.44425],[-75.86588,67.14886]]],[[[-95.647681,69.10769],[-96.269521,68.75704],[-97.617401,69.06003],[-98.431801,68.9507],[-99.797401,69.40003],[-98.917401,69.71003],[-98.218261,70.14354],[-97.157401,69.86003],[-96.557401,69.68003],[-96.257401,69.49003],[-95.647681,69.10769]]],[[[-90.5471,69.49766],[-90.55151,68.47499],[-89.21515,69.25873],[-88.01966,68.61508],[-88.31749,67.87338],[-87.35017,67.19872],[-86.30607,67.92146],[-85.57664,68.78456],[-85.52197,69.88211],[-84.10081,69.80539],[-82.62258,69.65826],[-81.28043,69.16202],[-81.2202,68.66567],[-81.96436,68.13253],[-81.25928,67.59716],[-81.38653,67.11078],[-83.34456,66.41154],[-84.73542,66.2573],[-85.76943,66.55833],[-86.0676,66.05625],[-87.03143,65.21297],[-87.32324,64.77563],[-88.48296,64.09897],[-89.91444,64.03273],[-90.70398,63.61017],[-90.77004,62.96021],[-91.93342,62.83508],[-93.15698,62.02469],[-94.24153,60.89865],[-94.62931,60.11021],[-94.6846,58.94882],[-93.21502,58.78212],[-92.76462,57.84571],[-92.29703,57.08709],[-90.89769,57.28468],[-89.03953,56.85172],[-88.03978,56.47162],[-87.32421,55.99914],[-86.07121,55.72383],[-85.01181,55.3026],[-83.36055,55.24489],[-82.27285,55.14832],[-82.4362,54.28227],[-82.12502,53.27703],[-81.40075,52.15788],[-79.91289,51.20842],[-79.14301,51.53393],[-78.60191,52.56208],[-79.12421,54.14145],[-79.82958,54.66772],[-78.22874,55.13645],[-77.0956,55.83741],[-76.54137,56.53423],[-76.62319,57.20263],[-77.30226,58.05209],[-78.51688,58.80458],[-77.33676,59.85261],[-77.77272,60.75788],[-78.10687,62.31964],[-77.41067,62.55053],[-75.69621,62.2784],[-74.6682,62.18111],[-73.83988,62.4438],[-72.90853,62.10507],[-71.67708,61.52535],[-71.37369,61.13717],[-69.59042,61.06141],[-69.62033,60.22125],[-69.2879,58.95736],[-68.37455,58.80106],[-67.64976,58.21206],[-66.20178,58.76731],[-65.24517,59.87071],[-64.58352,60.33558],[-63.80475,59.4426],[-62.50236,58.16708],[-61.39655,56.96745],[-61.79866,56.33945],[-60.46853,55.77548],[-59.56962,55.20407],[-57.97508,54.94549],[-57.3332,54.6265],[-56.93689,53.78032],[-56.15811,53.64749],[-55.75632,53.27036],[-55.68338,52.14664],[-56.40916,51.7707],[-57.12691,51.41972],[-58.77482,51.0643],[-60.03309,50.24277],[-61.72366,50.08046],[-63.86251,50.29099],[-65.36331,50.2982],[-66.39905,50.22897],[-67.23631,49.51156],[-68.51114,49.06836],[-69.95362,47.74488],[-71.10458,46.82171],[-70.25522,46.98606],[-68.65,48.3],[-66.55243,49.1331],[-65.05626,49.23278],[-64.17099,48.74248],[-65.11545,48.07085],[-64.79854,46.99297],[-64.47219,46.23849],[-63.17329,45.73902],[-61.52072,45.88377],[-60.51815,47.00793],[-60.4486,46.28264],[-59.80287,45.9204],[-61.03988,45.26525],[-63.25471,44.67014],[-64.24656,44.26553],[-65.36406,43.54523],[-66.1234,43.61867],[-66.16173,44.46512],[-64.42549,45.29204],[-66.02605,45.25931],[-67.13741,45.13753],[-67.79134,45.70281],[-67.79046,47.06636],[-68.23444,47.35486],[-68.905,47.185],[-69.237216,47.447781],[-69.99997,46.69307],[-70.305,45.915],[-70.66,45.46],[-71.08482,45.30524],[-71.405,45.255],[-71.50506,45.0082],[-73.34783,45.00738],[-74.867,45.00048],[-75.31821,44.81645],[-76.375,44.09631],[-76.5,44.018459],[-76.820034,43.628784],[-77.737885,43.629056],[-78.72028,43.625089],[-79.171674,43.466339],[-79.01,43.27],[-78.92,42.965],[-78.939362,42.863611],[-80.247448,42.3662],[-81.277747,42.209026],[-82.439278,41.675105],[-82.690089,41.675105],[-83.02981,41.832796],[-83.142,41.975681],[-83.12,42.08],[-82.9,42.43],[-82.43,42.98],[-82.137642,43.571088],[-82.337763,44.44],[-82.550925,45.347517],[-83.592851,45.816894],[-83.469551,45.994686],[-83.616131,46.116927],[-83.890765,46.116927],[-84.091851,46.275419],[-84.14212,46.512226],[-84.3367,46.40877],[-84.6049,46.4396],[-84.543749,46.538684],[-84.779238,46.637102],[-84.87608,46.900083],[-85.652363,47.220219],[-86.461991,47.553338],[-87.439793,47.94],[-88.378114,48.302918],[-89.272917,48.019808],[-89.6,48.01],[-90.83,48.27],[-91.64,48.14],[-92.61,48.45],[-93.63087,48.60926],[-94.32914,48.67074],[-94.64,48.84],[-94.81758,49.38905],[-95.15609,49.38425],[-95.15907,49],[-97.22872,49.0007],[-100.65,49],[-104.04826,48.99986],[-107.05,49],[-110.05,49],[-113,49],[-116.04818,49],[-117.03121,49],[-120,49],[-122.84,49],[-122.97421,49.002538],[-124.91024,49.98456],[-125.62461,50.41656],[-127.43561,50.83061],[-127.99276,51.71583],[-127.85032,52.32961],[-129.12979,52.75538],[-129.30523,53.56159],[-130.51497,54.28757],[-130.53611,54.80278],[-129.98,55.285],[-130.00778,55.91583],[-131.70781,56.55212],[-132.73042,57.69289],[-133.35556,58.41028],[-134.27111,58.86111],[-134.945,59.27056],[-135.47583,59.78778],[-136.47972,59.46389],[-137.4525,58.905],[-138.34089,59.56211],[-139.039,60],[-140.013,60.27682],[-140.99778,60.30639],[-140.9925,66.00003],[-140.986,69.712],[-139.12052,69.47102],[-137.54636,68.99002],[-136.50358,68.89804],[-135.62576,69.31512],[-134.41464,69.62743],[-132.92925,69.50534],[-131.43136,69.94451],[-129.79471,70.19369],[-129.10773,69.77927],[-128.36156,70.01286],[-128.13817,70.48384],[-127.44712,70.37721],[-125.75632,69.48058],[-124.42483,70.1584],[-124.28968,69.39969],[-123.06108,69.56372],[-122.6835,69.85553],[-121.47226,69.79778],[-119.94288,69.37786],[-117.60268,69.01128],[-116.22643,68.84151],[-115.2469,68.90591],[-113.89794,68.3989],[-115.30489,67.90261],[-113.49727,67.68815],[-110.798,67.80612],[-109.94619,67.98104],[-108.8802,67.38144],[-107.79239,67.88736],[-108.81299,68.31164],[-108.16721,68.65392],[-106.95,68.7],[-106.15,68.8],[-105.34282,68.56122],[-104.33791,68.018],[-103.22115,68.09775],[-101.45433,67.64689],[-99.90195,67.80566],[-98.4432,67.78165],[-98.5586,68.40394],[-97.66948,68.57864],[-96.11991,68.23939],[-96.12588,67.29338],[-95.48943,68.0907],[-94.685,68.06383],[-94.23282,69.06903],[-95.30408,69.68571],[-96.47131,70.08976],[-96.39115,71.19482],[-95.2088,71.92053],[-93.88997,71.76015],[-92.87818,71.31869],[-91.51964,70.19129],[-92.40692,69.69997],[-90.5471,69.49766]]],[[[-114.16717,73.12145],[-114.66634,72.65277],[-112.44102,72.9554],[-111.05039,72.4504],[-109.92035,72.96113],[-109.00654,72.63335],[-108.18835,71.65089],[-107.68599,72.06548],[-108.39639,73.08953],[-107.51645,73.23598],[-106.52259,73.07601],[-105.40246,72.67259],[-104.77484,71.6984],[-104.46476,70.99297],[-102.78537,70.49776],[-100.98078,70.02432],[-101.08929,69.58447],[-102.73116,69.50402],[-102.09329,69.11962],[-102.43024,68.75282],[-104.24,68.91],[-105.96,69.18],[-107.12254,69.11922],[-109,68.78],[-111.534149,68.630059],[-113.3132,68.53554],[-113.85496,69.00744],[-115.22,69.28],[-116.10794,69.16821],[-117.34,69.96],[-116.67473,70.06655],[-115.13112,70.2373],[-113.72141,70.19237],[-112.4161,70.36638],[-114.35,70.6],[-116.48684,70.52045],[-117.9048,70.54056],[-118.43238,70.9092],[-116.11311,71.30918],[-117.65568,71.2952],[-119.40199,71.55859],[-118.56267,72.30785],[-117.86642,72.70594],[-115.18909,73.31459],[-114.16717,73.12145]]],[[[-104.5,73.42],[-105.38,72.76],[-106.94,73.46],[-106.6,73.6],[-105.26,73.64],[-104.5,73.42]]],[[[-76.34,73.102685],[-76.251404,72.826385],[-77.314438,72.855545],[-78.39167,72.876656],[-79.486252,72.742203],[-79.775833,72.802902],[-80.876099,73.333183],[-80.833885,73.693184],[-80.353058,73.75972],[-78.064438,73.651932],[-76.34,73.102685]]],[[[-86.562179,73.157447],[-85.774371,72.534126],[-84.850112,73.340278],[-82.31559,73.750951],[-80.600088,72.716544],[-80.748942,72.061907],[-78.770639,72.352173],[-77.824624,72.749617],[-75.605845,72.243678],[-74.228616,71.767144],[-74.099141,71.33084],[-72.242226,71.556925],[-71.200015,70.920013],[-68.786054,70.525024],[-67.91497,70.121948],[-66.969033,69.186087],[-68.805123,68.720198],[-66.449866,68.067163],[-64.862314,67.847539],[-63.424934,66.928473],[-61.851981,66.862121],[-62.163177,66.160251],[-63.918444,64.998669],[-65.14886,65.426033],[-66.721219,66.388041],[-68.015016,66.262726],[-68.141287,65.689789],[-67.089646,65.108455],[-65.73208,64.648406],[-65.320168,64.382737],[-64.669406,63.392927],[-65.013804,62.674185],[-66.275045,62.945099],[-68.783186,63.74567],[-67.369681,62.883966],[-66.328297,62.280075],[-66.165568,61.930897],[-68.877367,62.330149],[-71.023437,62.910708],[-72.235379,63.397836],[-71.886278,63.679989],[-73.378306,64.193963],[-74.834419,64.679076],[-74.818503,64.389093],[-77.70998,64.229542],[-78.555949,64.572906],[-77.897281,65.309192],[-76.018274,65.326969],[-73.959795,65.454765],[-74.293883,65.811771],[-73.944912,66.310578],[-72.651167,67.284576],[-72.92606,67.726926],[-73.311618,68.069437],[-74.843307,68.554627],[-76.869101,68.894736],[-76.228649,69.147769],[-77.28737,69.76954],[-78.168634,69.826488],[-78.957242,70.16688],[-79.492455,69.871808],[-81.305471,69.743185],[-84.944706,69.966634],[-87.060003,70.260001],[-88.681713,70.410741],[-89.51342,70.762038],[-88.467721,71.218186],[-89.888151,71.222552],[-90.20516,72.235074],[-89.436577,73.129464],[-88.408242,73.537889],[-85.826151,73.803816],[-86.562179,73.157447]]],[[[-100.35642,73.84389],[-99.16387,73.63339],[-97.38,73.76],[-97.12,73.47],[-98.05359,72.99052],[-96.54,72.56],[-96.72,71.66],[-98.35966,71.27285],[-99.32286,71.35639],[-100.01482,71.73827],[-102.5,72.51],[-102.48,72.83],[-100.43836,72.70588],[-101.54,73.36],[-100.35642,73.84389]]],[[[-93.196296,72.771992],[-94.269047,72.024596],[-95.409856,72.061881],[-96.033745,72.940277],[-96.018268,73.43743],[-95.495793,73.862417],[-94.503658,74.134907],[-92.420012,74.100025],[-90.509793,73.856732],[-92.003965,72.966244],[-93.196296,72.771992]]],[[[-120.46,71.383602],[-123.09219,70.90164],[-123.62,71.34],[-125.928949,71.868688],[-125.5,72.292261],[-124.80729,73.02256],[-123.94,73.68],[-124.91775,74.29275],[-121.53788,74.44893],[-120.10978,74.24135],[-117.55564,74.18577],[-116.58442,73.89607],[-115.51081,73.47519],[-116.76794,73.22292],[-119.22,72.52],[-120.46,71.82],[-120.46,71.383602]]],[[[-93.612756,74.979997],[-94.156909,74.592347],[-95.608681,74.666864],[-96.820932,74.927623],[-96.288587,75.377828],[-94.85082,75.647218],[-93.977747,75.29649],[-93.612756,74.979997]]],[[[-98.5,76.72],[-97.735585,76.25656],[-97.704415,75.74344],[-98.16,75],[-99.80874,74.89744],[-100.88366,75.05736],[-100.86292,75.64075],[-102.50209,75.5638],[-102.56552,76.3366],[-101.48973,76.30537],[-99.98349,76.64634],[-98.57699,76.58859],[-98.5,76.72]]],[[[-108.21141,76.20168],[-107.81943,75.84552],[-106.92893,76.01282],[-105.881,75.9694],[-105.70498,75.47951],[-106.31347,75.00527],[-109.7,74.85],[-112.22307,74.41696],[-113.74381,74.39427],[-113.87135,74.72029],[-111.79421,75.1625],[-116.31221,75.04343],[-117.7104,75.2222],[-116.34602,76.19903],[-115.40487,76.47887],[-112.59056,76.14134],[-110.81422,75.54919],[-109.0671,75.47321],[-110.49726,76.42982],[-109.5811,76.79417],[-108.54859,76.67832],[-108.21141,76.20168]]],[[[-94.684086,77.097878],[-93.573921,76.776296],[-91.605023,76.778518],[-90.741846,76.449597],[-90.969661,76.074013],[-89.822238,75.847774],[-89.187083,75.610166],[-87.838276,75.566189],[-86.379192,75.482421],[-84.789625,75.699204],[-82.753445,75.784315],[-81.128531,75.713983],[-80.057511,75.336849],[-79.833933,74.923127],[-80.457771,74.657304],[-81.948843,74.442459],[-83.228894,74.564028],[-86.097452,74.410032],[-88.15035,74.392307],[-89.764722,74.515555],[-92.422441,74.837758],[-92.768285,75.38682],[-92.889906,75.882655],[-93.893824,76.319244],[-95.962457,76.441381],[-97.121379,76.751078],[-96.745123,77.161389],[-94.684086,77.097878]]],[[[-116.198587,77.645287],[-116.335813,76.876962],[-117.106051,76.530032],[-118.040412,76.481172],[-119.899318,76.053213],[-121.499995,75.900019],[-122.854924,76.116543],[-122.854925,76.116543],[-121.157535,76.864508],[-119.103939,77.51222],[-117.570131,77.498319],[-116.198587,77.645287]]],[[[-93.840003,77.519997],[-94.295608,77.491343],[-96.169654,77.555111],[-96.436304,77.834629],[-94.422577,77.820005],[-93.720656,77.634331],[-93.840003,77.519997]]],[[[-110.186938,77.697015],[-112.051191,77.409229],[-113.534279,77.732207],[-112.724587,78.05105],[-111.264443,78.152956],[-109.854452,77.996325],[-110.186938,77.697015]]],[[[-109.663146,78.601973],[-110.881314,78.40692],[-112.542091,78.407902],[-112.525891,78.550555],[-111.50001,78.849994],[-110.963661,78.804441],[-109.663146,78.601973]]],[[[-95.830295,78.056941],[-97.309843,77.850597],[-98.124289,78.082857],[-98.552868,78.458105],[-98.631984,78.87193],[-97.337231,78.831984],[-96.754399,78.765813],[-95.559278,78.418315],[-95.830295,78.056941]]],[[[-100.060192,78.324754],[-99.670939,77.907545],[-101.30394,78.018985],[-102.949809,78.343229],[-105.176133,78.380332],[-104.210429,78.67742],[-105.41958,78.918336],[-105.492289,79.301594],[-103.529282,79.165349],[-100.825158,78.800462],[-100.060192,78.324754]]],[[[-87.02,79.66],[-85.81435,79.3369],[-87.18756,79.0393],[-89.03535,78.28723],[-90.80436,78.21533],[-92.87669,78.34333],[-93.95116,78.75099],[-93.93574,79.11373],[-93.14524,79.3801],[-94.974,79.37248],[-96.07614,79.70502],[-96.70972,80.15777],[-96.01644,80.60233],[-95.32345,80.90729],[-94.29843,80.97727],[-94.73542,81.20646],[-92.40984,81.25739],[-91.13289,80.72345],[-89.45,80.509322],[-87.81,80.32],[-87.02,79.66]]],[[[-68.5,83.106322],[-65.82735,83.02801],[-63.68,82.9],[-61.85,82.6286],[-61.89388,82.36165],[-64.334,81.92775],[-66.75342,81.72527],[-67.65755,81.50141],[-65.48031,81.50657],[-67.84,80.9],[-69.4697,80.61683],[-71.18,79.8],[-73.2428,79.63415],[-73.88,79.430162],[-76.90773,79.32309],[-75.52924,79.19766],[-76.22046,79.01907],[-75.39345,78.52581],[-76.34354,78.18296],[-77.88851,77.89991],[-78.36269,77.50859],[-79.75951,77.20968],[-79.61965,76.98336],[-77.91089,77.022045],[-77.88911,76.777955],[-80.56125,76.17812],[-83.17439,76.45403],[-86.11184,76.29901],[-87.6,76.42],[-89.49068,76.47239],[-89.6161,76.95213],[-87.76739,77.17833],[-88.26,77.9],[-87.65,77.970222],[-84.97634,77.53873],[-86.34,78.18],[-87.96192,78.37181],[-87.15198,78.75867],[-85.37868,78.9969],[-85.09495,79.34543],[-86.50734,79.73624],[-86.93179,80.25145],[-84.19844,80.20836],[-83.408696,80.1],[-81.84823,80.46442],[-84.1,80.58],[-87.59895,80.51627],[-89.36663,80.85569],[-90.2,81.26],[-91.36786,81.5531],[-91.58702,81.89429],[-90.1,82.085],[-88.93227,82.11751],[-86.97024,82.27961],[-85.5,82.652273],[-84.260005,82.6],[-83.18,82.32],[-82.42,82.86],[-81.1,83.02],[-79.30664,83.13056],[-76.25,83.172059],[-75.71878,83.06404],[-72.83153,83.23324],[-70.665765,83.169781],[-68.5,83.106322]]]]}},
{"type":"Feature","id":"CHE","cc":"CH","properties":{"name":"Switzerland"},"geometry":{"type":"Polygon","coordinates":[[[9.594226,47.525058],[9.632932,47.347601],[9.47997,47.10281],[9.932448,46.920728],[10.442701,46.893546],[10.363378,46.483571],[9.922837,46.314899],[9.182882,46.440215],[8.966306,46.036932],[8.489952,46.005151],[8.31663,46.163642],[7.755992,45.82449],[7.273851,45.776948],[6.843593,45.991147],[6.5001,46.429673],[6.022609,46.27299],[6.037389,46.725779],[6.768714,47.287708],[6.736571,47.541801],[7.192202,47.449766],[7.466759,47.620582],[8.317301,47.61358],[8.522612,47.830828],[9.594226,47.525058]]]}},
{"type":"Feature","id":"CHL","cc":"CL","properties":{"name":"Chile"},"geometry":{"type":"MultiPolygon","coordinates":[[[[-68.63401,-52.63637],[-68.63335,-54.8695],[-67.56244,-54.87001],[-66.95992,-54.89681],[-67.29103,-55.30124],[-68.14863,-55.61183],[-68.639991,-55.580018],[-69.2321,-55.49906],[-69.95809,-55.19843],[-71.00568,-55.05383],[-72.2639,-54.49514],[-73.2852,-53.95752],[-74.66253,-52.83749],[-73.8381,-53.04743],[-72.43418,-53.7154],[-71.10773,-54.07433],[-70.59178,-53.61583],[-70.26748,-52.93123],[-69.34565,-52.5183],[-68.63401,-52.63637]]],[[[-68.219913,-21.494347],[-67.82818,-22.872919],[-67.106674,-22.735925],[-66.985234,-22.986349],[-67.328443,-24.025303],[-68.417653,-24.518555],[-68.386001,-26.185016],[-68.5948,-26.506909],[-68.295542,-26.89934],[-69.001235,-27.521214],[-69.65613,-28.459141],[-70.01355,-29.367923],[-69.919008,-30.336339],[-70.535069,-31.36501],[-70.074399,-33.09121],[-69.814777,-33.273886],[-69.817309,-34.193571],[-70.388049,-35.169688],[-70.364769,-36.005089],[-71.121881,-36.658124],[-71.118625,-37.576827],[-70.814664,-38.552995],[-71.413517,-38.916022],[-71.680761,-39.808164],[-71.915734,-40.832339],[-71.746804,-42.051386],[-72.148898,-42.254888],[-71.915424,-43.408565],[-71.464056,-43.787611],[-71.793623,-44.207172],[-71.329801,-44.407522],[-71.222779,-44.784243],[-71.659316,-44.973689],[-71.552009,-45.560733],[-71.917258,-46.884838],[-72.447355,-47.738533],[-72.331161,-48.244238],[-72.648247,-48.878618],[-73.415436,-49.318436],[-73.328051,-50.378785],[-72.975747,-50.74145],[-72.309974,-50.67701],[-72.329404,-51.425956],[-71.914804,-52.009022],[-69.498362,-52.142761],[-68.571545,-52.299444],[-69.461284,-52.291951],[-69.94278,-52.537931],[-70.845102,-52.899201],[-71.006332,-53.833252],[-71.429795,-53.856455],[-72.557943,-53.53141],[-73.702757,-52.835069],[-73.702757,-52.83507],[-74.946763,-52.262754],[-75.260026,-51.629355],[-74.976632,-51.043396],[-75.479754,-50.378372],[-75.608015,-48.673773],[-75.18277,-47.711919],[-74.126581,-46.939253],[-75.644395,-46.647643],[-74.692154,-45.763976],[-74.351709,-44.103044],[-73.240356,-44.454961],[-72.717804,-42.383356],[-73.3889,-42.117532],[-73.701336,-43.365776],[-74.331943,-43.224958],[-74.017957,-41.794813],[-73.677099,-39.942213],[-73.217593,-39.258689],[-73.505559,-38.282883],[-73.588061,-37.156285],[-73.166717,-37.12378],[-72.553137,-35.50884],[-71.861732,-33.909093],[-71.43845,-32.418899],[-71.668721,-30.920645],[-71.370083,-30.095682],[-71.489894,-28.861442],[-70.905124,-27.64038],[-70.724954,-25.705924],[-70.403966,-23.628997],[-70.091246,-21.393319],[-70.16442,-19.756468],[-70.372572,-18.347975],[-69.858444,-18.092694],[-69.590424,-17.580012],[-69.100247,-18.260125],[-68.966818,-18.981683],[-68.442225,-19.405068],[-68.757167,-20.372658],[-68.219913,-21.494347]]]]}},
{"type":"Feature","id":"CHN","cc":"CN","properties":{"name":"China"},"geometry":{"type":"MultiPolygon","coordinates":[[[[110.339188,18.678395],[109.47521,18.197701],[108.655208,18.507682],[108.626217,19.367888],[109.119056,19.821039],[110.211599,20.101254],[110.786551,20.077534],[111.010051,19.69593],[110.570647,19.255879],[110.339188,18.678395]]],[[[127.657407,49.76027],[129.397818,49.4406],[130.582293,48.729687],[130.987282,47.790132],[132.506672,47.78897],[133.373596,48.183442],[135.026311,48.47823],[134.500814,47.57844],[134.112362,47.212467],[133.769644,46.116927],[133.097127,45.144066],[131.883454,45.321162],[131.025212,44.967953],[131.288555,44.11152],[131.144688,42.92999],[130.633866,42.903015],[130.640016,42.395009],[129.994267,42.985387],[129.596669,42.424982],[128.052215,41.994285],[128.208433,41.466772],[127.343783,41.503152],[126.869083,41.816569],[126.182045,41.107336],[125.079942,40.569824],[124.265625,39.928493],[122.86757,39.637788],[122.131388,39.170452],[121.054554,38.897471],[121.585995,39.360854],[121.376757,39.750261],[122.168595,40.422443],[121.640359,40.94639],[120.768629,40.593388],[119.639602,39.898056],[119.023464,39.252333],[118.042749,39.204274],[117.532702,38.737636],[118.059699,38.061476],[118.87815,37.897325],[118.911636,37.448464],[119.702802,37.156389],[120.823457,37.870428],[121.711259,37.481123],[122.357937,37.454484],[122.519995,36.930614],[121.104164,36.651329],[120.637009,36.11144],[119.664562,35.609791],[119.151208,34.909859],[120.227525,34.360332],[120.620369,33.376723],[121.229014,32.460319],[121.908146,31.692174],[121.891919,30.949352],[121.264257,30.676267],[121.503519,30.142915],[122.092114,29.83252],[121.938428,29.018022],[121.684439,28.225513],[121.125661,28.135673],[120.395473,27.053207],[119.585497,25.740781],[118.656871,24.547391],[117.281606,23.624501],[115.890735,22.782873],[114.763827,22.668074],[114.152547,22.22376],[113.80678,22.54834],[113.241078,22.051367],[111.843592,21.550494],[110.785466,21.397144],[110.444039,20.341033],[109.889861,20.282457],[109.627655,21.008227],[109.864488,21.395051],[108.522813,21.715212],[108.05018,21.55238],[107.04342,21.811899],[106.567273,22.218205],[106.725403,22.794268],[105.811247,22.976892],[105.329209,23.352063],[104.476858,22.81915],[103.504515,22.703757],[102.706992,22.708795],[102.170436,22.464753],[101.652018,22.318199],[101.80312,21.174367],[101.270026,21.201652],[101.180005,21.436573],[101.150033,21.849984],[100.416538,21.558839],[99.983489,21.742937],[99.240899,22.118314],[99.531992,22.949039],[98.898749,23.142722],[98.660262,24.063286],[97.60472,23.897405],[97.724609,25.083637],[98.671838,25.918703],[98.712094,26.743536],[98.68269,27.508812],[98.246231,27.747221],[97.911988,28.335945],[97.327114,28.261583],[96.248833,28.411031],[96.586591,28.83098],[96.117679,29.452802],[95.404802,29.031717],[94.56599,29.277438],[93.413348,28.640629],[92.503119,27.896876],[91.696657,27.771742],[91.258854,28.040614],[90.730514,28.064954],[90.015829,28.296439],[89.47581,28.042759],[88.814248,27.299316],[88.730326,28.086865],[88.120441,27.876542],[86.954517,27.974262],[85.82332,28.203576],[85.011638,28.642774],[84.23458,28.839894],[83.898993,29.320226],[83.337115,29.463732],[82.327513,30.115268],[81.525804,30.422717],[81.111256,30.183481],[79.721367,30.882715],[78.738894,31.515906],[78.458446,32.618164],[79.176129,32.48378],[79.208892,32.994395],[78.811086,33.506198],[78.912269,34.321936],[77.837451,35.49401],[76.192848,35.898403],[75.896897,36.666806],[75.158028,37.133031],[74.980002,37.41999],[74.829986,37.990007],[74.864816,38.378846],[74.257514,38.606507],[73.928852,38.505815],[73.675379,39.431237],[73.960013,39.660008],[73.822244,39.893973],[74.776862,40.366425],[75.467828,40.562072],[76.526368,40.427946],[76.904484,41.066486],[78.187197,41.185316],[78.543661,41.582243],[80.11943,42.123941],[80.25999,42.349999],[80.18015,42.920068],[80.866206,43.180362],[79.966106,44.917517],[81.947071,45.317027],[82.458926,45.53965],[83.180484,47.330031],[85.16429,47.000956],[85.720484,47.452969],[85.768233,48.455751],[86.598776,48.549182],[87.35997,49.214981],[87.751264,49.297198],[88.013832,48.599463],[88.854298,48.069082],[90.280826,47.693549],[90.970809,46.888146],[90.585768,45.719716],[90.94554,45.286073],[92.133891,45.115076],[93.480734,44.975472],[94.688929,44.352332],[95.306875,44.241331],[95.762455,43.319449],[96.349396,42.725635],[97.451757,42.74889],[99.515817,42.524691],[100.845866,42.663804],[101.83304,42.514873],[103.312278,41.907468],[104.522282,41.908347],[104.964994,41.59741],[106.129316,42.134328],[107.744773,42.481516],[109.243596,42.519446],[110.412103,42.871234],[111.129682,43.406834],[111.829588,43.743118],[111.667737,44.073176],[111.348377,44.457442],[111.873306,45.102079],[112.436062,45.011646],[113.463907,44.808893],[114.460332,45.339817],[115.985096,45.727235],[116.717868,46.388202],[117.421701,46.672733],[118.874326,46.805412],[119.66327,46.69268],[119.772824,47.048059],[118.866574,47.74706],[118.064143,48.06673],[117.295507,47.697709],[116.308953,47.85341],[115.742837,47.726545],[115.485282,48.135383],[116.191802,49.134598],[116.678801,49.888531],[117.879244,49.510983],[119.288461,50.142883],[119.279366,50.582908],[120.18205,51.643566],[120.738191,51.964115],[120.725789,52.516226],[120.177089,52.753886],[121.003085,53.251401],[122.245748,53.431726],[123.571507,53.458804],[125.068211,53.161045],[125.946349,52.792799],[126.564399,51.784255],[126.939157,51.353894],[127.287456,50.739797],[127.657407,49.76027]]]]}},
{"type":"Feature","id":"CIV","cc":"CI","properties":{"name":"Ivory Coast"},"geometry":{"type":"Polygon","coordinates":[[[-2.856125,4.994476],[-3.311084,4.984296],[-4.00882,5.179813],[-4.649917,5.168264],[-5.834496,4.993701],[-6.528769,4.705088],[-7.518941,4.338288],[-7.712159,4.364566],[-7.635368,5.188159],[-7.539715,5.313345],[-7.570153,5.707352],[-7.993693,6.12619],[-8.311348,6.193033],[-8.60288,6.467564],[-8.385452,6.911801],[-8.485446,7.395208],[-8.439298,7.686043],[-8.280703,7.68718],[-8.221792,8.123329],[-8.299049,8.316444],[-8.203499,8.455453],[-7.8321,8.575704],[-8.079114,9.376224],[-8.309616,9.789532],[-8.229337,10.12902],[-8.029944,10.206535],[-7.89959,10.297382],[-7.622759,10.147236],[-6.850507,10.138994],[-6.666461,10.430811],[-6.493965,10.411303],[-6.205223,10.524061],[-6.050452,10.096361],[-5.816926,10.222555],[-5.404342,10.370737],[-4.954653,10.152714],[-4.779884,9.821985],[-4.330247,9.610835],[-3.980449,9.862344],[-3.511899,9.900326],[-2.827496,9.642461],[-2.56219,8.219628],[-2.983585,7.379705],[-3.24437,6.250472],[-2.810701,5.389051],[-2.856125,4.994476]]]}},
{"type":"Feature","id":"CMR","cc":"CM","properties":{"name":"Cameroon"},"geometry":{"type":"Polygon","coordinates":[[[13.075822,2.267097],[12.951334,2.321616],[12.35938,2.192812],[11.751665,2.326758],[11.276449,2.261051],[9.649158,2.283866],[9.795196,3.073404],[9.404367,3.734527],[8.948116,3.904129],[8.744924,4.352215],[8.488816,4.495617],[8.500288,4.771983],[8.757533,5.479666],[9.233163,6.444491],[9.522706,6.453482],[10.118277,7.03877],[10.497375,7.055358],[11.058788,6.644427],[11.745774,6.981383],[11.839309,7.397042],[12.063946,7.799808],[12.218872,8.305824],[12.753672,8.717763],[12.955468,9.417772],[13.1676,9.640626],[13.308676,10.160362],[13.57295,10.798566],[14.415379,11.572369],[14.468192,11.904752],[14.577178,12.085361],[14.181336,12.483657],[14.213531,12.802035],[14.495787,12.859396],[14.893386,12.219048],[14.960152,11.555574],[14.923565,10.891325],[15.467873,9.982337],[14.909354,9.992129],[14.627201,9.920919],[14.171466,10.021378],[13.954218,9.549495],[14.544467,8.965861],[14.979996,8.796104],[15.120866,8.38215],[15.436092,7.692812],[15.27946,7.421925],[14.776545,6.408498],[14.53656,6.226959],[14.459407,5.451761],[14.558936,5.030598],[14.478372,4.732605],[14.950953,4.210389],[15.03622,3.851367],[15.405396,3.335301],[15.862732,3.013537],[15.907381,2.557389],[16.012852,2.26764],[15.940919,1.727673],[15.146342,1.964015],[14.337813,2.227875],[13.075822,2.267097]]]}},
{"type":"Feature","id":"COD","cc":"CD","properties":{"name":"Congo (Kinshasa)"},"geometry":{"type":"Polygon","coordinates":[[[30.83386,3.509166],[30.773347,2.339883],[31.174149,2.204465],[30.85267,1.849396],[30.468508,1.583805],[30.086154,1.062313],[29.875779,0.59738],[29.819503,-0.20531],[29.587838,-0.587406],[29.579466,-1.341313],[29.291887,-1.620056],[29.254835,-2.21511],[29.117479,-2.292211],[29.024926,-2.839258],[29.276384,-3.293907],[29.339998,-4.499983],[29.519987,-5.419979],[29.419993,-5.939999],[29.620032,-6.520015],[30.199997,-7.079981],[30.740015,-8.340007],[30.346086,-8.238257],[29.002912,-8.407032],[28.734867,-8.526559],[28.449871,-9.164918],[28.673682,-9.605925],[28.49607,-10.789884],[28.372253,-11.793647],[28.642417,-11.971569],[29.341548,-12.360744],[29.616001,-12.178895],[29.699614,-13.257227],[28.934286,-13.248958],[28.523562,-12.698604],[28.155109,-12.272481],[27.388799,-12.132747],[27.16442,-11.608748],[26.553088,-11.92444],[25.75231,-11.784965],[25.418118,-11.330936],[24.78317,-11.238694],[24.314516,-11.262826],[24.257155,-10.951993],[23.912215,-10.926826],[23.456791,-10.867863],[22.837345,-11.017622],[22.402798,-10.993075],[22.155268,-11.084801],[22.208753,-9.894796],[21.875182,-9.523708],[21.801801,-8.908707],[21.949131,-8.305901],[21.746456,-7.920085],[21.728111,-7.290872],[20.514748,-7.299606],[20.601823,-6.939318],[20.091622,-6.94309],[20.037723,-7.116361],[19.417502,-7.155429],[19.166613,-7.738184],[19.016752,-7.988246],[18.464176,-7.847014],[18.134222,-7.987678],[17.47297,-8.068551],[17.089996,-7.545689],[16.860191,-7.222298],[16.57318,-6.622645],[16.326528,-5.87747],[13.375597,-5.864241],[13.024869,-5.984389],[12.735171,-5.965682],[12.322432,-6.100092],[12.182337,-5.789931],[12.436688,-5.684304],[12.468004,-5.248362],[12.631612,-4.991271],[12.995517,-4.781103],[13.25824,-4.882957],[13.600235,-4.500138],[14.144956,-4.510009],[14.209035,-4.793092],[14.582604,-4.970239],[15.170992,-4.343507],[15.75354,-3.855165],[16.00629,-3.535133],[15.972803,-2.712392],[16.407092,-1.740927],[16.865307,-1.225816],[17.523716,-0.74383],[17.638645,-0.424832],[17.663553,-0.058084],[17.82654,0.288923],[17.774192,0.855659],[17.898835,1.741832],[18.094276,2.365722],[18.393792,2.900443],[18.453065,3.504386],[18.542982,4.201785],[18.932312,4.709506],[19.467784,5.031528],[20.290679,4.691678],[20.927591,4.322786],[21.659123,4.224342],[22.405124,4.02916],[22.704124,4.633051],[22.84148,4.710126],[23.297214,4.609693],[24.410531,5.108784],[24.805029,4.897247],[25.128833,4.927245],[25.278798,5.170408],[25.650455,5.256088],[26.402761,5.150875],[27.044065,5.127853],[27.374226,5.233944],[27.979977,4.408413],[28.428994,4.287155],[28.696678,4.455077],[29.159078,4.389267],[29.715995,4.600805],[29.9535,4.173699],[30.83386,3.509166]]]}},
{"type":"Feature","id":"COG","cc":"CG","properties":{"name":"Congo (Brazzaville)"},"geometry":{"type":"Polygon","coordinates":[[[12.995517,-4.781103],[12.62076,-4.438023],[12.318608,-4.60623],[11.914963,-5.037987],[11.093773,-3.978827],[11.855122,-3.426871],[11.478039,-2.765619],[11.820964,-2.514161],[12.495703,-2.391688],[12.575284,-1.948511],[13.109619,-2.42874],[13.992407,-2.470805],[14.29921,-1.998276],[14.425456,-1.333407],[14.316418,-0.552627],[13.843321,0.038758],[14.276266,1.19693],[14.026669,1.395677],[13.282631,1.314184],[13.003114,1.830896],[13.075822,2.267097],[14.337813,2.227875],[15.146342,1.964015],[15.940919,1.727673],[16.012852,2.26764],[16.537058,3.198255],[17.133042,3.728197],[17.8099,3.560196],[18.453065,3.504386],[18.393792,2.900443],[18.094276,2.365722],[17.898835,1.741832],[17.774192,0.855659],[17.82654,0.288923],[17.663553,-0.058084],[17.638645,-0.424832],[17.523716,-0.74383],[16.865307,-1.225816],[16.407092,-1.740927],[15.972803,-2.712392],[16.00629,-3.535133],[15.75354,-3.855165],[15.170992,-4.343507],[14.582604,-4.970239],[14.209035,-4.793092],[14.144956,-4.510009],[13.600235,-4.500138],[13.25824,-4.882957],[12.995517,-4.781103]]]}},
{"type":"Feature","id":"COL","cc":"CO","properties":{"name":"Colombia"},"geometry":{"type":"Polygon","coordinates":[[[-75.373223,-0.152032],[-75.801466,0.084801],[-76.292314,0.416047],[-76.57638,0.256936],[-77.424984,0.395687],[-77.668613,0.825893],[-77.855061,0.809925],[-78.855259,1.380924],[-78.990935,1.69137],[-78.617831,1.766404],[-78.662118,2.267355],[-78.42761,2.629556],[-77.931543,2.696606],[-77.510431,3.325017],[-77.12769,3.849636],[-77.496272,4.087606],[-77.307601,4.667984],[-77.533221,5.582812],[-77.318815,5.845354],[-77.476661,6.691116],[-77.881571,7.223771],[-77.753414,7.70984],[-77.431108,7.638061],[-77.242566,7.935278],[-77.474723,8.524286],[-77.353361,8.670505],[-76.836674,8.638749],[-76.086384,9.336821],[-75.6746,9.443248],[-75.664704,9.774003],[-75.480426,10.61899],[-74.906895,11.083045],[-74.276753,11.102036],[-74.197223,11.310473],[-73.414764,11.227015],[-72.627835,11.731972],[-72.238195,11.95555],[-71.75409,12.437303],[-71.399822,12.376041],[-71.137461,12.112982],[-71.331584,11.776284],[-71.973922,11.608672],[-72.227575,11.108702],[-72.614658,10.821975],[-72.905286,10.450344],[-73.027604,9.73677],[-73.304952,9.152],[-72.78873,9.085027],[-72.660495,8.625288],[-72.439862,8.405275],[-72.360901,8.002638],[-72.479679,7.632506],[-72.444487,7.423785],[-72.198352,7.340431],[-71.960176,6.991615],[-70.674234,7.087785],[-70.093313,6.960376],[-69.38948,6.099861],[-68.985319,6.206805],[-68.265052,6.153268],[-67.695087,6.267318],[-67.34144,6.095468],[-67.521532,5.55687],[-67.744697,5.221129],[-67.823012,4.503937],[-67.621836,3.839482],[-67.337564,3.542342],[-67.303173,3.318454],[-67.809938,2.820655],[-67.447092,2.600281],[-67.181294,2.250638],[-66.876326,1.253361],[-67.065048,1.130112],[-67.259998,1.719999],[-67.53781,2.037163],[-67.868565,1.692455],[-69.816973,1.714805],[-69.804597,1.089081],[-69.218638,0.985677],[-69.252434,0.602651],[-69.452396,0.706159],[-70.015566,0.541414],[-70.020656,-0.185156],[-69.577065,-0.549992],[-69.420486,-1.122619],[-69.444102,-1.556287],[-69.893635,-4.298187],[-70.394044,-3.766591],[-70.692682,-3.742872],[-70.047709,-2.725156],[-70.813476,-2.256865],[-71.413646,-2.342802],[-71.774761,-2.16979],[-72.325787,-2.434218],[-73.070392,-2.308954],[-73.659504,-1.260491],[-74.122395,-1.002833],[-74.441601,-0.53082],[-75.106625,-0.057205],[-75.373223,-0.152032]]]}},
{"type":"Feature","id":"CRI","cc":"CR","properties":{"name":"Costa Rica"},"geometry":{"type":"Polygon","coordinates":[[[-82.965783,8.225028],[-83.508437,8.446927],[-83.711474,8.656836],[-83.596313,8.830443],[-83.632642,9.051386],[-83.909886,9.290803],[-84.303402,9.487354],[-84.647644,9.615537],[-84.713351,9.908052],[-84.97566,10.086723],[-84.911375,9.795992],[-85.110923,9.55704],[-85.339488,9.834542],[-85.660787,9.933347],[-85.797445,10.134886],[-85.791709,10.439337],[-85.659314,10.754331],[-85.941725,10.895278],[-85.71254,11.088445],[-85.561852,11.217119],[-84.903003,10.952303],[-84.673069,11.082657],[-84.355931,10.999226],[-84.190179,10.79345],[-83.895054,10.726839],[-83.655612,10.938764],[-83.40232,10.395438],[-83.015677,9.992982],[-82.546196,9.566135],[-82.932891,9.476812],[-82.927155,9.07433],[-82.719183,8.925709],[-82.868657,8.807266],[-82.829771,8.626295],[-82.913176,8.423517],[-82.965783,8.225028]]]}},
{"type":"Feature","id":"CUB","cc":"CU","properties":{"name":"Cuba"},"geometry":{"type":"Polygon","coordinates":[[[-82.268151,23.188611],[-81.404457,23.117271],[-80.618769,23.10598],[-79.679524,22.765303],[-79.281486,22.399202],[-78.347434,22.512166],[-77.993296,22.277194],[-77.146422,21.657851],[-76.523825,21.20682],[-76.19462,21.220565],[-75.598222,21.016624],[-75.67106,20.735091],[-74.933896,20.693905],[-74.178025,20.284628],[-74.296648,20.050379],[-74.961595,19.923435],[-75.63468,19.873774],[-76.323656,19.952891],[-77.755481,19.855481],[-77.085108,20.413354],[-77.492655,20.673105],[-78.137292,20.739949],[-78.482827,21.028613],[-78.719867,21.598114],[-79.285,21.559175],[-80.217475,21.827324],[-80.517535,22.037079],[-81.820943,22.192057],[-82.169992,22.387109],[-81.795002,22.636965],[-82.775898,22.68815],[-83.494459,22.168518],[-83.9088,22.154565],[-84.052151,21.910575],[-84.54703,21.801228],[-84.974911,21.896028],[-84.447062,22.20495],[-84.230357,22.565755],[-83.77824,22.788118],[-83.267548,22.983042],[-82.510436,23.078747],[-82.268151,23.188611]]]}},
{"type":"Feature","id":"-99","cc":"-99","properties":{"name":"Somaliland"},"geometry":{"type":"Polygon","coordinates":[[[48.93813,9.451749],[48.486736,8.837626],[47.78942,8.003],[46.948328,7.996877],[43.67875,9.18358],[43.296975,9.540477],[42.92812,10.02194],[42.55876,10.57258],[42.776852,10.926879],[43.145305,11.46204],[43.47066,11.27771],[43.666668,10.864169],[44.117804,10.445538],[44.614259,10.442205],[45.556941,10.698029],[46.645401,10.816549],[47.525658,11.127228],[48.021596,11.193064],[48.378784,11.375482],[48.948206,11.410622],[48.942005,11.394266],[48.938491,10.982327],[48.938233,9.9735],[48.93813,9.451749]]]}},
{"type":"Feature","id":"CYP","cc":"CY","properties":{"name":"Cyprus"},"geometry":{"type":"Polygon","coordinates":[[[33.973617,35.058506],[34.004881,34.978098],[32.979827,34.571869],[32.490296,34.701655],[32.256667,35.103232],[32.73178,35.140026],[32.919572,35.087833],[33.190977,35.173125],[33.383833,35.162712],[33.455922,35.101424],[33.475817,35.000345],[33.525685,35.038688],[33.675392,35.017863],[33.86644,35.093595],[33.973617,35.058506]]]}},
{"type":"Feature","id":"CZE","cc":"CZ","properties":{"name":"Czech Republic"},"geometry":{"type":"Polygon","coordinates":[[[16.960288,48.596982],[16.499283,48.785808],[16.029647,48.733899],[15.253416,49.039074],[14.901447,48.964402],[14.338898,48.555305],[13.595946,48.877172],[13.031329,49.307068],[12.521024,49.547415],[12.415191,49.969121],[12.240111,50.266338],[12.966837,50.484076],[13.338132,50.733234],[14.056228,50.926918],[14.307013,51.117268],[14.570718,51.002339],[15.016996,51.106674],[15.490972,50.78473],[16.238627,50.697733],[16.176253,50.422607],[16.719476,50.215747],[16.868769,50.473974],[17.554567,50.362146],[17.649445,50.049038],[18.392914,49.988629],[18.853144,49.49623],[18.554971,49.495015],[18.399994,49.315001],[18.170498,49.271515],[18.104973,49.043983],[17.913512,48.996493],[17.886485,48.903475],[17.545007,48.800019],[17.101985,48.816969],[16.960288,48.596982]]]}},
{"type":"Feature","id":"DEU","cc":"DE","properties":{"name":"Germany"},"geometry":{"type":"Polygon","coordinates":[[[9.921906,54.983104],[9.93958,54.596642],[10.950112,54.363607],[10.939467,54.008693],[11.956252,54.196486],[12.51844,54.470371],[13.647467,54.075511],[14.119686,53.757029],[14.353315,53.248171],[14.074521,52.981263],[14.4376,52.62485],[14.685026,52.089947],[14.607098,51.745188],[15.016996,51.106674],[14.570718,51.002339],[14.307013,51.117268],[14.056228,50.926918],[13.338132,50.733234],[12.966837,50.484076],[12.240111,50.266338],[12.415191,49.969121],[12.521024,49.547415],[13.031329,49.307068],[13.595946,48.877172],[13.243357,48.416115],[12.884103,48.289146],[13.025851,47.637584],[12.932627,47.467646],[12.62076,47.672388],[12.141357,47.703083],[11.426414,47.523766],[10.544504,47.566399],[10.402084,47.302488],[9.896068,47.580197],[9.594226,47.525058],[8.522612,47.830828],[8.317301,47.61358],[7.466759,47.620582],[7.593676,48.333019],[8.099279,49.017784],[6.65823,49.201958],[6.18632,49.463803],[6.242751,49.902226],[6.043073,50.128052],[6.156658,50.803721],[5.988658,51.851616],[6.589397,51.852029],[6.84287,52.22844],[7.092053,53.144043],[6.90514,53.482162],[7.100425,53.693932],[7.936239,53.748296],[8.121706,53.527792],[8.800734,54.020786],[8.572118,54.395646],[8.526229,54.962744],[9.282049,54.830865],[9.921906,54.983104]]]}},
{"type":"Feature","id":"DJI","cc":"DJ","properties":{"name":"Djibouti"},"geometry":{"type":"Polygon","coordinates":[[[43.081226,12.699639],[43.317852,12.390148],[43.286381,11.974928],[42.715874,11.735641],[43.145305,11.46204],[42.776852,10.926879],[42.55493,11.10511],[42.31414,11.0342],[41.75557,11.05091],[41.73959,11.35511],[41.66176,11.6312],[42,12.1],[42.35156,12.54223],[42.779642,12.455416],[43.081226,12.699639]]]}},
{"type":"Feature","id":"DNK","cc":"DK","properties":{"name":"Denmark"},"geometry":{"type":"MultiPolygon","coordinates":[[[[12.690006,55.609991],[12.089991,54.800015],[11.043543,55.364864],[10.903914,55.779955],[12.370904,56.111407],[12.690006,55.609991]]],[[[10.912182,56.458621],[10.667804,56.081383],[10.369993,56.190007],[9.649985,55.469999],[9.921906,54.983104],[9.282049,54.830865],[8.526229,54.962744],[8.120311,55.517723],[8.089977,56.540012],[8.256582,56.809969],[8.543438,57.110003],[9.424469,57.172066],[9.775559,57.447941],[10.580006,57.730017],[10.546106,57.215733],[10.25,56.890016],[10.369993,56.609982],[10.912182,56.458621]]]]}},
{"type":"Feature","id":"DOM","cc":"DO","properties":{"name":"Dominican Republic"},"geometry":{"type":"Polygon","coordinates":[[[-71.712361,19.714456],[-71.587304,19.884911],[-70.806706,19.880286],[-70.214365,19.622885],[-69.950815,19.648],[-69.76925,19.293267],[-69.222126,19.313214],[-69.254346,19.015196],[-68.809412,18.979074],[-68.317943,18.612198],[-68.689316,18.205142],[-69.164946,18.422648],[-69.623988,18.380713],[-69.952934,18.428307],[-70.133233,18.245915],[-70.517137,18.184291],[-70.669298,18.426886],[-70.99995,18.283329],[-71.40021,17.598564],[-71.657662,17.757573],[-71.708305,18.044997],[-71.687738,18.31666],[-71.945112,18.6169],[-71.701303,18.785417],[-71.624873,19.169838],[-71.712361,19.714456]]]}},
{"type":"Feature","id":"DZA","cc":"DZ","properties":{"name":"Algeria"},"geometry":{"type":"Polygon","coordinates":[[[11.999506,23.471668],[8.572893,21.565661],[5.677566,19.601207],[4.267419,19.155265],[3.158133,19.057364],[3.146661,19.693579],[2.683588,19.85623],[2.060991,20.142233],[1.823228,20.610809],[-1.550055,22.792666],[-4.923337,24.974574],[-8.6844,27.395744],[-8.665124,27.589479],[-8.66559,27.656426],[-8.674116,28.841289],[-7.059228,29.579228],[-6.060632,29.7317],[-5.242129,30.000443],[-4.859646,30.501188],[-3.690441,30.896952],[-3.647498,31.637294],[-3.06898,31.724498],[-2.616605,32.094346],[-1.307899,32.262889],[-1.124551,32.651522],[-1.388049,32.864015],[-1.733455,33.919713],[-1.792986,34.527919],[-2.169914,35.168396],[-1.208603,35.714849],[-0.127454,35.888662],[0.503877,36.301273],[1.466919,36.605647],[3.161699,36.783905],[4.815758,36.865037],[5.32012,36.716519],[6.26182,37.110655],[7.330385,37.118381],[7.737078,36.885708],[8.420964,36.946427],[8.217824,36.433177],[8.376368,35.479876],[8.140981,34.655146],[7.524482,34.097376],[7.612642,33.344115],[8.430473,32.748337],[8.439103,32.506285],[9.055603,32.102692],[9.48214,30.307556],[9.805634,29.424638],[9.859998,28.95999],[9.683885,28.144174],[9.756128,27.688259],[9.629056,27.140953],[9.716286,26.512206],[9.319411,26.094325],[9.910693,25.365455],[9.948261,24.936954],[10.303847,24.379313],[10.771364,24.562532],[11.560669,24.097909],[11.999506,23.471668]]]}},
{"type":"Feature","id":"ECU","cc":"EC","properties":{"name":"Ecuador"},"geometry":{"type":"Polygon","coordinates":[[[-80.302561,-3.404856],[-79.770293,-2.657512],[-79.986559,-2.220794],[-80.368784,-2.685159],[-80.967765,-2.246943],[-80.764806,-1.965048],[-80.933659,-1.057455],[-80.58337,-0.906663],[-80.399325,-0.283703],[-80.020898,0.36034],[-80.09061,0.768429],[-79.542762,0.982938],[-78.855259,1.380924],[-77.855061,0.809925],[-77.668613,0.825893],[-77.424984,0.395687],[-76.57638,0.256936],[-76.292314,0.416047],[-75.801466,0.084801],[-75.373223,-0.152032],[-75.233723,-0.911417],[-75.544996,-1.56161],[-76.635394,-2.608678],[-77.837905,-3.003021],[-78.450684,-3.873097],[-78.639897,-4.547784],[-79.205289,-4.959129],[-79.624979,-4.454198],[-80.028908,-4.346091],[-80.442242,-4.425724],[-80.469295,-4.059287],[-80.184015,-3.821162],[-80.302561,-3.404856]]]}},
{"type":"Feature","id":"EGY","cc":"EG","properties":{"name":"Egypt"},"geometry":{"type":"Polygon","coordinates":[[[34.9226,29.50133],[34.64174,29.09942],[34.42655,28.34399],[34.15451,27.8233],[33.92136,27.6487],[33.58811,27.97136],[33.13676,28.41765],[32.42323,29.85108],[32.32046,29.76043],[32.73482,28.70523],[33.34876,27.69989],[34.10455,26.14227],[34.47387,25.59856],[34.79507,25.03375],[35.69241,23.92671],[35.49372,23.75237],[35.52598,23.10244],[36.69069,22.20485],[36.86623,22],[32.9,22],[29.02,22],[25,22],[25,25.6825],[25,29.238655],[24.70007,30.04419],[24.95762,30.6616],[24.80287,31.08929],[25.16482,31.56915],[26.49533,31.58568],[27.45762,31.32126],[28.45048,31.02577],[28.91353,30.87005],[29.68342,31.18686],[30.09503,31.4734],[30.97693,31.55586],[31.68796,31.4296],[31.96041,30.9336],[32.19247,31.26034],[32.99392,31.02407],[33.7734,30.96746],[34.26544,31.21936],[34.9226,29.50133]]]}},
{"type":"Feature","id":"ERI","cc":"ER","properties":{"name":"Eritrea"},"geometry":{"type":"Polygon","coordinates":[[[42.35156,12.54223],[42.00975,12.86582],[41.59856,13.45209],[41.155194,13.77332],[40.8966,14.11864],[40.026219,14.519579],[39.34061,14.53155],[39.0994,14.74064],[38.51295,14.50547],[37.90607,14.95943],[37.59377,14.2131],[36.42951,14.42211],[36.323189,14.822481],[36.75386,16.291874],[36.85253,16.95655],[37.16747,17.26314],[37.904,17.42754],[38.41009,17.998307],[38.990623,16.840626],[39.26611,15.922723],[39.814294,15.435647],[41.179275,14.49108],[41.734952,13.921037],[42.276831,13.343992],[42.589576,13.000421],[43.081226,12.699639],[42.779642,12.455416],[42.35156,12.54223]]]}},
{"type":"Feature","id":"ESP","cc":"ES","properties":{"name":"Spain"},"geometry":{"type":"Polygon","coordinates":[[[-9.034818,41.880571],[-8.984433,42.592775],[-9.392884,43.026625],[-7.97819,43.748338],[-6.754492,43.567909],[-5.411886,43.57424],[-4.347843,43.403449],[-3.517532,43.455901],[-1.901351,43.422802],[-1.502771,43.034014],[0.338047,42.579546],[0.701591,42.795734],[1.826793,42.343385],[2.985999,42.473015],[3.039484,41.89212],[2.091842,41.226089],[0.810525,41.014732],[0.721331,40.678318],[0.106692,40.123934],[-0.278711,39.309978],[0.111291,38.738514],[-0.467124,38.292366],[-0.683389,37.642354],[-1.438382,37.443064],[-2.146453,36.674144],[-3.415781,36.6589],[-4.368901,36.677839],[-4.995219,36.324708],[-5.37716,35.94685],[-5.866432,36.029817],[-6.236694,36.367677],[-6.520191,36.942913],[-7.453726,37.097788],[-7.537105,37.428904],[-7.166508,37.803894],[-7.029281,38.075764],[-7.374092,38.373059],[-7.098037,39.030073],[-7.498632,39.629571],[-7.066592,39.711892],[-7.026413,40.184524],[-6.86402,40.330872],[-6.851127,41.111083],[-6.389088,41.381815],[-6.668606,41.883387],[-7.251309,41.918346],[-7.422513,41.792075],[-8.013175,41.790886],[-8.263857,42.280469],[-8.671946,42.134689],[-9.034818,41.880571]]]}},
{"type":"Feature","id":"EST","cc":"EE","properties":{"name":"Estonia"},"geometry":{"type":"Polygon","coordinates":[[[24.312863,57.793424],[24.428928,58.383413],[24.061198,58.257375],[23.42656,58.612753],[23.339795,59.18724],[24.604214,59.465854],[25.864189,59.61109],[26.949136,59.445803],[27.981114,59.475388],[28.131699,59.300825],[27.420166,58.724581],[27.716686,57.791899],[27.288185,57.474528],[26.463532,57.476389],[25.60281,57.847529],[25.164594,57.970157],[24.312863,57.793424]]]}},
{"type":"Feature","id":"ETH","cc":"ET","properties":{"name":"Ethiopia"},"geometry":{"type":"Polygon","coordinates":[[[37.90607,14.95943],[38.51295,14.50547],[39.0994,14.74064],[39.34061,14.53155],[40.02625,14.51959],[40.8966,14.11864],[41.1552,13.77333],[41.59856,13.45209],[42.00975,12.86582],[42.35156,12.54223],[42,12.1],[41.66176,11.6312],[41.73959,11.35511],[41.75557,11.05091],[42.31414,11.0342],[42.55493,11.10511],[42.776852,10.926879],[42.55876,10.57258],[42.92812,10.02194],[43.29699,9.54048],[43.67875,9.18358],[46.94834,7.99688],[47.78942,8.003],[44.9636,5.00162],[43.66087,4.95755],[42.76967,4.25259],[42.12861,4.23413],[41.855083,3.918912],[41.1718,3.91909],[40.76848,4.25702],[39.85494,3.83879],[39.559384,3.42206],[38.89251,3.50074],[38.67114,3.61607],[38.43697,3.58851],[38.120915,3.598605],[36.855093,4.447864],[36.159079,4.447864],[35.817448,4.776966],[35.817448,5.338232],[35.298007,5.506],[34.70702,6.59422],[34.25032,6.82607],[34.0751,7.22595],[33.56829,7.71334],[32.95418,7.78497],[33.2948,8.35458],[33.8255,8.37916],[33.97498,8.68456],[33.96162,9.58358],[34.25745,10.63009],[34.73115,10.91017],[34.83163,11.31896],[35.26049,12.08286],[35.86363,12.57828],[36.27022,13.56333],[36.42951,14.42211],[37.59377,14.2131],[37.90607,14.95943]]]}},
{"type":"Feature","id":"FIN","cc":"FI","properties":{"name":"Finland"},"geometry":{"type":"Polygon","coordinates":[[[28.59193,69.064777],[28.445944,68.364613],[29.977426,67.698297],[29.054589,66.944286],[30.21765,65.80598],[29.54443,64.948672],[30.444685,64.204453],[30.035872,63.552814],[31.516092,62.867687],[31.139991,62.357693],[30.211107,61.780028],[28.069998,60.503517],[26.255173,60.423961],[24.496624,60.057316],[22.869695,59.846373],[22.290764,60.391921],[21.322244,60.72017],[21.544866,61.705329],[21.059211,62.607393],[21.536029,63.189735],[22.442744,63.81781],[24.730512,64.902344],[25.398068,65.111427],[25.294043,65.534346],[23.903379,66.006927],[23.56588,66.396051],[23.539473,67.936009],[21.978535,68.616846],[20.645593,69.106247],[21.244936,69.370443],[22.356238,68.841741],[23.66205,68.891247],[24.735679,68.649557],[25.689213,69.092114],[26.179622,69.825299],[27.732292,70.164193],[29.015573,69.766491],[28.59193,69.064777]]]}},
{"type":"Feature","id":"FJI","cc":"FJ","properties":{"name":"Fiji"},"geometry":{"type":"MultiPolygon","coordinates":[[[[178.3736,-17.33992],[178.71806,-17.62846],[178.55271,-18.15059],[177.93266,-18.28799],[177.38146,-18.16432],[177.28504,-17.72465],[177.67087,-17.38114],[178.12557,-17.50481],[178.3736,-17.33992]]],[[[179.364143,-16.801354],[178.725059,-17.012042],[178.596839,-16.63915],[179.096609,-16.433984],[179.413509,-16.379054],[180,-16.067133],[180,-16.555217],[179.364143,-16.801354]]],[[[-179.917369,-16.501783],[-180,-16.555217],[-180,-16.067133],[-179.79332,-16.020882],[-179.917369,-16.501783]]]]}},
{"type":"Feature","id":"FLK","cc":"FK","properties":{"name":"Falkland Islands"},"geometry":{"type":"Polygon","coordinates":[[[-61.2,-51.85],[-60,-51.25],[-59.15,-51.5],[-58.55,-51.1],[-57.75,-51.55],[-58.05,-51.9],[-59.4,-52.2],[-59.85,-51.85],[-60.7,-52.3],[-61.2,-51.85]]]}},
{"type":"Feature","id":"FRA","cc":"FR","properties":{"name":"France"},"geometry":{"type":"MultiPolygon","coordinates":[[[[9.560016,42.152492],[9.229752,41.380007],[8.775723,41.583612],[8.544213,42.256517],[8.746009,42.628122],[9.390001,43.009985],[9.560016,42.152492]]],[[[3.588184,50.378992],[4.286023,49.907497],[4.799222,49.985373],[5.674052,49.529484],[5.897759,49.442667],[6.18632,49.463803],[6.65823,49.201958],[8.099279,49.017784],[7.593676,48.333019],[7.466759,47.620582],[7.192202,47.449766],[6.736571,47.541801],[6.768714,47.287708],[6.037389,46.725779],[6.022609,46.27299],[6.5001,46.429673],[6.843593,45.991147],[6.802355,45.70858],[7.096652,45.333099],[6.749955,45.028518],[7.007562,44.254767],[7.549596,44.127901],[7.435185,43.693845],[6.529245,43.128892],[4.556963,43.399651],[3.100411,43.075201],[2.985999,42.473015],[1.826793,42.343385],[0.701591,42.795734],[0.338047,42.579546],[-1.502771,43.034014],[-1.901351,43.422802],[-1.384225,44.02261],[-1.193798,46.014918],[-2.225724,47.064363],[-2.963276,47.570327],[-4.491555,47.954954],[-4.59235,48.68416],[-3.295814,48.901692],[-1.616511,48.644421],[-1.933494,49.776342],[-0.989469,49.347376],[1.338761,50.127173],[1.639001,50.946606],[2.513573,51.148506],[2.658422,50.796848],[3.123252,50.780363],[3.588184,50.378992]]]]}},
{"type":"Feature","id":"GAB","cc":"GA","properties":{"name":"Gabon"},"geometry":{"type":"Polygon","coordinates":[[[11.093773,-3.978827],[10.066135,-2.969483],[9.405245,-2.144313],[8.797996,-1.111301],[8.830087,-0.779074],[9.04842,-0.459351],[9.291351,0.268666],[9.492889,1.01012],[9.830284,1.067894],[11.285079,1.057662],[11.276449,2.261051],[11.751665,2.326758],[12.35938,2.192812],[12.951334,2.321616],[13.075822,2.267097],[13.003114,1.830896],[13.282631,1.314184],[14.026669,1.395677],[14.276266,1.19693],[13.843321,0.038758],[14.316418,-0.552627],[14.425456,-1.333407],[14.29921,-1.998276],[13.992407,-2.470805],[13.109619,-2.42874],[12.575284,-1.948511],[12.495703,-2.391688],[11.820964,-2.514161],[11.478039,-2.765619],[11.855122,-3.426871],[11.093773,-3.978827]]]}},
{"type":"Feature","id":"GBR","cc":"GB","properties":{"name":"United Kingdom (UK)"},"geometry":{"type":"MultiPolygon","coordinates":[[[[-5.661949,54.554603],[-6.197885,53.867565],[-6.95373,54.073702],[-7.572168,54.059956],[-7.366031,54.595841],[-7.572168,55.131622],[-6.733847,55.17286],[-5.661949,54.554603]]],[[[-3.005005,58.635],[-4.073828,57.553025],[-3.055002,57.690019],[-1.959281,57.6848],[-2.219988,56.870017],[-3.119003,55.973793],[-2.085009,55.909998],[-2.005676,55.804903],[-1.114991,54.624986],[-0.430485,54.464376],[0.184981,53.325014],[0.469977,52.929999],[1.681531,52.73952],[1.559988,52.099998],[1.050562,51.806761],[1.449865,51.289428],[0.550334,50.765739],[-0.787517,50.774989],[-2.489998,50.500019],[-2.956274,50.69688],[-3.617448,50.228356],[-4.542508,50.341837],[-5.245023,49.96],[-5.776567,50.159678],[-4.30999,51.210001],[-3.414851,51.426009],[-3.422719,51.426848],[-4.984367,51.593466],[-5.267296,51.9914],[-4.222347,52.301356],[-4.770013,52.840005],[-4.579999,53.495004],[-3.093831,53.404547],[-3.09208,53.404441],[-2.945009,53.985],[-3.614701,54.600937],[-3.630005,54.615013],[-4.844169,54.790971],[-5.082527,55.061601],[-4.719112,55.508473],[-5.047981,55.783986],[-5.586398,55.311146],[-5.644999,56.275015],[-6.149981,56.78501],[-5.786825,57.818848],[-5.009999,58.630013],[-4.211495,58.550845],[-3.005005,58.635]]]]}},
{"type":"Feature","id":"GEO","cc":"GE","properties":{"name":"Georgia"},"geometry":{"type":"Polygon","coordinates":[[[41.554084,41.535656],[41.703171,41.962943],[41.45347,42.645123],[40.875469,43.013628],[40.321394,43.128634],[39.955009,43.434998],[40.076965,43.553104],[40.922185,43.382159],[42.394395,43.220308],[43.756017,42.740828],[43.9312,42.554974],[44.537623,42.711993],[45.470279,42.502781],[45.77641,42.092444],[46.404951,41.860675],[46.145432,41.722802],[46.637908,41.181673],[46.501637,41.064445],[45.962601,41.123873],[45.217426,41.411452],[44.97248,41.248129],[43.582746,41.092143],[42.619549,41.583173],[41.554084,41.535656]]]}},
{"type":"Feature","id":"GHA","cc":"GH","properties":{"name":"Ghana"},"geometry":{"type":"Polygon","coordinates":[[[1.060122,5.928837],[-0.507638,5.343473],[-1.063625,5.000548],[-1.964707,4.710462],[-2.856125,4.994476],[-2.810701,5.389051],[-3.24437,6.250472],[-2.983585,7.379705],[-2.56219,8.219628],[-2.827496,9.642461],[-2.963896,10.395335],[-2.940409,10.96269],[-1.203358,11.009819],[-0.761576,10.93693],[-0.438702,11.098341],[0.023803,11.018682],[-0.049785,10.706918],[0.36758,10.191213],[0.365901,9.465004],[0.461192,8.677223],[0.712029,8.312465],[0.490957,7.411744],[0.570384,6.914359],[0.836931,6.279979],[1.060122,5.928837]]]}},
{"type":"Feature","id":"GIN","cc":"GN","properties":{"name":"Guinea"},"geometry":{"type":"Polygon","coordinates":[[[-8.439298,7.686043],[-8.722124,7.711674],[-8.926065,7.309037],[-9.208786,7.313921],[-9.403348,7.526905],[-9.33728,7.928534],[-9.755342,8.541055],[-10.016567,8.428504],[-10.230094,8.406206],[-10.505477,8.348896],[-10.494315,8.715541],[-10.65477,8.977178],[-10.622395,9.26791],[-10.839152,9.688246],[-11.117481,10.045873],[-11.917277,10.046984],[-12.150338,9.858572],[-12.425929,9.835834],[-12.596719,9.620188],[-12.711958,9.342712],[-13.24655,8.903049],[-13.685154,9.494744],[-14.074045,9.886167],[-14.330076,10.01572],[-14.579699,10.214467],[-14.693232,10.656301],[-14.839554,10.876572],[-15.130311,11.040412],[-14.685687,11.527824],[-14.382192,11.509272],[-14.121406,11.677117],[-13.9008,11.678719],[-13.743161,11.811269],[-13.828272,12.142644],[-13.718744,12.247186],[-13.700476,12.586183],[-13.217818,12.575874],[-12.499051,12.33209],[-12.278599,12.35444],[-12.203565,12.465648],[-11.658301,12.386583],[-11.513943,12.442988],[-11.456169,12.076834],[-11.297574,12.077971],[-11.036556,12.211245],[-10.87083,12.177887],[-10.593224,11.923975],[-10.165214,11.844084],[-9.890993,12.060479],[-9.567912,12.194243],[-9.327616,12.334286],[-9.127474,12.30806],[-8.905265,12.088358],[-8.786099,11.812561],[-8.376305,11.393646],[-8.581305,11.136246],[-8.620321,10.810891],[-8.407311,10.909257],[-8.282357,10.792597],[-8.335377,10.494812],[-8.029944,10.206535],[-8.229337,10.12902],[-8.309616,9.789532],[-8.079114,9.376224],[-7.8321,8.575704],[-8.203499,8.455453],[-8.299049,8.316444],[-8.221792,8.123329],[-8.280703,7.68718],[-8.439298,7.686043]]]}},
{"type":"Feature","id":"GMB","cc":"GM","properties":{"name":"Gambia"},"geometry":{"type":"Polygon","coordinates":[[[-16.841525,13.151394],[-16.713729,13.594959],[-15.624596,13.623587],[-15.39877,13.860369],[-15.081735,13.876492],[-14.687031,13.630357],[-14.376714,13.62568],[-14.046992,13.794068],[-13.844963,13.505042],[-14.277702,13.280585],[-14.712197,13.298207],[-15.141163,13.509512],[-15.511813,13.27857],[-15.691001,13.270353],[-15.931296,13.130284],[-16.841525,13.151394]]]}},
{"type":"Feature","id":"GNB","cc":"GW","properties":{"name":"Guinea-Bissau"},"geometry":{"type":"Polygon","coordinates":[[[-15.130311,11.040412],[-15.66418,11.458474],[-16.085214,11.524594],[-16.314787,11.806515],[-16.308947,11.958702],[-16.613838,12.170911],[-16.677452,12.384852],[-16.147717,12.547762],[-15.816574,12.515567],[-15.548477,12.62817],[-13.700476,12.586183],[-13.718744,12.247186],[-13.828272,12.142644],[-13.743161,11.811269],[-13.9008,11.678719],[-14.121406,11.677117],[-14.382192,11.509272],[-14.685687,11.527824],[-15.130311,11.040412]]]}},
{"type":"Feature","id":"GNQ","cc":"GQ","properties":{"name":"Equatorial Guinea"},"geometry":{"type":"Polygon","coordinates":[[[9.492889,1.01012],[9.305613,1.160911],[9.649158,2.283866],[11.276449,2.261051],[11.285079,1.057662],[9.830284,1.067894],[9.492889,1.01012]]]}},
{"type":"Feature","id":"GRC","cc":"GR","properties":{"name":"Greece"},"geometry":{"type":"MultiPolygon","coordinates":[[[[23.69998,35.705004],[24.246665,35.368022],[25.025015,35.424996],[25.769208,35.354018],[25.745023,35.179998],[26.290003,35.29999],[26.164998,35.004995],[24.724982,34.919988],[24.735007,35.084991],[23.514978,35.279992],[23.69998,35.705004]]],[[[26.604196,41.562115],[26.294602,40.936261],[26.056942,40.824123],[25.447677,40.852545],[24.925848,40.947062],[23.714811,40.687129],[24.407999,40.124993],[23.899968,39.962006],[23.342999,39.960998],[22.813988,40.476005],[22.626299,40.256561],[22.849748,39.659311],[23.350027,39.190011],[22.973099,38.970903],[23.530016,38.510001],[24.025025,38.219993],[24.040011,37.655015],[23.115003,37.920011],[23.409972,37.409991],[22.774972,37.30501],[23.154225,36.422506],[22.490028,36.41],[21.670026,36.844986],[21.295011,37.644989],[21.120034,38.310323],[20.730032,38.769985],[20.217712,39.340235],[20.150016,39.624998],[20.615,40.110007],[20.674997,40.435],[20.99999,40.580004],[21.02004,40.842727],[21.674161,40.931275],[22.055378,41.149866],[22.597308,41.130487],[22.76177,41.3048],[22.952377,41.337994],[23.692074,41.309081],[24.492645,41.583896],[25.197201,41.234486],[26.106138,41.328899],[26.117042,41.826905],[26.604196,41.562115]]]]}},
{"type":"Feature","id":"GRL","cc":"GL","properties":{"name":"Greenland"},"geometry":{"type":"Polygon","coordinates":[[[-46.76379,82.62796],[-43.40644,83.22516],[-39.89753,83.18018],[-38.62214,83.54905],[-35.08787,83.64513],[-27.10046,83.51966],[-20.84539,82.72669],[-22.69182,82.34165],[-26.51753,82.29765],[-31.9,82.2],[-31.39646,82.02154],[-27.85666,82.13178],[-24.84448,81.78697],[-22.90328,82.09317],[-22.07175,81.73449],[-23.16961,81.15271],[-20.62363,81.52462],[-15.76818,81.91245],[-12.77018,81.71885],[-12.20855,81.29154],[-16.28533,80.58004],[-16.85,80.35],[-20.04624,80.17708],[-17.73035,80.12912],[-18.9,79.4],[-19.70499,78.75128],[-19.67353,77.63859],[-18.47285,76.98565],[-20.03503,76.94434],[-21.67944,76.62795],[-19.83407,76.09808],[-19.59896,75.24838],[-20.66818,75.15585],[-19.37281,74.29561],[-21.59422,74.22382],[-20.43454,73.81713],[-20.76234,73.46436],[-22.17221,73.30955],[-23.56593,73.30663],[-22.31311,72.62928],[-22.29954,72.18409],[-24.27834,72.59788],[-24.79296,72.3302],[-23.44296,72.08016],[-22.13281,71.46898],[-21.75356,70.66369],[-23.53603,70.471],[-24.30702,70.85649],[-25.54341,71.43094],[-25.20135,70.75226],[-26.36276,70.22646],[-23.72742,70.18401],[-22.34902,70.12946],[-25.02927,69.2588],[-27.74737,68.47046],[-30.67371,68.12503],[-31.77665,68.12078],[-32.81105,67.73547],[-34.20196,66.67974],[-36.35284,65.9789],[-37.04378,65.93768],[-38.37505,65.69213],[-39.81222,65.45848],[-40.66899,64.83997],[-40.68281,64.13902],[-41.1887,63.48246],[-42.81938,62.68233],[-42.41666,61.90093],[-42.86619,61.07404],[-43.3784,60.09772],[-44.7875,60.03676],[-46.26364,60.85328],[-48.26294,60.85843],[-49.23308,61.40681],[-49.90039,62.38336],[-51.63325,63.62691],[-52.14014,64.27842],[-52.27659,65.1767],[-53.66166,66.09957],[-53.30161,66.8365],[-53.96911,67.18899],[-52.9804,68.35759],[-51.47536,68.72958],[-51.08041,69.14781],[-50.87122,69.9291],[-52.013585,69.574925],[-52.55792,69.42616],[-53.45629,69.283625],[-54.68336,69.61003],[-54.75001,70.28932],[-54.35884,70.821315],[-53.431315,70.835755],[-51.39014,70.56978],[-53.10937,71.20485],[-54.00422,71.54719],[-55,71.406537],[-55.83468,71.65444],[-54.71819,72.58625],[-55.32634,72.95861],[-56.12003,73.64977],[-57.32363,74.71026],[-58.59679,75.09861],[-58.58516,75.51727],[-61.26861,76.10238],[-63.39165,76.1752],[-66.06427,76.13486],[-68.50438,76.06141],[-69.66485,76.37975],[-71.40257,77.00857],[-68.77671,77.32312],[-66.76397,77.37595],[-71.04293,77.63595],[-73.297,78.04419],[-73.15938,78.43271],[-69.37345,78.91388],[-65.7107,79.39436],[-65.3239,79.75814],[-68.02298,80.11721],[-67.15129,80.51582],[-63.68925,81.21396],[-62.23444,81.3211],[-62.65116,81.77042],[-60.28249,82.03363],[-57.20744,82.19074],[-54.13442,82.19962],[-53.04328,81.88833],[-50.39061,82.43883],[-48.00386,82.06481],[-46.59984,81.985945],[-44.523,81.6607],[-46.9007,82.19979],[-46.76379,82.62796]]]}},
{"type":"Feature","id":"GTM","cc":"GT","properties":{"name":"Guatemala"},"geometry":{"type":"Polygon","coordinates":[[[-90.095555,13.735338],[-90.608624,13.909771],[-91.23241,13.927832],[-91.689747,14.126218],[-92.22775,14.538829],[-92.20323,14.830103],[-92.087216,15.064585],[-92.229249,15.251447],[-91.74796,16.066565],[-90.464473,16.069562],[-90.438867,16.41011],[-90.600847,16.470778],[-90.711822,16.687483],[-91.08167,16.918477],[-91.453921,17.252177],[-91.002269,17.254658],[-91.00152,17.817595],[-90.067934,17.819326],[-89.14308,17.808319],[-89.150806,17.015577],[-89.229122,15.886938],[-88.930613,15.887273],[-88.604586,15.70638],[-88.518364,15.855389],[-88.225023,15.727722],[-88.68068,15.346247],[-89.154811,15.066419],[-89.22522,14.874286],[-89.145535,14.678019],[-89.353326,14.424133],[-89.587343,14.362586],[-89.534219,14.244816],[-89.721934,14.134228],[-90.064678,13.88197],[-90.095555,13.735338]]]}},
{"type":"Feature","id":"GUF","cc":"GF","properties":{"name":"French Guiana"},"geometry":{"type":"Polygon","coordinates":[[[-52.556425,2.504705],[-52.939657,2.124858],[-53.418465,2.053389],[-53.554839,2.334897],[-53.778521,2.376703],[-54.088063,2.105557],[-54.524754,2.311849],[-54.27123,2.738748],[-54.184284,3.194172],[-54.011504,3.62257],[-54.399542,4.212611],[-54.478633,4.896756],[-53.958045,5.756548],[-53.618453,5.646529],[-52.882141,5.409851],[-51.823343,4.565768],[-51.657797,4.156232],[-52.249338,3.241094],[-52.556425,2.504705]]]}},
{"type":"Feature","id":"GUY","cc":"GY","properties":{"name":"Guyana"},"geometry":{"type":"Polygon","coordinates":[[[-59.758285,8.367035],[-59.101684,7.999202],[-58.482962,7.347691],[-58.454876,6.832787],[-58.078103,6.809094],[-57.542219,6.321268],[-57.147436,5.97315],[-57.307246,5.073567],[-57.914289,4.812626],[-57.86021,4.576801],[-58.044694,4.060864],[-57.601569,3.334655],[-57.281433,3.333492],[-57.150098,2.768927],[-56.539386,1.899523],[-56.782704,1.863711],[-57.335823,1.948538],[-57.660971,1.682585],[-58.11345,1.507195],[-58.429477,1.463942],[-58.540013,1.268088],[-59.030862,1.317698],[-59.646044,1.786894],[-59.718546,2.24963],[-59.974525,2.755233],[-59.815413,3.606499],[-59.53804,3.958803],[-59.767406,4.423503],[-60.111002,4.574967],[-59.980959,5.014061],[-60.213683,5.244486],[-60.733574,5.200277],[-61.410303,5.959068],[-61.139415,6.234297],[-61.159336,6.696077],[-60.543999,6.856584],[-60.295668,7.043911],[-60.637973,7.415],[-60.550588,7.779603],[-59.758285,8.367035]]]}},
{"type":"Feature","id":"HND","cc":"HN","properties":{"name":"Honduras"},"geometry":{"type":"Polygon","coordinates":[[[-87.316654,12.984686],[-87.489409,13.297535],[-87.793111,13.38448],[-87.723503,13.78505],[-87.859515,13.893312],[-88.065343,13.964626],[-88.503998,13.845486],[-88.541231,13.980155],[-88.843073,14.140507],[-89.058512,14.340029],[-89.353326,14.424133],[-89.145535,14.678019],[-89.22522,14.874286],[-89.154811,15.066419],[-88.68068,15.346247],[-88.225023,15.727722],[-88.121153,15.688655],[-87.901813,15.864458],[-87.61568,15.878799],[-87.522921,15.797279],[-87.367762,15.84694],[-86.903191,15.756713],[-86.440946,15.782835],[-86.119234,15.893449],[-86.001954,16.005406],[-85.683317,15.953652],[-85.444004,15.885749],[-85.182444,15.909158],[-84.983722,15.995923],[-84.52698,15.857224],[-84.368256,15.835158],[-84.063055,15.648244],[-83.773977,15.424072],[-83.410381,15.270903],[-83.147219,14.995829],[-83.489989,15.016267],[-83.628585,14.880074],[-83.975721,14.749436],[-84.228342,14.748764],[-84.449336,14.621614],[-84.649582,14.666805],[-84.820037,14.819587],[-84.924501,14.790493],[-85.052787,14.551541],[-85.148751,14.560197],[-85.165365,14.35437],[-85.514413,14.079012],[-85.698665,13.960078],[-85.801295,13.836055],[-86.096264,14.038187],[-86.312142,13.771356],[-86.520708,13.778487],[-86.755087,13.754845],[-86.733822,13.263093],[-86.880557,13.254204],[-87.005769,13.025794],[-87.316654,12.984686]]]}},
{"type":"Feature","id":"HRV","cc":"HR","properties":{"name":"Croatia"},"geometry":{"type":"Polygon","coordinates":[[[18.829838,45.908878],[19.072769,45.521511],[19.390476,45.236516],[19.005486,44.860234],[18.553214,45.08159],[17.861783,45.06774],[17.002146,45.233777],[16.534939,45.211608],[16.318157,45.004127],[15.959367,45.233777],[15.750026,44.818712],[16.23966,44.351143],[16.456443,44.04124],[16.916156,43.667722],[17.297373,43.446341],[17.674922,43.028563],[18.56,42.65],[18.450016,42.479991],[17.50997,42.849995],[16.930006,43.209998],[16.015385,43.507215],[15.174454,44.243191],[15.37625,44.317915],[14.920309,44.738484],[14.901602,45.07606],[14.258748,45.233777],[13.952255,44.802124],[13.656976,45.136935],[13.679403,45.484149],[13.71506,45.500324],[14.411968,45.466166],[14.595109,45.634941],[14.935244,45.471695],[15.327675,45.452316],[15.323954,45.731783],[15.67153,45.834154],[15.768733,46.238108],[16.564808,46.503751],[16.882515,46.380632],[17.630066,45.951769],[18.456062,45.759481],[18.829838,45.908878]]]}},
{"type":"Feature","id":"HTI","cc":"HT","properties":{"name":"Haiti"},"geometry":{"type":"Polygon","coordinates":[[[-73.189791,19.915684],[-72.579673,19.871501],[-71.712361,19.714456],[-71.624873,19.169838],[-71.701303,18.785417],[-71.945112,18.6169],[-71.687738,18.31666],[-71.708305,18.044997],[-72.372476,18.214961],[-72.844411,18.145611],[-73.454555,18.217906],[-73.922433,18.030993],[-74.458034,18.34255],[-74.369925,18.664908],[-73.449542,18.526053],[-72.694937,18.445799],[-72.334882,18.668422],[-72.79165,19.101625],[-72.784105,19.483591],[-73.415022,19.639551],[-73.189791,19.915684]]]}},
{"type":"Feature","id":"HUN","cc":"HU","properties":{"name":"Hungary"},"geometry":{"type":"Polygon","coordinates":[[[16.202298,46.852386],[16.534268,47.496171],[16.340584,47.712902],[16.903754,47.714866],[16.979667,48.123497],[17.488473,47.867466],[17.857133,47.758429],[18.696513,47.880954],[18.777025,48.081768],[19.174365,48.111379],[19.661364,48.266615],[19.769471,48.202691],[20.239054,48.327567],[20.473562,48.56285],[20.801294,48.623854],[21.872236,48.319971],[22.085608,48.422264],[22.64082,48.15024],[22.710531,47.882194],[22.099768,47.672439],[21.626515,46.994238],[21.021952,46.316088],[20.220192,46.127469],[19.596045,46.17173],[18.829838,45.908878],[18.456062,45.759481],[17.630066,45.951769],[16.882515,46.380632],[16.564808,46.503751],[16.370505,46.841327],[16.202298,46.852386]]]}},
{"type":"Feature","id":"IDN","cc":"ID","properties":{"name":"Indonesia"},"geometry":{"type":"MultiPolygon","coordinates":[[[[120.715609,-10.239581],[120.295014,-10.25865],[118.967808,-9.557969],[119.90031,-9.36134],[120.425756,-9.665921],[120.775502,-9.969675],[120.715609,-10.239581]]],[[[124.43595,-10.140001],[123.579982,-10.359987],[123.459989,-10.239995],[123.550009,-9.900016],[123.980009,-9.290027],[124.968682,-8.89279],[125.07002,-9.089987],[125.08852,-9.393173],[124.43595,-10.140001]]],[[[117.900018,-8.095681],[118.260616,-8.362383],[118.87846,-8.280683],[119.126507,-8.705825],[117.970402,-8.906639],[117.277731,-9.040895],[116.740141,-9.032937],[117.083737,-8.457158],[117.632024,-8.449303],[117.900018,-8.095681]]],[[[122.903537,-8.094234],[122.756983,-8.649808],[121.254491,-8.933666],[119.924391,-8.810418],[119.920929,-8.444859],[120.715092,-8.236965],[121.341669,-8.53674],[122.007365,-8.46062],[122.903537,-8.094234]]],[[[108.623479,-6.777674],[110.539227,-6.877358],[110.759576,-6.465186],[112.614811,-6.946036],[112.978768,-7.594213],[114.478935,-7.776528],[115.705527,-8.370807],[114.564511,-8.751817],[113.464734,-8.348947],[112.559672,-8.376181],[111.522061,-8.302129],[110.58615,-8.122605],[109.427667,-7.740664],[108.693655,-7.6416],[108.277763,-7.766657],[106.454102,-7.3549],[106.280624,-6.9249],[105.365486,-6.851416],[106.051646,-5.895919],[107.265009,-5.954985],[108.072091,-6.345762],[108.486846,-6.421985],[108.623479,-6.777674]]],[[[134.724624,-6.214401],[134.210134,-6.895238],[134.112776,-6.142467],[134.290336,-5.783058],[134.499625,-5.445042],[134.727002,-5.737582],[134.724624,-6.214401]]],[[[127.249215,-3.459065],[126.874923,-3.790983],[126.183802,-3.607376],[125.989034,-3.177273],[127.000651,-3.129318],[127.249215,-3.459065]]],[[[130.471344,-3.093764],[130.834836,-3.858472],[129.990547,-3.446301],[129.155249,-3.362637],[128.590684,-3.428679],[127.898891,-3.393436],[128.135879,-2.84365],[129.370998,-2.802154],[130.471344,-3.093764]]],[[[134.143368,-1.151867],[134.422627,-2.769185],[135.457603,-3.367753],[136.293314,-2.307042],[137.440738,-1.703513],[138.329727,-1.702686],[139.184921,-2.051296],[139.926684,-2.409052],[141.00021,-2.600151],[141.017057,-5.859022],[141.033852,-9.117893],[140.143415,-8.297168],[139.127767,-8.096043],[138.881477,-8.380935],[137.614474,-8.411683],[138.039099,-7.597882],[138.668621,-7.320225],[138.407914,-6.232849],[137.92784,-5.393366],[135.98925,-4.546544],[135.164598,-4.462931],[133.66288,-3.538853],[133.367705,-4.024819],[132.983956,-4.112979],[132.756941,-3.746283],[132.753789,-3.311787],[131.989804,-2.820551],[133.066845,-2.460418],[133.780031,-2.479848],[133.696212,-2.214542],[132.232373,-2.212526],[131.836222,-1.617162],[130.94284,-1.432522],[130.519558,-0.93772],[131.867538,-0.695461],[132.380116,-0.369538],[133.985548,-0.78021],[134.143368,-1.151867]]],[[[125.240501,1.419836],[124.437035,0.427881],[123.685505,0.235593],[122.723083,0.431137],[121.056725,0.381217],[120.183083,0.237247],[120.04087,-0.519658],[120.935905,-1.408906],[121.475821,-0.955962],[123.340565,-0.615673],[123.258399,-1.076213],[122.822715,-0.930951],[122.38853,-1.516858],[121.508274,-1.904483],[122.454572,-3.186058],[122.271896,-3.5295],[123.170963,-4.683693],[123.162333,-5.340604],[122.628515,-5.634591],[122.236394,-5.282933],[122.719569,-4.464172],[121.738234,-4.851331],[121.489463,-4.574553],[121.619171,-4.188478],[120.898182,-3.602105],[120.972389,-2.627643],[120.305453,-2.931604],[120.390047,-4.097579],[120.430717,-5.528241],[119.796543,-5.6734],[119.366906,-5.379878],[119.653606,-4.459417],[119.498835,-3.494412],[119.078344,-3.487022],[118.767769,-2.801999],[119.180974,-2.147104],[119.323394,-1.353147],[119.825999,0.154254],[120.035702,0.566477],[120.885779,1.309223],[121.666817,1.013944],[122.927567,0.875192],[124.077522,0.917102],[125.065989,1.643259],[125.240501,1.419836]]],[[[128.688249,1.132386],[128.635952,0.258486],[128.12017,0.356413],[127.968034,-0.252077],[128.379999,-0.780004],[128.100016,-0.899996],[127.696475,-0.266598],[127.39949,1.011722],[127.600512,1.810691],[127.932378,2.174596],[128.004156,1.628531],[128.594559,1.540811],[128.688249,1.132386]]],[[[117.875627,1.827641],[118.996747,0.902219],[117.811858,0.784242],[117.478339,0.102475],[117.521644,-0.803723],[116.560048,-1.487661],[116.533797,-2.483517],[116.148084,-4.012726],[116.000858,-3.657037],[114.864803,-4.106984],[114.468652,-3.495704],[113.755672,-3.43917],[113.256994,-3.118776],[112.068126,-3.478392],[111.703291,-2.994442],[111.04824,-3.049426],[110.223846,-2.934032],[110.070936,-1.592874],[109.571948,-1.314907],[109.091874,-0.459507],[108.952658,0.415375],[109.069136,1.341934],[109.66326,2.006467],[109.830227,1.338136],[110.514061,0.773131],[111.159138,0.976478],[111.797548,0.904441],[112.380252,1.410121],[112.859809,1.49779],[113.80585,1.217549],[114.621355,1.430688],[115.134037,2.821482],[115.519078,3.169238],[115.865517,4.306559],[117.015214,4.306094],[117.882035,4.137551],[117.313232,3.234428],[118.04833,2.28769],[117.875627,1.827641]]],[[[105.817655,-5.852356],[104.710384,-5.873285],[103.868213,-5.037315],[102.584261,-4.220259],[102.156173,-3.614146],[101.399113,-2.799777],[100.902503,-2.050262],[100.141981,-0.650348],[99.26374,0.183142],[98.970011,1.042882],[98.601351,1.823507],[97.699598,2.453184],[97.176942,3.308791],[96.424017,3.86886],[95.380876,4.970782],[95.293026,5.479821],[95.936863,5.439513],[97.484882,5.246321],[98.369169,4.26837],[99.142559,3.59035],[99.693998,3.174329],[100.641434,2.099381],[101.658012,2.083697],[102.498271,1.3987],[103.07684,0.561361],[103.838396,0.104542],[103.437645,-0.711946],[104.010789,-1.059212],[104.369991,-1.084843],[104.53949,-1.782372],[104.887893,-2.340425],[105.622111,-2.428844],[106.108593,-3.061777],[105.857446,-4.305525],[105.817655,-5.852356]]]]}},
{"type":"Feature","id":"IND","cc":"IN","properties":{"name":"India"},"geometry":{"type":"Polygon","coordinates":[[[77.837451,35.49401],[78.912269,34.321936],[78.811086,33.506198],[79.208892,32.994395],[79.176129,32.48378],[78.458446,32.618164],[78.738894,31.515906],[79.721367,30.882715],[81.111256,30.183481],[80.476721,29.729865],[80.088425,28.79447],[81.057203,28.416095],[81.999987,27.925479],[83.304249,27.364506],[84.675018,27.234901],[85.251779,26.726198],[86.024393,26.630985],[87.227472,26.397898],[88.060238,26.414615],[88.174804,26.810405],[88.043133,27.445819],[88.120441,27.876542],[88.730326,28.086865],[88.814248,27.299316],[88.835643,27.098966],[89.744528,26.719403],[90.373275,26.875724],[91.217513,26.808648],[92.033484,26.83831],[92.103712,27.452614],[91.696657,27.771742],[92.503119,27.896876],[93.413348,28.640629],[94.56599,29.277438],[95.404802,29.031717],[96.117679,29.452802],[96.586591,28.83098],[96.248833,28.411031],[97.327114,28.261583],[97.402561,27.882536],[97.051989,27.699059],[97.133999,27.083774],[96.419366,27.264589],[95.124768,26.573572],[95.155153,26.001307],[94.603249,25.162495],[94.552658,24.675238],[94.106742,23.850741],[93.325188,24.078556],[93.286327,23.043658],[93.060294,22.703111],[93.166128,22.27846],[92.672721,22.041239],[92.146035,23.627499],[91.869928,23.624346],[91.706475,22.985264],[91.158963,23.503527],[91.46773,24.072639],[91.915093,24.130414],[92.376202,24.976693],[91.799596,25.147432],[90.872211,25.132601],[89.920693,25.26975],[89.832481,25.965082],[89.355094,26.014407],[88.563049,26.446526],[88.209789,25.768066],[88.931554,25.238692],[88.306373,24.866079],[88.084422,24.501657],[88.69994,24.233715],[88.52977,23.631142],[88.876312,22.879146],[89.031961,22.055708],[88.888766,21.690588],[88.208497,21.703172],[86.975704,21.495562],[87.033169,20.743308],[86.499351,20.151638],[85.060266,19.478579],[83.941006,18.30201],[83.189217,17.671221],[82.192792,17.016636],[82.191242,16.556664],[81.692719,16.310219],[80.791999,15.951972],[80.324896,15.899185],[80.025069,15.136415],[80.233274,13.835771],[80.286294,13.006261],[79.862547,12.056215],[79.857999,10.357275],[79.340512,10.308854],[78.885345,9.546136],[79.18972,9.216544],[78.277941,8.933047],[77.941165,8.252959],[77.539898,7.965535],[76.592979,8.899276],[76.130061,10.29963],[75.746467,11.308251],[75.396101,11.781245],[74.864816,12.741936],[74.616717,13.992583],[74.443859,14.617222],[73.534199,15.990652],[73.119909,17.92857],[72.820909,19.208234],[72.824475,20.419503],[72.630533,21.356009],[71.175273,20.757441],[70.470459,20.877331],[69.16413,22.089298],[69.644928,22.450775],[69.349597,22.84318],[68.176645,23.691965],[68.842599,24.359134],[71.04324,24.356524],[70.844699,25.215102],[70.282873,25.722229],[70.168927,26.491872],[69.514393,26.940966],[70.616496,27.989196],[71.777666,27.91318],[72.823752,28.961592],[73.450638,29.976413],[74.42138,30.979815],[74.405929,31.692639],[75.258642,32.271105],[74.451559,32.7649],[74.104294,33.441473],[73.749948,34.317699],[74.240203,34.748887],[75.757061,34.504923],[76.871722,34.653544],[77.837451,35.49401]]]}},
{"type":"Feature","id":"IRL","cc":"IE","properties":{"name":"Ireland"},"geometry":{"type":"Polygon","coordinates":[[[-6.197885,53.867565],[-6.032985,53.153164],[-6.788857,52.260118],[-8.561617,51.669301],[-9.977086,51.820455],[-9.166283,52.864629],[-9.688525,53.881363],[-8.327987,54.664519],[-7.572168,55.131622],[-7.366031,54.595841],[-7.572168,54.059956],[-6.95373,54.073702],[-6.197885,53.867565]]]}},
{"type":"Feature","id":"IRN","cc":"IR","properties":{"name":"Iran"},"geometry":{"type":"Polygon","coordinates":[[[53.921598,37.198918],[54.800304,37.392421],[55.511578,37.964117],[56.180375,37.935127],[56.619366,38.121394],[57.330434,38.029229],[58.436154,37.522309],[59.234762,37.412988],[60.377638,36.527383],[61.123071,36.491597],[61.210817,35.650072],[60.803193,34.404102],[60.52843,33.676446],[60.9637,33.528832],[60.536078,32.981269],[60.863655,32.18292],[60.941945,31.548075],[61.699314,31.379506],[61.781222,30.73585],[60.874248,29.829239],[61.369309,29.303276],[61.771868,28.699334],[62.72783,28.259645],[62.755426,27.378923],[63.233898,27.217047],[63.316632,26.756532],[61.874187,26.239975],[61.497363,25.078237],[59.616134,25.380157],[58.525761,25.609962],[57.397251,25.739902],[56.970766,26.966106],[56.492139,27.143305],[55.72371,26.964633],[54.71509,26.480658],[53.493097,26.812369],[52.483598,27.580849],[51.520763,27.86569],[50.852948,28.814521],[50.115009,30.147773],[49.57685,29.985715],[48.941333,30.31709],[48.567971,29.926778],[48.014568,30.452457],[48.004698,30.985137],[47.685286,30.984853],[47.849204,31.709176],[47.334661,32.469155],[46.109362,33.017287],[45.416691,33.967798],[45.64846,34.748138],[46.151788,35.093259],[46.07634,35.677383],[45.420618,35.977546],[44.77267,37.17045],[44.225756,37.971584],[44.421403,38.281281],[44.109225,39.428136],[44.79399,39.713003],[44.952688,39.335765],[45.457722,38.874139],[46.143623,38.741201],[46.50572,38.770605],[47.685079,39.508364],[48.060095,39.582235],[48.355529,39.288765],[48.010744,38.794015],[48.634375,38.270378],[48.883249,38.320245],[49.199612,37.582874],[50.147771,37.374567],[50.842354,36.872814],[52.264025,36.700422],[53.82579,36.965031],[53.921598,37.198918]]]}},
{"type":"Feature","id":"IRQ","cc":"IQ","properties":{"name":"Iraq"},"geometry":{"type":"Polygon","coordinates":[[[45.420618,35.977546],[46.07634,35.677383],[46.151788,35.093259],[45.64846,34.748138],[45.416691,33.967798],[46.109362,33.017287],[47.334661,32.469155],[47.849204,31.709176],[47.685286,30.984853],[48.004698,30.985137],[48.014568,30.452457],[48.567971,29.926778],[47.974519,29.975819],[47.302622,30.05907],[46.568713,29.099025],[44.709499,29.178891],[41.889981,31.190009],[40.399994,31.889992],[39.195468,32.161009],[38.792341,33.378686],[41.006159,34.419372],[41.383965,35.628317],[41.289707,36.358815],[41.837064,36.605854],[42.349591,37.229873],[42.779126,37.385264],[43.942259,37.256228],[44.293452,37.001514],[44.772699,37.170445],[45.420618,35.977546]]]}},
{"type":"Feature","id":"ISL","cc":"IS","properties":{"name":"Iceland"},"geometry":{"type":"Polygon","coordinates":[[[-14.508695,66.455892],[-14.739637,65.808748],[-13.609732,65.126671],[-14.909834,64.364082],[-17.794438,63.678749],[-18.656246,63.496383],[-19.972755,63.643635],[-22.762972,63.960179],[-21.778484,64.402116],[-23.955044,64.89113],[-22.184403,65.084968],[-22.227423,65.378594],[-24.326184,65.611189],[-23.650515,66.262519],[-22.134922,66.410469],[-20.576284,65.732112],[-19.056842,66.276601],[-17.798624,65.993853],[-16.167819,66.526792],[-14.508695,66.455892]]]}},
{"type":"Feature","id":"PSE","cc":"PS","properties":{"name":"Palestinian Territory"},"geometry":{"type":"Polygon","coordinates":[[[35.545665,32.393992],[35.545252,31.782505],[35.397561,31.489086],[34.927408,31.353435],[34.970507,31.616778],[35.225892,31.754341],[34.974641,31.866582],[35.18393,32.532511],[35.545665,32.393992]]]}},
{"type":"Feature","id":"ITA","cc":"IT","properties":{"name":"Italy"},"geometry":{"type":"MultiPolygon","coordinates":[[[[15.520376,38.231155],[15.160243,37.444046],[15.309898,37.134219],[15.099988,36.619987],[14.335229,36.996631],[13.826733,37.104531],[12.431004,37.61295],[12.570944,38.126381],[13.741156,38.034966],[14.761249,38.143874],[15.520376,38.231155]]],[[[9.210012,41.209991],[9.809975,40.500009],[9.669519,39.177376],[9.214818,39.240473],[8.806936,38.906618],[8.428302,39.171847],[8.388253,40.378311],[8.159998,40.950007],[8.709991,40.899984],[9.210012,41.209991]]],[[[12.376485,46.767559],[13.806475,46.509306],[13.69811,46.016778],[13.93763,45.591016],[13.141606,45.736692],[12.328581,45.381778],[12.383875,44.885374],[12.261453,44.600482],[12.589237,44.091366],[13.526906,43.587727],[14.029821,42.761008],[15.14257,41.95514],[15.926191,41.961315],[16.169897,41.740295],[15.889346,41.541082],[16.785002,41.179606],[17.519169,40.877143],[18.376687,40.355625],[18.480247,40.168866],[18.293385,39.810774],[17.73838,40.277671],[16.869596,40.442235],[16.448743,39.795401],[17.17149,39.4247],[17.052841,38.902871],[16.635088,38.843572],[16.100961,37.985899],[15.684087,37.908849],[15.687963,38.214593],[15.891981,38.750942],[16.109332,38.964547],[15.718814,39.544072],[15.413613,40.048357],[14.998496,40.172949],[14.703268,40.60455],[14.060672,40.786348],[13.627985,41.188287],[12.888082,41.25309],[12.106683,41.704535],[11.191906,42.355425],[10.511948,42.931463],[10.200029,43.920007],[9.702488,44.036279],[8.888946,44.366336],[8.428561,44.231228],[7.850767,43.767148],[7.435185,43.693845],[7.549596,44.127901],[7.007562,44.254767],[6.749955,45.028518],[7.096652,45.333099],[6.802355,45.70858],[6.843593,45.991147],[7.273851,45.776948],[7.755992,45.82449],[8.31663,46.163642],[8.489952,46.005151],[8.966306,46.036932],[9.182882,46.440215],[9.922837,46.314899],[10.363378,46.483571],[10.442701,46.893546],[11.048556,46.751359],[11.164828,46.941579],[12.153088,47.115393],[12.376485,46.767559]]]]}},
{"type":"Feature","id":"JAM","cc":"JM","properties":{"name":"Jamaica"},"geometry":{"type":"Polygon","coordinates":[[[-77.569601,18.490525],[-76.896619,18.400867],[-76.365359,18.160701],[-76.199659,17.886867],[-76.902561,17.868238],[-77.206341,17.701116],[-77.766023,17.861597],[-78.337719,18.225968],[-78.217727,18.454533],[-77.797365,18.524218],[-77.569601,18.490525]]]}},
{"type":"Feature","id":"JOR","cc":"JO","properties":{"name":"Jordan"},"geometry":{"type":"Polygon","coordinates":[[[35.545665,32.393992],[35.719918,32.709192],[36.834062,32.312938],[38.792341,33.378686],[39.195468,32.161009],[39.004886,32.010217],[37.002166,31.508413],[37.998849,30.5085],[37.66812,30.338665],[37.503582,30.003776],[36.740528,29.865283],[36.501214,29.505254],[36.068941,29.197495],[34.956037,29.356555],[34.922603,29.501326],[35.420918,31.100066],[35.397561,31.489086],[35.545252,31.782505],[35.545665,32.393992]]]}},
{"type":"Feature","id":"JPN","cc":"JP","properties":{"name":"Japan"},"geometry":{"type":"MultiPolygon","coordinates":[[[[134.638428,34.149234],[134.766379,33.806335],[134.203416,33.201178],[133.79295,33.521985],[133.280268,33.28957],[133.014858,32.704567],[132.363115,32.989382],[132.371176,33.463642],[132.924373,34.060299],[133.492968,33.944621],[133.904106,34.364931],[134.638428,34.149234]]],[[[140.976388,37.142074],[140.59977,36.343983],[140.774074,35.842877],[140.253279,35.138114],[138.975528,34.6676],[137.217599,34.606286],[135.792983,33.464805],[135.120983,33.849071],[135.079435,34.596545],[133.340316,34.375938],[132.156771,33.904933],[130.986145,33.885761],[132.000036,33.149992],[131.33279,31.450355],[130.686318,31.029579],[130.20242,31.418238],[130.447676,32.319475],[129.814692,32.61031],[129.408463,33.296056],[130.353935,33.604151],[130.878451,34.232743],[131.884229,34.749714],[132.617673,35.433393],[134.608301,35.731618],[135.677538,35.527134],[136.723831,37.304984],[137.390612,36.827391],[138.857602,37.827485],[139.426405,38.215962],[140.05479,39.438807],[139.883379,40.563312],[140.305783,41.195005],[141.368973,41.37856],[141.914263,39.991616],[141.884601,39.180865],[140.959489,38.174001],[140.976388,37.142074]]],[[[143.910162,44.1741],[144.613427,43.960883],[145.320825,44.384733],[145.543137,43.262088],[144.059662,42.988358],[143.18385,41.995215],[141.611491,42.678791],[141.067286,41.584594],[139.955106,41.569556],[139.817544,42.563759],[140.312087,43.333273],[141.380549,43.388825],[141.671952,44.772125],[141.967645,45.551483],[143.14287,44.510358],[143.910162,44.1741]]]]}},
{"type":"Feature","id":"KAZ","cc":"KZ","properties":{"name":"Kazakhstan"},"geometry":{"type":"Polygon","coordinates":[[[70.962315,42.266154],[70.388965,42.081308],[69.070027,41.384244],[68.632483,40.668681],[68.259896,40.662325],[67.985856,41.135991],[66.714047,41.168444],[66.510649,41.987644],[66.023392,41.994646],[66.098012,42.99766],[64.900824,43.728081],[63.185787,43.650075],[62.0133,43.504477],[61.05832,44.405817],[60.239972,44.784037],[58.689989,45.500014],[58.503127,45.586804],[55.928917,44.995858],[55.968191,41.308642],[55.455251,41.259859],[54.755345,42.043971],[54.079418,42.324109],[52.944293,42.116034],[52.50246,41.783316],[52.446339,42.027151],[52.692112,42.443895],[52.501426,42.792298],[51.342427,43.132975],[50.891292,44.031034],[50.339129,44.284016],[50.305643,44.609836],[51.278503,44.514854],[51.316899,45.245998],[52.16739,45.408391],[53.040876,45.259047],[53.220866,46.234646],[53.042737,46.853006],[52.042023,46.804637],[51.191945,47.048705],[50.034083,46.60899],[49.10116,46.39933],[48.593241,46.561034],[48.694734,47.075628],[48.057253,47.743753],[47.315231,47.715847],[46.466446,48.394152],[47.043672,49.152039],[46.751596,49.356006],[47.54948,50.454698],[48.577841,49.87476],[48.702382,50.605128],[50.766648,51.692762],[52.328724,51.718652],[54.532878,51.02624],[55.716941,50.621717],[56.777961,51.043551],[58.363291,51.063653],[59.642282,50.545442],[59.932807,50.842194],[61.337424,50.79907],[61.588003,51.272659],[59.967534,51.96042],[60.927269,52.447548],[60.739993,52.719986],[61.699986,52.979996],[60.978066,53.664993],[61.436591,54.006265],[65.178534,54.354228],[65.666876,54.601267],[68.1691,54.970392],[69.068167,55.38525],[70.865267,55.169734],[71.180131,54.133285],[72.22415,54.376655],[73.508516,54.035617],[73.425679,53.48981],[74.384845,53.546861],[76.8911,54.490524],[76.525179,54.177003],[77.800916,53.404415],[80.03556,50.864751],[80.568447,51.388336],[81.945986,50.812196],[83.383004,51.069183],[83.935115,50.889246],[84.416377,50.3114],[85.11556,50.117303],[85.54127,49.692859],[86.829357,49.826675],[87.35997,49.214981],[86.598776,48.549182],[85.768233,48.455751],[85.720484,47.452969],[85.16429,47.000956],[83.180484,47.330031],[82.458926,45.53965],[81.947071,45.317027],[79.966106,44.917517],[80.866206,43.180362],[80.18015,42.920068],[80.25999,42.349999],[79.643645,42.496683],[79.142177,42.856092],[77.658392,42.960686],[76.000354,42.988022],[75.636965,42.8779],[74.212866,43.298339],[73.645304,43.091272],[73.489758,42.500894],[71.844638,42.845395],[71.186281,42.704293],[70.962315,42.266154]]]}},
{"type":"Feature","id":"KEN","cc":"KE","properties":{"name":"Kenya"},"geometry":{"type":"Polygon","coordinates":[[[40.993,-0.85829],[41.58513,-1.68325],[40.88477,-2.08255],[40.63785,-2.49979],[40.26304,-2.57309],[40.12119,-3.27768],[39.80006,-3.68116],[39.60489,-4.34653],[39.20222,-4.67677],[37.7669,-3.67712],[37.69869,-3.09699],[34.07262,-1.05982],[33.903711,-0.95],[33.893569,0.109814],[34.18,0.515],[34.6721,1.17694],[35.03599,1.90584],[34.59607,3.05374],[34.47913,3.5556],[34.005,4.249885],[34.620196,4.847123],[35.298007,5.506],[35.817448,5.338232],[35.817448,4.776966],[36.159079,4.447864],[36.855093,4.447864],[38.120915,3.598605],[38.43697,3.58851],[38.67114,3.61607],[38.89251,3.50074],[39.559384,3.42206],[39.85494,3.83879],[40.76848,4.25702],[41.1718,3.91909],[41.855083,3.918912],[40.98105,2.78452],[40.993,-0.85829]]]}},
{"type":"Feature","id":"KGZ","cc":"KG","properties":{"name":"Kyrgyzstan"},"geometry":{"type":"Polygon","coordinates":[[[70.962315,42.266154],[71.186281,42.704293],[71.844638,42.845395],[73.489758,42.500894],[73.645304,43.091272],[74.212866,43.298339],[75.636965,42.8779],[76.000354,42.988022],[77.658392,42.960686],[79.142177,42.856092],[79.643645,42.496683],[80.25999,42.349999],[80.11943,42.123941],[78.543661,41.582243],[78.187197,41.185316],[76.904484,41.066486],[76.526368,40.427946],[75.467828,40.562072],[74.776862,40.366425],[73.822244,39.893973],[73.960013,39.660008],[73.675379,39.431237],[71.784694,39.279463],[70.549162,39.604198],[69.464887,39.526683],[69.55961,40.103211],[70.648019,39.935754],[71.014198,40.244366],[71.774875,40.145844],[73.055417,40.866033],[71.870115,41.3929],[71.157859,41.143587],[70.420022,41.519998],[71.259248,42.167711],[70.962315,42.266154]]]}},
{"type":"Feature","id":"KHM","cc":"KH","properties":{"name":"Cambodia"},"geometry":{"type":"Polygon","coordinates":[[[103.49728,10.632555],[103.09069,11.153661],[102.584932,12.186595],[102.348099,13.394247],[102.988422,14.225721],[104.281418,14.416743],[105.218777,14.273212],[106.043946,13.881091],[106.496373,14.570584],[107.382727,14.202441],[107.614548,13.535531],[107.491403,12.337206],[105.810524,11.567615],[106.24967,10.961812],[105.199915,10.88931],[104.334335,10.486544],[103.49728,10.632555]]]}},
{"type":"Feature","id":"KOR","cc":"KR","properties":{"name":"South Korea"},"geometry":{"type":"Polygon","coordinates":[[[128.349716,38.612243],[129.21292,37.432392],[129.46045,36.784189],[129.468304,35.632141],[129.091377,35.082484],[128.18585,34.890377],[127.386519,34.475674],[126.485748,34.390046],[126.37392,34.93456],[126.559231,35.684541],[126.117398,36.725485],[126.860143,36.893924],[126.174759,37.749686],[126.237339,37.840378],[126.68372,37.804773],[127.073309,38.256115],[127.780035,38.304536],[128.205746,38.370397],[128.349716,38.612243]]]}},
{"type":"Feature","id":"XKR","cc":"XK","properties":{"name":"Kosovo"},"geometry":{"type":"Polygon","coordinates":[[[20.76216,42.05186],[20.71731,41.84711],[20.59023,41.85541],[20.52295,42.21787],[20.28374,42.32025],[20.0707,42.58863],[20.25758,42.81275],[20.49679,42.88469],[20.63508,43.21671],[20.81448,43.27205],[20.95651,43.13094],[21.143395,43.068685],[21.27421,42.90959],[21.43866,42.86255],[21.63302,42.67717],[21.77505,42.6827],[21.66292,42.43922],[21.54332,42.32025],[21.576636,42.245224],[21.3527,42.2068],[20.76216,42.05186]]]}},
{"type":"Feature","id":"KWT","cc":"KW","properties":{"name":"Kuwait"},"geometry":{"type":"Polygon","coordinates":[[[47.974519,29.975819],[48.183189,29.534477],[48.093943,29.306299],[48.416094,28.552004],[47.708851,28.526063],[47.459822,29.002519],[46.568713,29.099025],[47.302622,30.05907],[47.974519,29.975819]]]}},
{"type":"Feature","id":"LAO","cc":"LA","properties":{"name":"Laos"},"geometry":{"type":"Polygon","coordinates":[[[105.218777,14.273212],[105.544338,14.723934],[105.589039,15.570316],[104.779321,16.441865],[104.716947,17.428859],[103.956477,18.240954],[103.200192,18.309632],[102.998706,17.961695],[102.413005,17.932782],[102.113592,18.109102],[101.059548,17.512497],[101.035931,18.408928],[101.282015,19.462585],[100.606294,19.508344],[100.548881,20.109238],[100.115988,20.41785],[100.329101,20.786122],[101.180005,21.436573],[101.270026,21.201652],[101.80312,21.174367],[101.652018,22.318199],[102.170436,22.464753],[102.754896,21.675137],[103.203861,20.766562],[104.435,20.758733],[104.822574,19.886642],[104.183388,19.624668],[103.896532,19.265181],[105.094598,18.666975],[105.925762,17.485315],[106.556008,16.604284],[107.312706,15.908538],[107.564525,15.202173],[107.382727,14.202441],[106.496373,14.570584],[106.043946,13.881091],[105.218777,14.273212]]]}},
{"type":"Feature","id":"LBN","cc":"LB","properties":{"name":"Lebanon"},"geometry":{"type":"Polygon","coordinates":[[[35.821101,33.277426],[35.552797,33.264275],[35.460709,33.08904],[35.126053,33.0909],[35.482207,33.90545],[35.979592,34.610058],[35.998403,34.644914],[36.448194,34.593935],[36.61175,34.201789],[36.06646,33.824912],[35.821101,33.277426]]]}},
{"type":"Feature","id":"LBR","cc":"LR","properties":{"name":"Liberia"},"geometry":{"type":"Polygon","coordinates":[[[-7.712159,4.364566],[-7.974107,4.355755],[-9.004794,4.832419],[-9.91342,5.593561],[-10.765384,6.140711],[-11.438779,6.785917],[-11.199802,7.105846],[-11.146704,7.396706],[-10.695595,7.939464],[-10.230094,8.406206],[-10.016567,8.428504],[-9.755342,8.541055],[-9.33728,7.928534],[-9.403348,7.526905],[-9.208786,7.313921],[-8.926065,7.309037],[-8.722124,7.711674],[-8.439298,7.686043],[-8.485446,7.395208],[-8.385452,6.911801],[-8.60288,6.467564],[-8.311348,6.193033],[-7.993693,6.12619],[-7.570153,5.707352],[-7.539715,5.313345],[-7.635368,5.188159],[-7.712159,4.364566]]]}},
{"type":"Feature","id":"LBY","cc":"LY","properties":{"name":"Libya"},"geometry":{"type":"Polygon","coordinates":[[[14.8513,22.86295],[14.143871,22.491289],[13.581425,23.040506],[11.999506,23.471668],[11.560669,24.097909],[10.771364,24.562532],[10.303847,24.379313],[9.948261,24.936954],[9.910693,25.365455],[9.319411,26.094325],[9.716286,26.512206],[9.629056,27.140953],[9.756128,27.688259],[9.683885,28.144174],[9.859998,28.95999],[9.805634,29.424638],[9.48214,30.307556],[9.970017,30.539325],[10.056575,30.961831],[9.950225,31.37607],[10.636901,31.761421],[10.94479,32.081815],[11.432253,32.368903],[11.488787,33.136996],[12.66331,32.79278],[13.08326,32.87882],[13.91868,32.71196],[15.24563,32.26508],[15.71394,31.37626],[16.61162,31.18218],[18.02109,30.76357],[19.08641,30.26639],[19.57404,30.52582],[20.05335,30.98576],[19.82033,31.75179],[20.13397,32.2382],[20.85452,32.7068],[21.54298,32.8432],[22.89576,32.63858],[23.2368,32.19149],[23.60913,32.18726],[23.9275,32.01667],[24.92114,31.89936],[25.16482,31.56915],[24.80287,31.08929],[24.95762,30.6616],[24.70007,30.04419],[25,29.238655],[25,25.6825],[25,22],[25,20.00304],[23.85,20],[23.83766,19.58047],[19.84926,21.49509],[15.86085,23.40972],[14.8513,22.86295]]]}},
{"type":"Feature","id":"LKA","cc":"LK","properties":{"name":"Sri Lanka"},"geometry":{"type":"Polygon","coordinates":[[[81.787959,7.523055],[81.637322,6.481775],[81.21802,6.197141],[80.348357,5.96837],[79.872469,6.763463],[79.695167,8.200843],[80.147801,9.824078],[80.838818,9.268427],[81.304319,8.564206],[81.787959,7.523055]]]}},
{"type":"Feature","id":"LSO","cc":"LS","properties":{"name":"Lesotho"},"geometry":{"type":"Polygon","coordinates":[[[28.978263,-28.955597],[29.325166,-29.257387],[29.018415,-29.743766],[28.8484,-30.070051],[28.291069,-30.226217],[28.107205,-30.545732],[27.749397,-30.645106],[26.999262,-29.875954],[27.532511,-29.242711],[28.074338,-28.851469],[28.5417,-28.647502],[28.978263,-28.955597]]]}},
{"type":"Feature","id":"LTU","cc":"LT","properties":{"name":"Lithuania"},"geometry":{"type":"Polygon","coordinates":[[[22.731099,54.327537],[22.651052,54.582741],[22.757764,54.856574],[22.315724,55.015299],[21.268449,55.190482],[21.0558,56.031076],[22.201157,56.337802],[23.878264,56.273671],[24.860684,56.372528],[25.000934,56.164531],[25.533047,56.100297],[26.494331,55.615107],[26.588279,55.167176],[25.768433,54.846963],[25.536354,54.282423],[24.450684,53.905702],[23.484128,53.912498],[23.243987,54.220567],[22.731099,54.327537]]]}},
{"type":"Feature","id":"LUX","cc":"LU","properties":{"name":"Luxembourg"},"geometry":{"type":"Polygon","coordinates":[[[6.043073,50.128052],[6.242751,49.902226],[6.18632,49.463803],[5.897759,49.442667],[5.674052,49.529484],[5.782417,50.090328],[6.043073,50.128052]]]}},
{"type":"Feature","id":"LVA","cc":"LV","properties":{"name":"Latvia"},"geometry":{"type":"Polygon","coordinates":[[[21.0558,56.031076],[21.090424,56.783873],[21.581866,57.411871],[22.524341,57.753374],[23.318453,57.006236],[24.12073,57.025693],[24.312863,57.793424],[25.164594,57.970157],[25.60281,57.847529],[26.463532,57.476389],[27.288185,57.474528],[27.770016,57.244258],[27.855282,56.759326],[28.176709,56.16913],[27.10246,55.783314],[26.494331,55.615107],[25.533047,56.100297],[25.000934,56.164531],[24.860684,56.372528],[23.878264,56.273671],[22.201157,56.337802],[21.0558,56.031076]]]}},
{"type":"Feature","id":"MAR","cc":"MA","properties":{"name":"Morocco"},"geometry":{"type":"Polygon","coordinates":[[[-5.193863,35.755182],[-4.591006,35.330712],[-3.640057,35.399855],[-2.604306,35.179093],[-2.169914,35.168396],[-1.792986,34.527919],[-1.733455,33.919713],[-1.388049,32.864015],[-1.124551,32.651522],[-1.307899,32.262889],[-2.616605,32.094346],[-3.06898,31.724498],[-3.647498,31.637294],[-3.690441,30.896952],[-4.859646,30.501188],[-5.242129,30.000443],[-6.060632,29.7317],[-7.059228,29.579228],[-8.674116,28.841289],[-8.66559,27.656426],[-8.817809,27.656426],[-8.817828,27.656426],[-8.794884,27.120696],[-9.413037,27.088476],[-9.735343,26.860945],[-10.189424,26.860945],[-10.551263,26.990808],[-11.392555,26.883424],[-11.71822,26.104092],[-12.030759,26.030866],[-12.500963,24.770116],[-13.89111,23.691009],[-14.221168,22.310163],[-14.630833,21.86094],[-14.750955,21.5006],[-17.002962,21.420734],[-17.020428,21.42231],[-16.973248,21.885745],[-16.589137,22.158234],[-16.261922,22.67934],[-16.326414,23.017768],[-15.982611,23.723358],[-15.426004,24.359134],[-15.089332,24.520261],[-14.824645,25.103533],[-14.800926,25.636265],[-14.43994,26.254418],[-13.773805,26.618892],[-13.139942,27.640148],[-13.121613,27.654148],[-12.618837,28.038186],[-11.688919,28.148644],[-10.900957,28.832142],[-10.399592,29.098586],[-9.564811,29.933574],[-9.814718,31.177736],[-9.434793,32.038096],[-9.300693,32.564679],[-8.657476,33.240245],[-7.654178,33.697065],[-6.912544,34.110476],[-6.244342,35.145865],[-5.929994,35.759988],[-5.193863,35.755182]]]}},
{"type":"Feature","id":"MDA","cc":"MD","properties":{"name":"Moldova"},"geometry":{"type":"Polygon","coordinates":[[[26.619337,48.220726],[26.857824,48.368211],[27.522537,48.467119],[28.259547,48.155562],[28.670891,48.118149],[29.122698,47.849095],[29.050868,47.510227],[29.415135,47.346645],[29.559674,46.928583],[29.908852,46.674361],[29.83821,46.525326],[30.024659,46.423937],[29.759972,46.349988],[29.170654,46.379262],[29.072107,46.517678],[28.862972,46.437889],[28.933717,46.25883],[28.659987,45.939987],[28.485269,45.596907],[28.233554,45.488283],[28.054443,45.944586],[28.160018,46.371563],[28.12803,46.810476],[27.551166,47.405117],[27.233873,47.826771],[26.924176,48.123264],[26.619337,48.220726]]]}},
{"type":"Feature","id":"MDG","cc":"MG","properties":{"name":"Madagascar"},"geometry":{"type":"Polygon","coordinates":[[[49.543519,-12.469833],[49.808981,-12.895285],[50.056511,-13.555761],[50.217431,-14.758789],[50.476537,-15.226512],[50.377111,-15.706069],[50.200275,-16.000263],[49.860606,-15.414253],[49.672607,-15.710204],[49.863344,-16.451037],[49.774564,-16.875042],[49.498612,-17.106036],[49.435619,-17.953064],[49.041792,-19.118781],[48.548541,-20.496888],[47.930749,-22.391501],[47.547723,-23.781959],[47.095761,-24.94163],[46.282478,-25.178463],[45.409508,-25.601434],[44.833574,-25.346101],[44.03972,-24.988345],[43.763768,-24.460677],[43.697778,-23.574116],[43.345654,-22.776904],[43.254187,-22.057413],[43.433298,-21.336475],[43.893683,-21.163307],[43.89637,-20.830459],[44.374325,-20.072366],[44.464397,-19.435454],[44.232422,-18.961995],[44.042976,-18.331387],[43.963084,-17.409945],[44.312469,-16.850496],[44.446517,-16.216219],[44.944937,-16.179374],[45.502732,-15.974373],[45.872994,-15.793454],[46.312243,-15.780018],[46.882183,-15.210182],[47.70513,-14.594303],[48.005215,-14.091233],[47.869047,-13.663869],[48.293828,-13.784068],[48.84506,-13.089175],[48.863509,-12.487868],[49.194651,-12.040557],[49.543519,-12.469833]]]}},
{"type":"Feature","id":"MEX","cc":"MX","properties":{"name":"Mexico"},"geometry":{"type":"Polygon","coordinates":[[[-97.140008,25.869997],[-97.528072,24.992144],[-97.702946,24.272343],[-97.776042,22.93258],[-97.872367,22.444212],[-97.699044,21.898689],[-97.38896,21.411019],[-97.189333,20.635433],[-96.525576,19.890931],[-96.292127,19.320371],[-95.900885,18.828024],[-94.839063,18.562717],[-94.42573,18.144371],[-93.548651,18.423837],[-92.786114,18.524839],[-92.037348,18.704569],[-91.407903,18.876083],[-90.77187,19.28412],[-90.53359,19.867418],[-90.451476,20.707522],[-90.278618,20.999855],[-89.601321,21.261726],[-88.543866,21.493675],[-87.658417,21.458846],[-87.05189,21.543543],[-86.811982,21.331515],[-86.845908,20.849865],[-87.383291,20.255405],[-87.621054,19.646553],[-87.43675,19.472403],[-87.58656,19.04013],[-87.837191,18.259816],[-88.090664,18.516648],[-88.300031,18.499982],[-88.490123,18.486831],[-88.848344,17.883198],[-89.029857,18.001511],[-89.150909,17.955468],[-89.14308,17.808319],[-90.067934,17.819326],[-91.00152,17.817595],[-91.002269,17.254658],[-91.453921,17.252177],[-91.08167,16.918477],[-90.711822,16.687483],[-90.600847,16.470778],[-90.438867,16.41011],[-90.464473,16.069562],[-91.74796,16.066565],[-92.229249,15.251447],[-92.087216,15.064585],[-92.20323,14.830103],[-92.22775,14.538829],[-93.359464,15.61543],[-93.875169,15.940164],[-94.691656,16.200975],[-95.250227,16.128318],[-96.053382,15.752088],[-96.557434,15.653515],[-97.263592,15.917065],[-98.01303,16.107312],[-98.947676,16.566043],[-99.697397,16.706164],[-100.829499,17.171071],[-101.666089,17.649026],[-101.918528,17.91609],[-102.478132,17.975751],[-103.50099,18.292295],[-103.917527,18.748572],[-104.99201,19.316134],[-105.493038,19.946767],[-105.731396,20.434102],[-105.397773,20.531719],[-105.500661,20.816895],[-105.270752,21.076285],[-105.265817,21.422104],[-105.603161,21.871146],[-105.693414,22.26908],[-106.028716,22.773752],[-106.90998,23.767774],[-107.915449,24.548915],[-108.401905,25.172314],[-109.260199,25.580609],[-109.444089,25.824884],[-109.291644,26.442934],[-109.801458,26.676176],[-110.391732,27.162115],[-110.641019,27.859876],[-111.178919,27.941241],[-111.759607,28.467953],[-112.228235,28.954409],[-112.271824,29.266844],[-112.809594,30.021114],[-113.163811,30.786881],[-113.148669,31.170966],[-113.871881,31.567608],[-114.205737,31.524045],[-114.776451,31.799532],[-114.9367,31.393485],[-114.771232,30.913617],[-114.673899,30.162681],[-114.330974,29.750432],[-113.588875,29.061611],[-113.424053,28.826174],[-113.271969,28.754783],[-113.140039,28.411289],[-112.962298,28.42519],[-112.761587,27.780217],[-112.457911,27.525814],[-112.244952,27.171727],[-111.616489,26.662817],[-111.284675,25.73259],[-110.987819,25.294606],[-110.710007,24.826004],[-110.655049,24.298595],[-110.172856,24.265548],[-109.771847,23.811183],[-109.409104,23.364672],[-109.433392,23.185588],[-109.854219,22.818272],[-110.031392,22.823078],[-110.295071,23.430973],[-110.949501,24.000964],[-111.670568,24.484423],[-112.182036,24.738413],[-112.148989,25.470125],[-112.300711,26.012004],[-112.777297,26.32196],[-113.464671,26.768186],[-113.59673,26.63946],[-113.848937,26.900064],[-114.465747,27.14209],[-115.055142,27.722727],[-114.982253,27.7982],[-114.570366,27.741485],[-114.199329,28.115003],[-114.162018,28.566112],[-114.931842,29.279479],[-115.518654,29.556362],[-115.887365,30.180794],[-116.25835,30.836464],[-116.721526,31.635744],[-117.12776,32.53534],[-115.99135,32.61239],[-114.72139,32.72083],[-114.815,32.52528],[-113.30498,32.03914],[-111.02361,31.33472],[-109.035,31.34194],[-108.24194,31.34222],[-108.24,31.754854],[-106.50759,31.75452],[-106.1429,31.39995],[-105.63159,31.08383],[-105.03737,30.64402],[-104.70575,30.12173],[-104.45697,29.57196],[-103.94,29.27],[-103.11,28.97],[-102.48,29.76],[-101.6624,29.7793],[-100.9576,29.38071],[-100.45584,28.69612],[-100.11,28.11],[-99.52,27.54],[-99.3,26.84],[-99.02,26.37],[-98.24,26.06],[-97.53,25.84],[-97.140008,25.869997]]]}},
{"type":"Feature","id":"MKD","cc":"MK","properties":{"name":"North Macedonia"},"geometry":{"type":"Polygon","coordinates":[[[20.59023,41.85541],[20.71731,41.84711],[20.76216,42.05186],[21.3527,42.2068],[21.576636,42.245224],[21.91708,42.30364],[22.380526,42.32026],[22.881374,41.999297],[22.952377,41.337994],[22.76177,41.3048],[22.597308,41.130487],[22.055378,41.149866],[21.674161,40.931275],[21.02004,40.842727],[20.60518,41.08622],[20.46315,41.51509],[20.59023,41.85541]]]}},
{"type":"Feature","id":"MLI","cc":"ML","properties":{"name":"Mali"},"geometry":{"type":"Polygon","coordinates":[[[-12.17075,14.616834],[-11.834208,14.799097],[-11.666078,15.388208],[-11.349095,15.411256],[-10.650791,15.132746],[-10.086846,15.330486],[-9.700255,15.264107],[-9.550238,15.486497],[-5.537744,15.50169],[-5.315277,16.201854],[-5.488523,16.325102],[-5.971129,20.640833],[-6.453787,24.956591],[-4.923337,24.974574],[-1.550055,22.792666],[1.823228,20.610809],[2.060991,20.142233],[2.683588,19.85623],[3.146661,19.693579],[3.158133,19.057364],[4.267419,19.155265],[4.27021,16.852227],[3.723422,16.184284],[3.638259,15.56812],[2.749993,15.409525],[1.385528,15.323561],[1.015783,14.968182],[0.374892,14.928908],[-0.266257,14.924309],[-0.515854,15.116158],[-1.066363,14.973815],[-2.001035,14.559008],[-2.191825,14.246418],[-2.967694,13.79815],[-3.103707,13.541267],[-3.522803,13.337662],[-4.006391,13.472485],[-4.280405,13.228444],[-4.427166,12.542646],[-5.220942,11.713859],[-5.197843,11.375146],[-5.470565,10.95127],[-5.404342,10.370737],[-5.816926,10.222555],[-6.050452,10.096361],[-6.205223,10.524061],[-6.493965,10.411303],[-6.666461,10.430811],[-6.850507,10.138994],[-7.622759,10.147236],[-7.89959,10.297382],[-8.029944,10.206535],[-8.335377,10.494812],[-8.282357,10.792597],[-8.407311,10.909257],[-8.620321,10.810891],[-8.581305,11.136246],[-8.376305,11.393646],[-8.786099,11.812561],[-8.905265,12.088358],[-9.127474,12.30806],[-9.327616,12.334286],[-9.567912,12.194243],[-9.890993,12.060479],[-10.165214,11.844084],[-10.593224,11.923975],[-10.87083,12.177887],[-11.036556,12.211245],[-11.297574,12.077971],[-11.456169,12.076834],[-11.513943,12.442988],[-11.467899,12.754519],[-11.553398,13.141214],[-11.927716,13.422075],[-12.124887,13.994727],[-12.17075,14.616834]]]}},
{"type":"Feature","id":"MLT","cc":"MT","properties":{"name":"Malta"},"geometry":{"type":"MultiPolygon","coordinates":[[[[14.566171,35.852721],[14.532684,35.820191],[14.436463,35.821664],[14.352334,35.872281],[14.3513,35.978399],[14.448348,35.957444],[14.537025,35.886285],[14.566171,35.852721]]],[[[14.313473,36.027569],[14.253632,36.012143],[14.194204,36.042245],[14.180354,36.060383],[14.263243,36.075809],[14.303758,36.062295],[14.320914,36.03625],[14.313473,36.027569]]]]}},
{"type":"Feature","id":"MMR","cc":"MM","properties":{"name":"Myanmar"},"geometry":{"type":"Polygon","coordinates":[[[99.543309,20.186598],[98.959676,19.752981],[98.253724,19.708203],[97.797783,18.62708],[97.375896,18.445438],[97.859123,17.567946],[98.493761,16.837836],[98.903348,16.177824],[98.537376,15.308497],[98.192074,15.123703],[98.430819,14.622028],[99.097755,13.827503],[99.212012,13.269294],[99.196354,12.804748],[99.587286,11.892763],[99.038121,10.960546],[98.553551,9.93296],[98.457174,10.675266],[98.764546,11.441292],[98.428339,12.032987],[98.509574,13.122378],[98.103604,13.64046],[97.777732,14.837286],[97.597072,16.100568],[97.16454,16.928734],[96.505769,16.427241],[95.369352,15.71439],[94.808405,15.803454],[94.188804,16.037936],[94.533486,17.27724],[94.324817,18.213514],[93.540988,19.366493],[93.663255,19.726962],[93.078278,19.855145],[92.368554,20.670883],[92.303234,21.475485],[92.652257,21.324048],[92.672721,22.041239],[93.166128,22.27846],[93.060294,22.703111],[93.286327,23.043658],[93.325188,24.078556],[94.106742,23.850741],[94.552658,24.675238],[94.603249,25.162495],[95.155153,26.001307],[95.124768,26.573572],[96.419366,27.264589],[97.133999,27.083774],[97.051989,27.699059],[97.402561,27.882536],[97.327114,28.261583],[97.911988,28.335945],[98.246231,27.747221],[98.68269,27.508812],[98.712094,26.743536],[98.671838,25.918703],[97.724609,25.083637],[97.60472,23.897405],[98.660262,24.063286],[98.898749,23.142722],[99.531992,22.949039],[99.240899,22.118314],[99.983489,21.742937],[100.416538,21.558839],[101.150033,21.849984],[101.180005,21.436573],[100.329101,20.786122],[100.115988,20.41785],[99.543309,20.186598]]]}},
{"type":"Feature","id":"MNE","cc":"ME","properties":{"name":"Montenegro"},"geometry":{"type":"Polygon","coordinates":[[[19.801613,42.500093],[19.738051,42.688247],[19.30449,42.19574],[19.37177,41.87755],[19.16246,41.95502],[18.88214,42.28151],[18.45,42.48],[18.56,42.65],[18.70648,43.20011],[19.03165,43.43253],[19.21852,43.52384],[19.48389,43.35229],[19.63,43.21378],[19.95857,43.10604],[20.3398,42.89852],[20.25758,42.81275],[20.0707,42.58863],[19.801613,42.500093]]]}},
{"type":"Feature","id":"MNG","cc":"MN","properties":{"name":"Mongolia"},"geometry":{"type":"Polygon","coordinates":[[[87.751264,49.297198],[88.805567,49.470521],[90.713667,50.331812],[92.234712,50.802171],[93.104219,50.49529],[94.147566,50.480537],[94.815949,50.013433],[95.814028,49.977467],[97.259728,49.726061],[98.231762,50.422401],[97.82574,51.010995],[98.861491,52.047366],[99.981732,51.634006],[100.88948,51.516856],[102.065223,51.259921],[102.255909,50.510561],[103.676545,50.089966],[104.621552,50.275329],[105.886591,50.406019],[106.888804,50.274296],[107.868176,49.793705],[108.475167,49.282548],[109.402449,49.292961],[110.662011,49.130128],[111.581231,49.377968],[112.89774,49.543565],[114.362456,50.248303],[114.96211,50.140247],[115.485695,49.805177],[116.678801,49.888531],[116.191802,49.134598],[115.485282,48.135383],[115.742837,47.726545],[116.308953,47.85341],[117.295507,47.697709],[118.064143,48.06673],[118.866574,47.74706],[119.772824,47.048059],[119.66327,46.69268],[118.874326,46.805412],[117.421701,46.672733],[116.717868,46.388202],[115.985096,45.727235],[114.460332,45.339817],[113.463907,44.808893],[112.436062,45.011646],[111.873306,45.102079],[111.348377,44.457442],[111.667737,44.073176],[111.829588,43.743118],[111.129682,43.406834],[110.412103,42.871234],[109.243596,42.519446],[107.744773,42.481516],[106.129316,42.134328],[104.964994,41.59741],[104.522282,41.908347],[103.312278,41.907468],[101.83304,42.514873],[100.845866,42.663804],[99.515817,42.524691],[97.451757,42.74889],[96.349396,42.725635],[95.762455,43.319449],[95.306875,44.241331],[94.688929,44.352332],[93.480734,44.975472],[92.133891,45.115076],[90.94554,45.286073],[90.585768,45.719716],[90.970809,46.888146],[90.280826,47.693549],[88.854298,48.069082],[88.013832,48.599463],[87.751264,49.297198]]]}},
{"type":"Feature","id":"MOZ","cc":"MZ","properties":{"name":"Mozambique"},"geometry":{"type":"Polygon","coordinates":[[[34.559989,-11.52002],[35.312398,-11.439146],[36.514082,-11.720938],[36.775151,-11.594537],[37.471284,-11.568751],[37.827645,-11.268769],[38.427557,-11.285202],[39.52103,-10.896854],[40.316589,-10.317096],[40.478387,-10.765441],[40.437253,-11.761711],[40.560811,-12.639177],[40.59962,-14.201975],[40.775475,-14.691764],[40.477251,-15.406294],[40.089264,-16.100774],[39.452559,-16.720891],[38.538351,-17.101023],[37.411133,-17.586368],[36.281279,-18.659688],[35.896497,-18.84226],[35.1984,-19.552811],[34.786383,-19.784012],[34.701893,-20.497043],[35.176127,-21.254361],[35.373428,-21.840837],[35.385848,-22.14],[35.562546,-22.09],[35.533935,-23.070788],[35.371774,-23.535359],[35.60747,-23.706563],[35.458746,-24.12261],[35.040735,-24.478351],[34.215824,-24.816314],[33.01321,-25.357573],[32.574632,-25.727318],[32.660363,-26.148584],[32.915955,-26.215867],[32.83012,-26.742192],[32.071665,-26.73382],[31.985779,-26.29178],[31.837778,-25.843332],[31.752408,-25.484284],[31.930589,-24.369417],[31.670398,-23.658969],[31.191409,-22.25151],[32.244988,-21.116489],[32.508693,-20.395292],[32.659743,-20.30429],[32.772708,-19.715592],[32.611994,-19.419383],[32.654886,-18.67209],[32.849861,-17.979057],[32.847639,-16.713398],[32.328239,-16.392074],[31.852041,-16.319417],[31.636498,-16.07199],[31.173064,-15.860944],[30.338955,-15.880839],[30.274256,-15.507787],[30.179481,-14.796099],[33.214025,-13.97186],[33.7897,-14.451831],[34.064825,-14.35995],[34.459633,-14.61301],[34.517666,-15.013709],[34.307291,-15.478641],[34.381292,-16.18356],[35.03381,-16.8013],[35.339063,-16.10744],[35.771905,-15.896859],[35.686845,-14.611046],[35.267956,-13.887834],[34.907151,-13.565425],[34.559989,-13.579998],[34.280006,-12.280025],[34.559989,-11.52002]]]}},
{"type":"Feature","id":"MRT","cc":"MR","properties":{"name":"Mauritania"},"geometry":{"type":"Polygon","coordinates":[[[-12.17075,14.616834],[-12.830658,15.303692],[-13.435738,16.039383],[-14.099521,16.304302],[-14.577348,16.598264],[-15.135737,16.587282],[-15.623666,16.369337],[-16.12069,16.455663],[-16.463098,16.135036],[-16.549708,16.673892],[-16.270552,17.166963],[-16.146347,18.108482],[-16.256883,19.096716],[-16.377651,19.593817],[-16.277838,20.092521],[-16.536324,20.567866],[-17.063423,20.999752],[-16.845194,21.333323],[-12.929102,21.327071],[-13.118754,22.77122],[-12.874222,23.284832],[-11.937224,23.374594],[-11.969419,25.933353],[-8.687294,25.881056],[-8.6844,27.395744],[-4.923337,24.974574],[-6.453787,24.956591],[-5.971129,20.640833],[-5.488523,16.325102],[-5.315277,16.201854],[-5.537744,15.50169],[-9.550238,15.486497],[-9.700255,15.264107],[-10.086846,15.330486],[-10.650791,15.132746],[-11.349095,15.411256],[-11.666078,15.388208],[-11.834208,14.799097],[-12.17075,14.616834]]]}},
{"type":"Feature","id":"MWI","cc":"MW","properties":{"name":"Malawi"},"geometry":{"type":"Polygon","coordinates":[[[34.559989,-11.52002],[34.280006,-12.280025],[34.559989,-13.579998],[34.907151,-13.565425],[35.267956,-13.887834],[35.686845,-14.611046],[35.771905,-15.896859],[35.339063,-16.10744],[35.03381,-16.8013],[34.381292,-16.18356],[34.307291,-15.478641],[34.517666,-15.013709],[34.459633,-14.61301],[34.064825,-14.35995],[33.7897,-14.451831],[33.214025,-13.97186],[32.688165,-13.712858],[32.991764,-12.783871],[33.306422,-12.435778],[33.114289,-11.607198],[33.31531,-10.79655],[33.485688,-10.525559],[33.231388,-9.676722],[32.759375,-9.230599],[33.739729,-9.417151],[33.940838,-9.693674],[34.280006,-10.16],[34.559989,-11.52002]]]}},
{"type":"Feature","id":"MYS","cc":"MY","properties":{"name":"Malaysia"},"geometry":{"type":"MultiPolygon","coordinates":[[[[101.075516,6.204867],[101.154219,5.691384],[101.814282,5.810808],[102.141187,6.221636],[102.371147,6.128205],[102.961705,5.524495],[103.381215,4.855001],[103.438575,4.181606],[103.332122,3.726698],[103.429429,3.382869],[103.502448,2.791019],[103.854674,2.515454],[104.247932,1.631141],[104.228811,1.293048],[103.519707,1.226334],[102.573615,1.967115],[101.390638,2.760814],[101.27354,3.270292],[100.695435,3.93914],[100.557408,4.76728],[100.196706,5.312493],[100.30626,6.040562],[100.085757,6.464489],[100.259596,6.642825],[101.075516,6.204867]]],[[[118.618321,4.478202],[117.882035,4.137551],[117.015214,4.306094],[115.865517,4.306559],[115.519078,3.169238],[115.134037,2.821482],[114.621355,1.430688],[113.80585,1.217549],[112.859809,1.49779],[112.380252,1.410121],[111.797548,0.904441],[111.159138,0.976478],[110.514061,0.773131],[109.830227,1.338136],[109.66326,2.006467],[110.396135,1.663775],[111.168853,1.850637],[111.370081,2.697303],[111.796928,2.885897],[112.995615,3.102395],[113.712935,3.893509],[114.204017,4.525874],[114.659596,4.007637],[114.869557,4.348314],[115.347461,4.316636],[115.4057,4.955228],[115.45071,5.44773],[116.220741,6.143191],[116.725103,6.924771],[117.129626,6.928053],[117.643393,6.422166],[117.689075,5.98749],[118.347691,5.708696],[119.181904,5.407836],[119.110694,5.016128],[118.439727,4.966519],[118.618321,4.478202]]]]}},
{"type":"Feature","id":"NAM","cc":"NA","properties":{"name":"Namibia"},"geometry":{"type":"Polygon","coordinates":[[[16.344977,-28.576705],[15.601818,-27.821247],[15.210472,-27.090956],[14.989711,-26.117372],[14.743214,-25.39292],[14.408144,-23.853014],[14.385717,-22.656653],[14.257714,-22.111208],[13.868642,-21.699037],[13.352498,-20.872834],[12.826845,-19.673166],[12.608564,-19.045349],[11.794919,-18.069129],[11.734199,-17.301889],[12.215461,-17.111668],[12.814081,-16.941343],[13.462362,-16.971212],[14.058501,-17.423381],[14.209707,-17.353101],[18.263309,-17.309951],[18.956187,-17.789095],[21.377176,-17.930636],[23.215048,-17.523116],[24.033862,-17.295843],[24.682349,-17.353411],[25.07695,-17.578823],[25.084443,-17.661816],[24.520705,-17.887125],[24.217365,-17.889347],[23.579006,-18.281261],[23.196858,-17.869038],[21.65504,-18.219146],[20.910641,-18.252219],[20.881134,-21.814327],[19.895458,-21.849157],[19.895768,-24.76779],[19.894734,-28.461105],[19.002127,-28.972443],[18.464899,-29.045462],[17.836152,-28.856378],[17.387497,-28.783514],[17.218929,-28.355943],[16.824017,-28.082162],[16.344977,-28.576705]]]}},
{"type":"Feature","id":"NCL","cc":"NC","properties":{"name":"New Caledonia"},"geometry":{"type":"Polygon","coordinates":[[[165.77999,-21.080005],[166.599991,-21.700019],[167.120011,-22.159991],[166.740035,-22.399976],[166.189732,-22.129708],[165.474375,-21.679607],[164.829815,-21.14982],[164.167995,-20.444747],[164.029606,-20.105646],[164.459967,-20.120012],[165.020036,-20.459991],[165.460009,-20.800022],[165.77999,-21.080005]]]}},
{"type":"Feature","id":"NER","cc":"NE","properties":{"name":"Niger"},"geometry":{"type":"Polygon","coordinates":[[[2.154474,11.94015],[2.177108,12.625018],[1.024103,12.851826],[0.993046,13.33575],[0.429928,13.988733],[0.295646,14.444235],[0.374892,14.928908],[1.015783,14.968182],[1.385528,15.323561],[2.749993,15.409525],[3.638259,15.56812],[3.723422,16.184284],[4.27021,16.852227],[4.267419,19.155265],[5.677566,19.601207],[8.572893,21.565661],[11.999506,23.471668],[13.581425,23.040506],[14.143871,22.491289],[14.8513,22.86295],[15.096888,21.308519],[15.471077,21.048457],[15.487148,20.730415],[15.903247,20.387619],[15.685741,19.95718],[15.300441,17.92795],[15.247731,16.627306],[13.972202,15.684366],[13.540394,14.367134],[13.956699,13.996691],[13.954477,13.353449],[14.595781,13.330427],[14.495787,12.859396],[14.213531,12.802035],[14.181336,12.483657],[13.995353,12.461565],[13.318702,13.556356],[13.083987,13.596147],[12.302071,13.037189],[11.527803,13.32898],[10.989593,13.387323],[10.701032,13.246918],[10.114814,13.277252],[9.524928,12.851102],[9.014933,12.826659],[7.804671,13.343527],[7.330747,13.098038],[6.820442,13.115091],[6.445426,13.492768],[5.443058,13.865924],[4.368344,13.747482],[4.107946,13.531216],[3.967283,12.956109],[3.680634,12.552903],[3.61118,11.660167],[2.848643,12.235636],[2.490164,12.233052],[2.154474,11.94015]]]}},
{"type":"Feature","id":"NGA","cc":"NG","properties":{"name":"Nigeria"},"geometry":{"type":"Polygon","coordinates":[[[8.500288,4.771983],[7.462108,4.412108],[7.082596,4.464689],[6.698072,4.240594],[5.898173,4.262453],[5.362805,4.887971],[5.033574,5.611802],[4.325607,6.270651],[3.57418,6.2583],[2.691702,6.258817],[2.749063,7.870734],[2.723793,8.506845],[2.912308,9.137608],[3.220352,9.444153],[3.705438,10.06321],[3.60007,10.332186],[3.797112,10.734746],[3.572216,11.327939],[3.61118,11.660167],[3.680634,12.552903],[3.967283,12.956109],[4.107946,13.531216],[4.368344,13.747482],[5.443058,13.865924],[6.445426,13.492768],[6.820442,13.115091],[7.330747,13.098038],[7.804671,13.343527],[9.014933,12.826659],[9.524928,12.851102],[10.114814,13.277252],[10.701032,13.246918],[10.989593,13.387323],[11.527803,13.32898],[12.302071,13.037189],[13.083987,13.596147],[13.318702,13.556356],[13.995353,12.461565],[14.181336,12.483657],[14.577178,12.085361],[14.468192,11.904752],[14.415379,11.572369],[13.57295,10.798566],[13.308676,10.160362],[13.1676,9.640626],[12.955468,9.417772],[12.753672,8.717763],[12.218872,8.305824],[12.063946,7.799808],[11.839309,7.397042],[11.745774,6.981383],[11.058788,6.644427],[10.497375,7.055358],[10.118277,7.03877],[9.522706,6.453482],[9.233163,6.444491],[8.757533,5.479666],[8.500288,4.771983]]]}},
{"type":"Feature","id":"NIC","cc":"NI","properties":{"name":"Nicaragua"},"geometry":{"type":"Polygon","coordinates":[[[-85.71254,11.088445],[-86.058488,11.403439],[-86.52585,11.806877],[-86.745992,12.143962],[-87.167516,12.458258],[-87.668493,12.90991],[-87.557467,13.064552],[-87.392386,12.914018],[-87.316654,12.984686],[-87.005769,13.025794],[-86.880557,13.254204],[-86.733822,13.263093],[-86.755087,13.754845],[-86.520708,13.778487],[-86.312142,13.771356],[-86.096264,14.038187],[-85.801295,13.836055],[-85.698665,13.960078],[-85.514413,14.079012],[-85.165365,14.35437],[-85.148751,14.560197],[-85.052787,14.551541],[-84.924501,14.790493],[-84.820037,14.819587],[-84.649582,14.666805],[-84.449336,14.621614],[-84.228342,14.748764],[-83.975721,14.749436],[-83.628585,14.880074],[-83.489989,15.016267],[-83.147219,14.995829],[-83.233234,14.899866],[-83.284162,14.676624],[-83.182126,14.310703],[-83.4125,13.970078],[-83.519832,13.567699],[-83.552207,13.127054],[-83.498515,12.869292],[-83.473323,12.419087],[-83.626104,12.32085],[-83.719613,11.893124],[-83.650858,11.629032],[-83.85547,11.373311],[-83.808936,11.103044],[-83.655612,10.938764],[-83.895054,10.726839],[-84.190179,10.79345],[-84.355931,10.999226],[-84.673069,11.082657],[-84.903003,10.952303],[-85.561852,11.217119],[-85.71254,11.088445]]]}},
{"type":"Feature","id":"NLD","cc":"NL","properties":{"name":"Netherlands"},"geometry":{"type":"Polygon","coordinates":[[[6.074183,53.510403],[6.90514,53.482162],[7.092053,53.144043],[6.84287,52.22844],[6.589397,51.852029],[5.988658,51.851616],[6.156658,50.803721],[5.606976,51.037298],[4.973991,51.475024],[4.047071,51.267259],[3.314971,51.345755],[3.830289,51.620545],[4.705997,53.091798],[6.074183,53.510403]]]}},
{"type":"Feature","id":"NOR","cc":"NO","properties":{"name":"Norway"},"geometry":{"type":"MultiPolygon","coordinates":[[[[28.165547,71.185474],[31.293418,70.453788],[30.005435,70.186259],[31.101079,69.55808],[29.399581,69.156916],[28.59193,69.064777],[29.015573,69.766491],[27.732292,70.164193],[26.179622,69.825299],[25.689213,69.092114],[24.735679,68.649557],[23.66205,68.891247],[22.356238,68.841741],[21.244936,69.370443],[20.645593,69.106247],[20.025269,69.065139],[19.87856,68.407194],[17.993868,68.567391],[17.729182,68.010552],[16.768879,68.013937],[16.108712,67.302456],[15.108411,66.193867],[13.55569,64.787028],[13.919905,64.445421],[13.571916,64.049114],[12.579935,64.066219],[11.930569,63.128318],[11.992064,61.800362],[12.631147,61.293572],[12.300366,60.117933],[11.468272,59.432393],[11.027369,58.856149],[10.356557,59.469807],[8.382,58.313288],[7.048748,58.078884],[5.665835,58.588155],[5.308234,59.663232],[4.992078,61.970998],[5.9129,62.614473],[8.553411,63.454008],[10.527709,64.486038],[12.358347,65.879726],[14.761146,67.810642],[16.435927,68.563205],[19.184028,69.817444],[21.378416,70.255169],[23.023742,70.202072],[24.546543,71.030497],[26.37005,70.986262],[28.165547,71.185474]]],[[[24.72412,77.85385],[22.49032,77.44493],[20.72601,77.67704],[21.41611,77.93504],[20.8119,78.25463],[22.88426,78.45494],[23.28134,78.07954],[24.72412,77.85385]]],[[[18.25183,79.70175],[21.54383,78.95611],[19.02737,78.5626],[18.47172,77.82669],[17.59441,77.63796],[17.1182,76.80941],[15.91315,76.77045],[13.76259,77.38035],[14.66956,77.73565],[13.1706,78.02493],[11.22231,78.8693],[10.44453,79.65239],[13.17077,80.01046],[13.71852,79.66039],[15.14282,79.67431],[15.52255,80.01608],[16.99085,80.05086],[18.25183,79.70175]]],[[[25.447625,80.40734],[27.407506,80.056406],[25.924651,79.517834],[23.024466,79.400012],[20.075188,79.566823],[19.897266,79.842362],[18.462264,79.85988],[17.368015,80.318896],[20.455992,80.598156],[21.907945,80.357679],[22.919253,80.657144],[25.447625,80.40734]]]]}},
{"type":"Feature","id":"NPL","cc":"NP","properties":{"name":"Nepal"},"geometry":{"type":"Polygon","coordinates":[[[88.120441,27.876542],[88.043133,27.445819],[88.174804,26.810405],[88.060238,26.414615],[87.227472,26.397898],[86.024393,26.630985],[85.251779,26.726198],[84.675018,27.234901],[83.304249,27.364506],[81.999987,27.925479],[81.057203,28.416095],[80.088425,28.79447],[80.476721,29.729865],[81.111256,30.183481],[81.525804,30.422717],[82.327513,30.115268],[83.337115,29.463732],[83.898993,29.320226],[84.23458,28.839894],[85.011638,28.642774],[85.82332,28.203576],[86.954517,27.974262],[88.120441,27.876542]]]}},
{"type":"Feature","id":"NZL","cc":"NZ","properties":{"name":"New Zealand"},"geometry":{"type":"MultiPolygon","coordinates":[[[[173.020375,-40.919052],[173.247234,-41.331999],[173.958405,-40.926701],[174.247587,-41.349155],[174.248517,-41.770008],[173.876447,-42.233184],[173.22274,-42.970038],[172.711246,-43.372288],[173.080113,-43.853344],[172.308584,-43.865694],[171.452925,-44.242519],[171.185138,-44.897104],[170.616697,-45.908929],[169.831422,-46.355775],[169.332331,-46.641235],[168.411354,-46.619945],[167.763745,-46.290197],[166.676886,-46.219917],[166.509144,-45.852705],[167.046424,-45.110941],[168.303763,-44.123973],[168.949409,-43.935819],[169.667815,-43.555326],[170.52492,-43.031688],[171.12509,-42.512754],[171.569714,-41.767424],[171.948709,-41.514417],[172.097227,-40.956104],[172.79858,-40.493962],[173.020375,-40.919052]]],[[[174.612009,-36.156397],[175.336616,-37.209098],[175.357596,-36.526194],[175.808887,-36.798942],[175.95849,-37.555382],[176.763195,-37.881253],[177.438813,-37.961248],[178.010354,-37.579825],[178.517094,-37.695373],[178.274731,-38.582813],[177.97046,-39.166343],[177.206993,-39.145776],[176.939981,-39.449736],[177.032946,-39.879943],[176.885824,-40.065978],[176.508017,-40.604808],[176.01244,-41.289624],[175.239567,-41.688308],[175.067898,-41.425895],[174.650973,-41.281821],[175.22763,-40.459236],[174.900157,-39.908933],[173.824047,-39.508854],[173.852262,-39.146602],[174.574802,-38.797683],[174.743474,-38.027808],[174.697017,-37.381129],[174.292028,-36.711092],[174.319004,-36.534824],[173.840997,-36.121981],[173.054171,-35.237125],[172.636005,-34.529107],[173.007042,-34.450662],[173.551298,-35.006183],[174.32939,-35.265496],[174.612009,-36.156397]]]]}},
{"type":"Feature","id":"OMN","cc":"OM","properties":{"name":"Oman"},"geometry":{"type":"MultiPolygon","coordinates":[[[[58.861141,21.114035],[58.487986,20.428986],[58.034318,20.481437],[57.826373,20.243002],[57.665762,19.736005],[57.7887,19.06757],[57.694391,18.94471],[57.234264,18.947991],[56.609651,18.574267],[56.512189,18.087113],[56.283521,17.876067],[55.661492,17.884128],[55.269939,17.632309],[55.2749,17.228354],[54.791002,16.950697],[54.239253,17.044981],[53.570508,16.707663],[53.108573,16.651051],[52.782184,17.349742],[52.00001,19.000003],[54.999982,19.999994],[55.666659,22.000001],[55.208341,22.70833],[55.234489,23.110993],[55.525841,23.524869],[55.528632,23.933604],[55.981214,24.130543],[55.804119,24.269604],[55.886233,24.920831],[56.396847,24.924732],[56.84514,24.241673],[57.403453,23.878594],[58.136948,23.747931],[58.729211,23.565668],[59.180502,22.992395],[59.450098,22.660271],[59.80806,22.533612],[59.806148,22.310525],[59.442191,21.714541],[59.282408,21.433886],[58.861141,21.114035]]],[[[56.391421,25.895991],[56.261042,25.714606],[56.070821,26.055464],[56.362017,26.395934],[56.485679,26.309118],[56.391421,25.895991]]]]}},
{"type":"Feature","id":"PAK","cc":"PK","properties":{"name":"Pakistan"},"geometry":{"type":"Polygon","coordinates":[[[75.158028,37.133031],[75.896897,36.666806],[76.192848,35.898403],[77.837451,35.49401],[76.871722,34.653544],[75.757061,34.504923],[74.240203,34.748887],[73.749948,34.317699],[74.104294,33.441473],[74.451559,32.7649],[75.258642,32.271105],[74.405929,31.692639],[74.42138,30.979815],[73.450638,29.976413],[72.823752,28.961592],[71.777666,27.91318],[70.616496,27.989196],[69.514393,26.940966],[70.168927,26.491872],[70.282873,25.722229],[70.844699,25.215102],[71.04324,24.356524],[68.842599,24.359134],[68.176645,23.691965],[67.443667,23.944844],[67.145442,24.663611],[66.372828,25.425141],[64.530408,25.237039],[62.905701,25.218409],[61.497363,25.078237],[61.874187,26.239975],[63.316632,26.756532],[63.233898,27.217047],[62.755426,27.378923],[62.72783,28.259645],[61.771868,28.699334],[61.369309,29.303276],[60.874248,29.829239],[62.549857,29.318572],[63.550261,29.468331],[64.148002,29.340819],[64.350419,29.560031],[65.046862,29.472181],[66.346473,29.887943],[66.381458,30.738899],[66.938891,31.304911],[67.683394,31.303154],[67.792689,31.58293],[68.556932,31.71331],[68.926677,31.620189],[69.317764,31.901412],[69.262522,32.501944],[69.687147,33.105499],[70.323594,33.358533],[69.930543,34.02012],[70.881803,33.988856],[71.156773,34.348911],[71.115019,34.733126],[71.613076,35.153203],[71.498768,35.650563],[71.262348,36.074388],[71.846292,36.509942],[72.920025,36.720007],[74.067552,36.836176],[74.575893,37.020841],[75.158028,37.133031]]]}},
{"type":"Feature","id":"PAN","cc":"PA","properties":{"name":"Panama"},"geometry":{"type":"Polygon","coordinates":[[[-77.881571,7.223771],[-78.214936,7.512255],[-78.429161,8.052041],[-78.182096,8.319182],[-78.435465,8.387705],[-78.622121,8.718124],[-79.120307,8.996092],[-79.557877,8.932375],[-79.760578,8.584515],[-80.164481,8.333316],[-80.382659,8.298409],[-80.480689,8.090308],[-80.00369,7.547524],[-80.276671,7.419754],[-80.421158,7.271572],[-80.886401,7.220541],[-81.059543,7.817921],[-81.189716,7.647906],[-81.519515,7.70661],[-81.721311,8.108963],[-82.131441,8.175393],[-82.390934,8.292362],[-82.820081,8.290864],[-82.850958,8.073823],[-82.965783,8.225028],[-82.913176,8.423517],[-82.829771,8.626295],[-82.868657,8.807266],[-82.719183,8.925709],[-82.927155,9.07433],[-82.932891,9.476812],[-82.546196,9.566135],[-82.187123,9.207449],[-82.207586,8.995575],[-81.808567,8.950617],[-81.714154,9.031955],[-81.439287,8.786234],[-80.947302,8.858504],[-80.521901,9.111072],[-79.9146,9.312765],[-79.573303,9.61161],[-79.021192,9.552931],[-79.05845,9.454565],[-78.500888,9.420459],[-78.055928,9.24773],[-77.729514,8.946844],[-77.353361,8.670505],[-77.474723,8.524286],[-77.242566,7.935278],[-77.431108,7.638061],[-77.753414,7.70984],[-77.881571,7.223771]]]}},
{"type":"Feature","id":"PER","cc":"PE","properties":{"name":"Peru"},"geometry":{"type":"Polygon","coordinates":[[[-69.590424,-17.580012],[-69.858444,-18.092694],[-70.372572,-18.347975],[-71.37525,-17.773799],[-71.462041,-17.363488],[-73.44453,-16.359363],[-75.237883,-15.265683],[-76.009205,-14.649286],[-76.423469,-13.823187],[-76.259242,-13.535039],[-77.106192,-12.222716],[-78.092153,-10.377712],[-79.036953,-8.386568],[-79.44592,-7.930833],[-79.760578,-7.194341],[-80.537482,-6.541668],[-81.249996,-6.136834],[-80.926347,-5.690557],[-81.410943,-4.736765],[-81.09967,-4.036394],[-80.302561,-3.404856],[-80.184015,-3.821162],[-80.469295,-4.059287],[-80.442242,-4.425724],[-80.028908,-4.346091],[-79.624979,-4.454198],[-79.205289,-4.959129],[-78.639897,-4.547784],[-78.450684,-3.873097],[-77.837905,-3.003021],[-76.635394,-2.608678],[-75.544996,-1.56161],[-75.233723,-0.911417],[-75.373223,-0.152032],[-75.106625,-0.057205],[-74.441601,-0.53082],[-74.122395,-1.002833],[-73.659504,-1.260491],[-73.070392,-2.308954],[-72.325787,-2.434218],[-71.774761,-2.16979],[-71.413646,-2.342802],[-70.813476,-2.256865],[-70.047709,-2.725156],[-70.692682,-3.742872],[-70.394044,-3.766591],[-69.893635,-4.298187],[-70.794769,-4.251265],[-70.928843,-4.401591],[-71.748406,-4.593983],[-72.891928,-5.274561],[-72.964507,-5.741251],[-73.219711,-6.089189],[-73.120027,-6.629931],[-73.724487,-6.918595],[-73.723401,-7.340999],[-73.987235,-7.52383],[-73.571059,-8.424447],[-73.015383,-9.032833],[-73.226713,-9.462213],[-72.563033,-9.520194],[-72.184891,-10.053598],[-71.302412,-10.079436],[-70.481894,-9.490118],[-70.548686,-11.009147],[-70.093752,-11.123972],[-69.529678,-10.951734],[-68.66508,-12.5613],[-68.88008,-12.899729],[-68.929224,-13.602684],[-68.948887,-14.453639],[-69.339535,-14.953195],[-69.160347,-15.323974],[-69.389764,-15.660129],[-68.959635,-16.500698],[-69.590424,-17.580012]]]}},
{"type":"Feature","id":"PHL","cc":"PH","properties":{"name":"Philippines"},"geometry":{"type":"MultiPolygon","coordinates":[[[[126.376814,8.414706],[126.478513,7.750354],[126.537424,7.189381],[126.196773,6.274294],[125.831421,7.293715],[125.363852,6.786485],[125.683161,6.049657],[125.396512,5.581003],[124.219788,6.161355],[123.93872,6.885136],[124.243662,7.36061],[123.610212,7.833527],[123.296071,7.418876],[122.825506,7.457375],[122.085499,6.899424],[121.919928,7.192119],[122.312359,8.034962],[122.942398,8.316237],[123.487688,8.69301],[123.841154,8.240324],[124.60147,8.514158],[124.764612,8.960409],[125.471391,8.986997],[125.412118,9.760335],[126.222714,9.286074],[126.306637,8.782487],[126.376814,8.414706]]],[[[123.982438,10.278779],[123.623183,9.950091],[123.309921,9.318269],[122.995883,9.022189],[122.380055,9.713361],[122.586089,9.981045],[122.837081,10.261157],[122.947411,10.881868],[123.49885,10.940624],[123.337774,10.267384],[124.077936,11.232726],[123.982438,10.278779]]],[[[118.504581,9.316383],[117.174275,8.3675],[117.664477,9.066889],[118.386914,9.6845],[118.987342,10.376292],[119.511496,11.369668],[119.689677,10.554291],[119.029458,10.003653],[118.504581,9.316383]]],[[[121.883548,11.891755],[122.483821,11.582187],[123.120217,11.58366],[123.100838,11.165934],[122.637714,10.741308],[122.00261,10.441017],[121.967367,10.905691],[122.03837,11.415841],[121.883548,11.891755]]],[[[125.502552,12.162695],[125.783465,11.046122],[125.011884,11.311455],[125.032761,10.975816],[125.277449,10.358722],[124.801819,10.134679],[124.760168,10.837995],[124.459101,10.88993],[124.302522,11.495371],[124.891013,11.415583],[124.87799,11.79419],[124.266762,12.557761],[125.227116,12.535721],[125.502552,12.162695]]],[[[121.527394,13.06959],[121.26219,12.20556],[120.833896,12.704496],[120.323436,13.466413],[121.180128,13.429697],[121.527394,13.06959]]],[[[121.321308,18.504065],[121.937601,18.218552],[122.246006,18.47895],[122.336957,18.224883],[122.174279,17.810283],[122.515654,17.093505],[122.252311,16.262444],[121.662786,15.931018],[121.50507,15.124814],[121.728829,14.328376],[122.258925,14.218202],[122.701276,14.336541],[123.950295,13.782131],[123.855107,13.237771],[124.181289,12.997527],[124.077419,12.536677],[123.298035,13.027526],[122.928652,13.55292],[122.671355,13.185836],[122.03465,13.784482],[121.126385,13.636687],[120.628637,13.857656],[120.679384,14.271016],[120.991819,14.525393],[120.693336,14.756671],[120.564145,14.396279],[120.070429,14.970869],[119.920929,15.406347],[119.883773,16.363704],[120.286488,16.034629],[120.390047,17.599081],[120.715867,18.505227],[121.321308,18.504065]]]]}},
{"type":"Feature","id":"PNG","cc":"PG","properties":{"name":"Papua New Guinea"},"geometry":{"type":"MultiPolygon","coordinates":[[[[155.880026,-6.819997],[155.599991,-6.919991],[155.166994,-6.535931],[154.729192,-5.900828],[154.514114,-5.139118],[154.652504,-5.042431],[154.759991,-5.339984],[155.062918,-5.566792],[155.547746,-6.200655],[156.019965,-6.540014],[155.880026,-6.819997]]],[[[151.982796,-5.478063],[151.459107,-5.56028],[151.30139,-5.840728],[150.754447,-6.083763],[150.241197,-6.317754],[149.709963,-6.316513],[148.890065,-6.02604],[148.318937,-5.747142],[148.401826,-5.437756],[149.298412,-5.583742],[149.845562,-5.505503],[149.99625,-5.026101],[150.139756,-5.001348],[150.236908,-5.53222],[150.807467,-5.455842],[151.089672,-5.113693],[151.647881,-4.757074],[151.537862,-4.167807],[152.136792,-4.14879],[152.338743,-4.312966],[152.318693,-4.867661],[151.982796,-5.478063]]],[[[147.191874,-7.388024],[148.084636,-8.044108],[148.734105,-9.104664],[149.306835,-9.071436],[149.266631,-9.514406],[150.038728,-9.684318],[149.738798,-9.872937],[150.801628,-10.293687],[150.690575,-10.582713],[150.028393,-10.652476],[149.78231,-10.393267],[148.923138,-10.280923],[147.913018,-10.130441],[147.135443,-9.492444],[146.567881,-8.942555],[146.048481,-8.067414],[144.744168,-7.630128],[143.897088,-7.91533],[143.286376,-8.245491],[143.413913,-8.983069],[142.628431,-9.326821],[142.068259,-9.159596],[141.033852,-9.117893],[141.017057,-5.859022],[141.00021,-2.600151],[142.735247,-3.289153],[144.583971,-3.861418],[145.27318,-4.373738],[145.829786,-4.876498],[145.981922,-5.465609],[147.648073,-6.083659],[147.891108,-6.614015],[146.970905,-6.721657],[147.191874,-7.388024]]],[[[153.140038,-4.499983],[152.827292,-4.766427],[152.638673,-4.176127],[152.406026,-3.789743],[151.953237,-3.462062],[151.384279,-3.035422],[150.66205,-2.741486],[150.939965,-2.500002],[151.479984,-2.779985],[151.820015,-2.999972],[152.239989,-3.240009],[152.640017,-3.659983],[153.019994,-3.980015],[153.140038,-4.499983]]]]}},
{"type":"Feature","id":"POL","cc":"PL","properties":{"name":"Poland"},"geometry":{"type":"Polygon","coordinates":[[[15.016996,51.106674],[14.607098,51.745188],[14.685026,52.089947],[14.4376,52.62485],[14.074521,52.981263],[14.353315,53.248171],[14.119686,53.757029],[14.8029,54.050706],[16.363477,54.513159],[17.622832,54.851536],[18.620859,54.682606],[18.696255,54.438719],[19.66064,54.426084],[20.892245,54.312525],[22.731099,54.327537],[23.243987,54.220567],[23.484128,53.912498],[23.527536,53.470122],[23.804935,53.089731],[23.799199,52.691099],[23.199494,52.486977],[23.508002,52.023647],[23.527071,51.578454],[24.029986,50.705407],[23.922757,50.424881],[23.426508,50.308506],[22.51845,49.476774],[22.776419,49.027395],[22.558138,49.085738],[21.607808,49.470107],[20.887955,49.328772],[20.415839,49.431453],[19.825023,49.217125],[19.320713,49.571574],[18.909575,49.435846],[18.853144,49.49623],[18.392914,49.988629],[17.649445,50.049038],[17.554567,50.362146],[16.868769,50.473974],[16.719476,50.215747],[16.176253,50.422607],[16.238627,50.697733],[15.490972,50.78473],[15.016996,51.106674]]]}},
{"type":"Feature","id":"PRI","cc":"PR","properties":{"name":"Puerto Rico"},"geometry":{"type":"Polygon","coordinates":[[[-66.282434,18.514762],[-65.771303,18.426679],[-65.591004,18.228035],[-65.847164,17.975906],[-66.599934,17.981823],[-67.184162,17.946553],[-67.242428,18.37446],[-67.100679,18.520601],[-66.282434,18.514762]]]}},
{"type":"Feature","id":"PRK","cc":"KP","properties":{"name":"North Korea"},"geometry":{"type":"Polygon","coordinates":[[[130.640016,42.395009],[130.780007,42.220007],[130.400031,42.280004],[129.965949,41.941368],[129.667362,41.601104],[129.705189,40.882828],[129.188115,40.661808],[129.0104,40.485436],[128.633368,40.189847],[127.967414,40.025413],[127.533436,39.75685],[127.50212,39.323931],[127.385434,39.213472],[127.783343,39.050898],[128.349716,38.612243],[128.205746,38.370397],[127.780035,38.304536],[127.073309,38.256115],[126.68372,37.804773],[126.237339,37.840378],[126.174759,37.749686],[125.689104,37.94001],[125.568439,37.752089],[125.27533,37.669071],[125.240087,37.857224],[124.981033,37.948821],[124.712161,38.108346],[124.985994,38.548474],[125.221949,38.665857],[125.132859,38.848559],[125.38659,39.387958],[125.321116,39.551385],[124.737482,39.660344],[124.265625,39.928493],[125.079942,40.569824],[126.182045,41.107336],[126.869083,41.816569],[127.343783,41.503152],[128.208433,41.466772],[128.052215,41.994285],[129.596669,42.424982],[129.994267,42.985387],[130.640016,42.395009]]]}},
{"type":"Feature","id":"PRT","cc":"PT","properties":{"name":"Portugal"},"geometry":{"type":"Polygon","coordinates":[[[-9.034818,41.880571],[-8.671946,42.134689],[-8.263857,42.280469],[-8.013175,41.790886],[-7.422513,41.792075],[-7.251309,41.918346],[-6.668606,41.883387],[-6.389088,41.381815],[-6.851127,41.111083],[-6.86402,40.330872],[-7.026413,40.184524],[-7.066592,39.711892],[-7.498632,39.629571],[-7.098037,39.030073],[-7.374092,38.373059],[-7.029281,38.075764],[-7.166508,37.803894],[-7.537105,37.428904],[-7.453726,37.097788],[-7.855613,36.838269],[-8.382816,36.97888],[-8.898857,36.868809],[-8.746101,37.651346],[-8.839998,38.266243],[-9.287464,38.358486],[-9.526571,38.737429],[-9.446989,39.392066],[-9.048305,39.755093],[-8.977353,40.159306],[-8.768684,40.760639],[-8.790853,41.184334],[-8.990789,41.543459],[-9.034818,41.880571]]]}},
{"type":"Feature","id":"PRY","cc":"PY","properties":{"name":"Paraguay"},"geometry":{"type":"Polygon","coordinates":[[[-62.685057,-22.249029],[-62.291179,-21.051635],[-62.265961,-20.513735],[-61.786326,-19.633737],[-60.043565,-19.342747],[-59.115042,-19.356906],[-58.183471,-19.868399],[-58.166392,-20.176701],[-57.870674,-20.732688],[-57.937156,-22.090176],[-56.88151,-22.282154],[-56.473317,-22.0863],[-55.797958,-22.35693],[-55.610683,-22.655619],[-55.517639,-23.571998],[-55.400747,-23.956935],[-55.027902,-24.001274],[-54.652834,-23.839578],[-54.29296,-24.021014],[-54.293476,-24.5708],[-54.428946,-25.162185],[-54.625291,-25.739255],[-54.788795,-26.621786],[-55.695846,-27.387837],[-56.486702,-27.548499],[-57.60976,-27.395899],[-58.618174,-27.123719],[-57.63366,-25.603657],[-57.777217,-25.16234],[-58.807128,-24.771459],[-60.028966,-24.032796],[-60.846565,-23.880713],[-62.685057,-22.249029]]]}},
{"type":"Feature","id":"QAT","cc":"QA","properties":{"name":"Qatar"},"geometry":{"type":"Polygon","coordinates":[[[50.810108,24.754743],[50.743911,25.482424],[51.013352,26.006992],[51.286462,26.114582],[51.589079,25.801113],[51.6067,25.21567],[51.389608,24.627386],[51.112415,24.556331],[50.810108,24.754743]]]}},
{"type":"Feature","id":"ROU","cc":"RO","properties":{"name":"Romania"},"geometry":{"type":"Polygon","coordinates":[[[22.710531,47.882194],[23.142236,48.096341],[23.760958,47.985598],[24.402056,47.981878],[24.866317,47.737526],[25.207743,47.891056],[25.945941,47.987149],[26.19745,48.220881],[26.619337,48.220726],[26.924176,48.123264],[27.233873,47.826771],[27.551166,47.405117],[28.12803,46.810476],[28.160018,46.371563],[28.054443,45.944586],[28.233554,45.488283],[28.679779,45.304031],[29.149725,45.464925],[29.603289,45.293308],[29.626543,45.035391],[29.141612,44.82021],[28.837858,44.913874],[28.558081,43.707462],[27.970107,43.812468],[27.2424,44.175986],[26.065159,43.943494],[25.569272,43.688445],[24.100679,43.741051],[23.332302,43.897011],[22.944832,43.823785],[22.65715,44.234923],[22.474008,44.409228],[22.705726,44.578003],[22.459022,44.702517],[22.145088,44.478422],[21.562023,44.768947],[21.483526,45.18117],[20.874313,45.416375],[20.762175,45.734573],[20.220192,46.127469],[21.021952,46.316088],[21.626515,46.994238],[22.099768,47.672439],[22.710531,47.882194]]]}},
{"type":"Feature","id":"RUS","cc":"RU","properties":{"name":"Russia"},"geometry":{"type":"MultiPolygon","coordinates":[[[[143.648007,50.7476],[144.654148,48.976391],[143.173928,49.306551],[142.558668,47.861575],[143.533492,46.836728],[143.505277,46.137908],[142.747701,46.740765],[142.09203,45.966755],[141.906925,46.805929],[142.018443,47.780133],[141.904445,48.859189],[142.1358,49.615163],[142.179983,50.952342],[141.594076,51.935435],[141.682546,53.301966],[142.606934,53.762145],[142.209749,54.225476],[142.654786,54.365881],[142.914616,53.704578],[143.260848,52.74076],[143.235268,51.75666],[143.648007,50.7476]]],[[[22.731099,54.327537],[20.892245,54.312525],[19.66064,54.426084],[19.888481,54.86616],[21.268449,55.190482],[22.315724,55.015299],[22.757764,54.856574],[22.651052,54.582741],[22.731099,54.327537]]],[[[-175.01425,66.58435],[-174.33983,66.33556],[-174.57182,67.06219],[-171.85731,66.91308],[-169.89958,65.97724],[-170.89107,65.54139],[-172.53025,65.43791],[-172.555,64.46079],[-172.95533,64.25269],[-173.89184,64.2826],[-174.65392,64.63125],[-175.98353,64.92288],[-176.20716,65.35667],[-177.22266,65.52024],[-178.35993,65.39052],[-178.90332,65.74044],[-178.68611,66.11211],[-179.88377,65.87456],[-179.43268,65.40411],[-180,64.979709],[-180,68.963636],[-177.55,68.2],[-174.92825,67.20589],[-175.01425,66.58435]]],[[[180,70.832199],[178.903425,70.78114],[178.7253,71.0988],[180,71.515714],[180,70.832199]]],[[[-178.69378,70.89302],[-180,70.832199],[-180,71.515714],[-179.871875,71.55762],[-179.02433,71.55553],[-177.577945,71.26948],[-177.663575,71.13277],[-178.69378,70.89302]]],[[[143.60385,73.21244],[142.08763,73.20544],[140.038155,73.31692],[139.86312,73.36983],[140.81171,73.76506],[142.06207,73.85758],[143.48283,73.47525],[143.60385,73.21244]]],[[[150.73167,75.08406],[149.575925,74.68892],[147.977465,74.778355],[146.11919,75.17298],[146.358485,75.49682],[148.22223,75.345845],[150.73167,75.08406]]],[[[145.086285,75.562625],[144.3,74.82],[140.61381,74.84768],[138.95544,74.61148],[136.97439,75.26167],[137.51176,75.94917],[138.831075,76.13676],[141.471615,76.09289],[145.086285,75.562625]]],[[[57.535693,70.720464],[56.944979,70.632743],[53.677375,70.762658],[53.412017,71.206662],[51.601895,71.474759],[51.455754,72.014881],[52.478275,72.229442],[52.444169,72.774731],[54.427614,73.627548],[53.50829,73.749814],[55.902459,74.627486],[55.631933,75.081412],[57.868644,75.60939],[61.170044,76.251883],[64.498368,76.439055],[66.210977,76.809782],[68.15706,76.939697],[68.852211,76.544811],[68.180573,76.233642],[64.637326,75.737755],[61.583508,75.260885],[58.477082,74.309056],[56.986786,73.333044],[55.419336,72.371268],[55.622838,71.540595],[57.535693,70.720464]]],[[[106.97013,76.97419],[107.24,76.48],[108.1538,76.72335],[111.07726,76.71],[113.33151,76.22224],[114.13417,75.84764],[113.88539,75.32779],[112.77918,75.03186],[110.15125,74.47673],[109.4,74.18],[110.64,74.04],[112.11919,73.78774],[113.01954,73.97693],[113.52958,73.33505],[113.96881,73.59488],[115.56782,73.75285],[118.77633,73.58772],[119.02,73.12],[123.20066,72.97122],[123.25777,73.73503],[125.38,73.56],[126.97644,73.56549],[128.59126,73.03871],[129.05157,72.39872],[128.46,71.98],[129.71599,71.19304],[131.28858,70.78699],[132.2535,71.8363],[133.85766,71.38642],[135.56193,71.65525],[137.49755,71.34763],[138.23409,71.62803],[139.86983,71.48783],[139.14791,72.41619],[140.46817,72.84941],[149.5,72.2],[150.35118,71.60643],[152.9689,70.84222],[157.00688,71.03141],[158.99779,70.86672],[159.83031,70.45324],[159.70866,69.72198],[160.94053,69.43728],[162.27907,69.64204],[164.05248,69.66823],[165.94037,69.47199],[167.83567,69.58269],[169.57763,68.6938],[170.81688,69.01363],[170.0082,69.65276],[170.45345,70.09703],[173.64391,69.81743],[175.72403,69.87725],[178.6,69.4],[180,68.963636],[180,64.979709],[179.99281,64.97433],[178.7072,64.53493],[177.41128,64.60821],[178.313,64.07593],[178.90825,63.25197],[179.37034,62.98262],[179.48636,62.56894],[179.22825,62.3041],[177.3643,62.5219],[174.56929,61.76915],[173.68013,61.65261],[172.15,60.95],[170.6985,60.33618],[170.33085,59.88177],[168.90046,60.57355],[166.29498,59.78855],[165.84,60.16],[164.87674,59.7316],[163.53929,59.86871],[163.21711,59.21101],[162.01733,58.24328],[162.05297,57.83912],[163.19191,57.61503],[163.05794,56.15924],[162.12958,56.12219],[161.70146,55.28568],[162.11749,54.85514],[160.36877,54.34433],[160.02173,53.20257],[158.53094,52.95868],[158.23118,51.94269],[156.78979,51.01105],[156.42,51.7],[155.99182,53.15895],[155.43366,55.38103],[155.91442,56.76792],[156.75815,57.3647],[156.81035,57.83204],[158.36433,58.05575],[160.15064,59.31477],[161.87204,60.343],[163.66969,61.1409],[164.47355,62.55061],[163.25842,62.46627],[162.65791,61.6425],[160.12148,60.54423],[159.30232,61.77396],[156.72068,61.43442],[154.21806,59.75818],[155.04375,59.14495],[152.81185,58.88385],[151.26573,58.78089],[151.33815,59.50396],[149.78371,59.65573],[148.54481,59.16448],[145.48722,59.33637],[142.19782,59.03998],[138.95848,57.08805],[135.12619,54.72959],[136.70171,54.60355],[137.19342,53.97732],[138.1647,53.75501],[138.80463,54.25455],[139.90151,54.18968],[141.34531,53.08957],[141.37923,52.23877],[140.59742,51.23967],[140.51308,50.04553],[140.06193,48.44671],[138.55472,46.99965],[138.21971,46.30795],[136.86232,45.1435],[135.51535,43.989],[134.86939,43.39821],[133.53687,42.81147],[132.90627,42.79849],[132.27807,43.28456],[130.93587,42.55274],[130.78,42.22],[130.64,42.395],[130.633866,42.903015],[131.144688,42.92999],[131.288555,44.11152],[131.02519,44.96796],[131.883454,45.321162],[133.09712,45.14409],[133.769644,46.116927],[134.11235,47.21248],[134.50081,47.57845],[135.026311,48.47823],[133.373596,48.183442],[132.50669,47.78896],[130.98726,47.79013],[130.582293,48.729687],[129.397818,49.4406],[127.6574,49.76027],[127.287456,50.739797],[126.939157,51.353894],[126.564399,51.784255],[125.946349,52.792799],[125.068211,53.161045],[123.57147,53.4588],[122.245748,53.431726],[121.003085,53.251401],[120.177089,52.753886],[120.725789,52.516226],[120.7382,51.96411],[120.18208,51.64355],[119.27939,50.58292],[119.288461,50.142883],[117.879244,49.510983],[116.678801,49.888531],[115.485695,49.805177],[114.96211,50.140247],[114.362456,50.248303],[112.89774,49.543565],[111.581231,49.377968],[110.662011,49.130128],[109.402449,49.292961],[108.475167,49.282548],[107.868176,49.793705],[106.888804,50.274296],[105.886591,50.406019],[104.62158,50.27532],[103.676545,50.089966],[102.25589,50.51056],[102.06521,51.25991],[100.88948,51.516856],[99.981732,51.634006],[98.861491,52.047366],[97.82574,51.010995],[98.231762,50.422401],[97.25976,49.72605],[95.81402,49.97746],[94.815949,50.013433],[94.147566,50.480537],[93.10421,50.49529],[92.234712,50.802171],[90.713667,50.331812],[88.805567,49.470521],[87.751264,49.297198],[87.35997,49.214981],[86.829357,49.826675],[85.54127,49.692859],[85.11556,50.117303],[84.416377,50.3114],[83.935115,50.889246],[83.383004,51.069183],[81.945986,50.812196],[80.568447,51.388336],[80.03556,50.864751],[77.800916,53.404415],[76.525179,54.177003],[76.8911,54.490524],[74.38482,53.54685],[73.425679,53.48981],[73.508516,54.035617],[72.22415,54.376655],[71.180131,54.133285],[70.865267,55.169734],[69.068167,55.38525],[68.1691,54.970392],[65.66687,54.60125],[65.178534,54.354228],[61.4366,54.00625],[60.978066,53.664993],[61.699986,52.979996],[60.739993,52.719986],[60.927269,52.447548],[59.967534,51.96042],[61.588003,51.272659],[61.337424,50.79907],[59.932807,50.842194],[59.642282,50.545442],[58.36332,51.06364],[56.77798,51.04355],[55.71694,50.62171],[54.532878,51.02624],[52.328724,51.718652],[50.766648,51.692762],[48.702382,50.605128],[48.577841,49.87476],[47.54948,50.454698],[46.751596,49.356006],[47.043672,49.152039],[46.466446,48.394152],[47.31524,47.71585],[48.05725,47.74377],[48.694734,47.075628],[48.59325,46.56104],[49.10116,46.39933],[48.64541,45.80629],[47.67591,45.64149],[46.68201,44.6092],[47.59094,43.66016],[47.49252,42.98658],[48.58437,41.80888],[47.987283,41.405819],[47.815666,41.151416],[47.373315,41.219732],[46.686071,41.827137],[46.404951,41.860675],[45.7764,42.09244],[45.470279,42.502781],[44.537623,42.711993],[43.93121,42.55496],[43.75599,42.74083],[42.3944,43.2203],[40.92219,43.38215],[40.076965,43.553104],[39.955009,43.434998],[38.68,44.28],[37.53912,44.65721],[36.67546,45.24469],[37.40317,45.40451],[38.23295,46.24087],[37.67372,46.63657],[39.14767,47.04475],[39.1212,47.26336],[38.223538,47.10219],[38.255112,47.5464],[38.77057,47.82562],[39.738278,47.898937],[39.89562,48.23241],[39.67465,48.78382],[40.080789,49.30743],[40.06904,49.60105],[38.594988,49.926462],[38.010631,49.915662],[37.39346,50.383953],[36.626168,50.225591],[35.356116,50.577197],[35.37791,50.77394],[35.022183,51.207572],[34.224816,51.255993],[34.141978,51.566413],[34.391731,51.768882],[33.7527,52.335075],[32.715761,52.238465],[32.412058,52.288695],[32.15944,52.06125],[31.78597,52.10168],[31.540018,52.742052],[31.305201,53.073996],[31.49764,53.16743],[32.304519,53.132726],[32.693643,53.351421],[32.405599,53.618045],[31.731273,53.794029],[31.791424,53.974639],[31.384472,54.157056],[30.757534,54.811771],[30.971836,55.081548],[30.873909,55.550976],[29.896294,55.789463],[29.371572,55.670091],[29.229513,55.918344],[28.176709,56.16913],[27.855282,56.759326],[27.770016,57.244258],[27.288185,57.474528],[27.716686,57.791899],[27.42015,58.72457],[28.131699,59.300825],[27.98112,59.47537],[29.1177,60.02805],[28.07,60.50352],[30.211107,61.780028],[31.139991,62.357693],[31.516092,62.867687],[30.035872,63.552814],[30.444685,64.204453],[29.54443,64.948672],[30.21765,65.80598],[29.054589,66.944286],[29.977426,67.698297],[28.445944,68.364613],[28.59193,69.064777],[29.39955,69.15692],[31.10108,69.55811],[32.13272,69.90595],[33.77547,69.30142],[36.51396,69.06342],[40.29234,67.9324],[41.05987,67.45713],[41.12595,66.79158],[40.01583,66.26618],[38.38295,65.99953],[33.91871,66.75961],[33.18444,66.63253],[34.81477,65.90015],[34.878574,65.436213],[34.94391,64.41437],[36.23129,64.10945],[37.01273,63.84983],[37.14197,64.33471],[36.539579,64.76446],[37.17604,65.14322],[39.59345,64.52079],[40.4356,64.76446],[39.7626,65.49682],[42.09309,66.47623],[43.01604,66.41858],[43.94975,66.06908],[44.53226,66.75634],[43.69839,67.35245],[44.18795,67.95051],[43.45282,68.57079],[46.25,68.25],[46.82134,67.68997],[45.55517,67.56652],[45.56202,67.01005],[46.34915,66.66767],[47.89416,66.88455],[48.13876,67.52238],[50.22766,67.99867],[53.71743,68.85738],[54.47171,68.80815],[53.48582,68.20131],[54.72628,68.09702],[55.44268,68.43866],[57.31702,68.46628],[58.802,68.88082],[59.94142,68.27844],[61.07784,68.94069],[60.03,69.52],[60.55,69.85],[63.504,69.54739],[64.888115,69.234835],[68.51216,68.09233],[69.18068,68.61563],[68.16444,69.14436],[68.13522,69.35649],[66.93008,69.45461],[67.25976,69.92873],[66.72492,70.70889],[66.69466,71.02897],[68.54006,71.9345],[69.19636,72.84336],[69.94,73.04],[72.58754,72.77629],[72.79603,72.22006],[71.84811,71.40898],[72.47011,71.09019],[72.79188,70.39114],[72.5647,69.02085],[73.66787,68.4079],[73.2387,67.7404],[71.28,66.32],[72.42301,66.17267],[72.82077,66.53267],[73.92099,66.78946],[74.18651,67.28429],[75.052,67.76047],[74.46926,68.32899],[74.93584,68.98918],[73.84236,69.07146],[73.60187,69.62763],[74.3998,70.63175],[73.1011,71.44717],[74.89082,72.12119],[74.65926,72.83227],[75.15801,72.85497],[75.68351,72.30056],[75.28898,71.33556],[76.35911,71.15287],[75.90313,71.87401],[77.57665,72.26717],[79.65202,72.32011],[81.5,71.75],[80.61071,72.58285],[80.51109,73.6482],[82.25,73.85],[84.65526,73.80591],[86.8223,73.93688],[86.00956,74.45967],[87.16682,75.11643],[88.31571,75.14393],[90.26,75.64],[92.90058,75.77333],[93.23421,76.0472],[95.86,76.14],[96.67821,75.91548],[98.92254,76.44689],[100.75967,76.43028],[101.03532,76.86189],[101.99084,77.28754],[104.3516,77.69792],[106.06664,77.37389],[104.705,77.1274],[106.97013,76.97419]]],[[[105.07547,78.30689],[99.43814,77.921],[101.2649,79.23399],[102.08635,79.34641],[102.837815,79.28129],[105.37243,78.71334],[105.07547,78.30689]]],[[[51.136187,80.54728],[49.793685,80.415428],[48.894411,80.339567],[48.754937,80.175468],[47.586119,80.010181],[46.502826,80.247247],[47.072455,80.559424],[44.846958,80.58981],[46.799139,80.771918],[48.318477,80.78401],[48.522806,80.514569],[49.09719,80.753986],[50.039768,80.918885],[51.522933,80.699726],[51.136187,80.54728]]],[[[99.93976,78.88094],[97.75794,78.7562],[94.97259,79.044745],[93.31288,79.4265],[92.5454,80.14379],[91.18107,80.34146],[93.77766,81.0246],[95.940895,81.2504],[97.88385,80.746975],[100.186655,79.780135],[99.93976,78.88094]]]]}},
{"type":"Feature","id":"RWA","cc":"RW","properties":{"name":"Rwanda"},"geometry":{"type":"Polygon","coordinates":[[[30.419105,-1.134659],[30.816135,-1.698914],[30.758309,-2.28725],[30.469696,-2.413858],[29.938359,-2.348487],[29.632176,-2.917858],[29.024926,-2.839258],[29.117479,-2.292211],[29.254835,-2.21511],[29.291887,-1.620056],[29.579466,-1.341313],[29.821519,-1.443322],[30.419105,-1.134659]]]}},
{"type":"Feature","id":"ESH","cc":"EH","properties":{"name":"Western Sahara"},"geometry":{"type":"Polygon","coordinates":[[[-8.794884,27.120696],[-8.817828,27.656426],[-8.66559,27.656426],[-8.665124,27.589479],[-8.6844,27.395744],[-8.687294,25.881056],[-11.969419,25.933353],[-11.937224,23.374594],[-12.874222,23.284832],[-13.118754,22.77122],[-12.929102,21.327071],[-16.845194,21.333323],[-17.063423,20.999752],[-17.020428,21.42231],[-17.002962,21.420734],[-14.750955,21.5006],[-14.630833,21.86094],[-14.221168,22.310163],[-13.89111,23.691009],[-12.500963,24.770116],[-12.030759,26.030866],[-11.71822,26.104092],[-11.392555,26.883424],[-10.551263,26.990808],[-10.189424,26.860945],[-9.735343,26.860945],[-9.413037,27.088476],[-8.794884,27.120696]]]}},
{"type":"Feature","id":"SAU","cc":"SA","properties":{"name":"Saudi Arabia"},"geometry":{"type":"Polygon","coordinates":[[[42.779332,16.347891],[42.649573,16.774635],[42.347989,17.075806],[42.270888,17.474722],[41.754382,17.833046],[41.221391,18.6716],[40.939341,19.486485],[40.247652,20.174635],[39.801685,20.338862],[39.139399,21.291905],[39.023696,21.986875],[39.066329,22.579656],[38.492772,23.688451],[38.02386,24.078686],[37.483635,24.285495],[37.154818,24.858483],[37.209491,25.084542],[36.931627,25.602959],[36.639604,25.826228],[36.249137,26.570136],[35.640182,27.37652],[35.130187,28.063352],[34.632336,28.058546],[34.787779,28.607427],[34.83222,28.957483],[34.956037,29.356555],[36.068941,29.197495],[36.501214,29.505254],[36.740528,29.865283],[37.503582,30.003776],[37.66812,30.338665],[37.998849,30.5085],[37.002166,31.508413],[39.004886,32.010217],[39.195468,32.161009],[40.399994,31.889992],[41.889981,31.190009],[44.709499,29.178891],[46.568713,29.099025],[47.459822,29.002519],[47.708851,28.526063],[48.416094,28.552004],[48.807595,27.689628],[49.299554,27.461218],[49.470914,27.109999],[50.152422,26.689663],[50.212935,26.277027],[50.113303,25.943972],[50.239859,25.60805],[50.527387,25.327808],[50.660557,24.999896],[50.810108,24.754743],[51.112415,24.556331],[51.389608,24.627386],[51.579519,24.245497],[51.617708,24.014219],[52.000733,23.001154],[55.006803,22.496948],[55.208341,22.70833],[55.666659,22.000001],[54.999982,19.999994],[52.00001,19.000003],[49.116672,18.616668],[48.183344,18.166669],[47.466695,17.116682],[47.000005,16.949999],[46.749994,17.283338],[46.366659,17.233315],[45.399999,17.333335],[45.216651,17.433329],[44.062613,17.410359],[43.791519,17.319977],[43.380794,17.579987],[43.115798,17.08844],[43.218375,16.66689],[42.779332,16.347891]]]}},
{"type":"Feature","id":"SDN","cc":"SD","properties":{"name":"Sudan"},"geometry":{"type":"Polygon","coordinates":[[[33.963393,9.464285],[33.824963,9.484061],[33.842131,9.981915],[33.721959,10.325262],[33.206938,10.720112],[33.086766,11.441141],[33.206938,12.179338],[32.743419,12.248008],[32.67475,12.024832],[32.073892,11.97333],[32.314235,11.681484],[32.400072,11.080626],[31.850716,10.531271],[31.352862,9.810241],[30.837841,9.707237],[29.996639,10.290927],[29.618957,10.084919],[29.515953,9.793074],[29.000932,9.604232],[28.966597,9.398224],[27.97089,9.398224],[27.833551,9.604232],[27.112521,9.638567],[26.752006,9.466893],[26.477328,9.55273],[25.962307,10.136421],[25.790633,10.411099],[25.069604,10.27376],[24.794926,9.810241],[24.537415,8.917538],[24.194068,8.728696],[23.88698,8.61973],[23.805813,8.666319],[23.459013,8.954286],[23.394779,9.265068],[23.55725,9.681218],[23.554304,10.089255],[22.977544,10.714463],[22.864165,11.142395],[22.87622,11.38461],[22.50869,11.67936],[22.49762,12.26024],[22.28801,12.64605],[21.93681,12.58818],[22.03759,12.95546],[22.29658,13.37232],[22.18329,13.78648],[22.51202,14.09318],[22.30351,14.32682],[22.56795,14.94429],[23.02459,15.68072],[23.88689,15.61084],[23.83766,19.58047],[23.85,20],[25,20.00304],[25,22],[29.02,22],[32.9,22],[36.86623,22],[37.18872,21.01885],[36.96941,20.83744],[37.1147,19.80796],[37.48179,18.61409],[37.86276,18.36786],[38.41009,17.998307],[37.904,17.42754],[37.16747,17.26314],[36.85253,16.95655],[36.75389,16.29186],[36.32322,14.82249],[36.42951,14.42211],[36.27022,13.56333],[35.86363,12.57828],[35.26049,12.08286],[34.83163,11.31896],[34.73115,10.91017],[34.25745,10.63009],[33.96162,9.58358],[33.963393,9.464285]]]}},
{"type":"Feature","id":"SSD","cc":"SS","properties":{"name":"South Sudan"},"geometry":{"type":"Polygon","coordinates":[[[33.963393,9.464285],[33.97498,8.68456],[33.8255,8.37916],[33.2948,8.35458],[32.95418,7.78497],[33.56829,7.71334],[34.0751,7.22595],[34.25032,6.82607],[34.70702,6.59422],[35.298007,5.506],[34.620196,4.847123],[34.005,4.249885],[33.39,3.79],[32.68642,3.79232],[31.88145,3.55827],[31.24556,3.7819],[30.83385,3.50917],[29.95349,4.1737],[29.715995,4.600805],[29.159078,4.389267],[28.696678,4.455077],[28.428994,4.287155],[27.979977,4.408413],[27.374226,5.233944],[27.213409,5.550953],[26.465909,5.946717],[26.213418,6.546603],[25.796648,6.979316],[25.124131,7.500085],[25.114932,7.825104],[24.567369,8.229188],[23.88698,8.61973],[24.194068,8.728696],[24.537415,8.917538],[24.794926,9.810241],[25.069604,10.27376],[25.790633,10.411099],[25.962307,10.136421],[26.477328,9.55273],[26.752006,9.466893],[27.112521,9.638567],[27.833551,9.604232],[27.97089,9.398224],[28.966597,9.398224],[29.000932,9.604232],[29.515953,9.793074],[29.618957,10.084919],[29.996639,10.290927],[30.837841,9.707237],[31.352862,9.810241],[31.850716,10.531271],[32.400072,11.080626],[32.314235,11.681484],[32.073892,11.97333],[32.67475,12.024832],[32.743419,12.248008],[33.206938,12.179338],[33.086766,11.441141],[33.206938,10.720112],[33.721959,10.325262],[33.842131,9.981915],[33.824963,9.484061],[33.963393,9.464285]]]}},
{"type":"Feature","id":"SEN","cc":"SN","properties":{"name":"Senegal"},"geometry":{"type":"Polygon","coordinates":[[[-16.713729,13.594959],[-17.126107,14.373516],[-17.625043,14.729541],[-17.185173,14.919477],[-16.700706,15.621527],[-16.463098,16.135036],[-16.12069,16.455663],[-15.623666,16.369337],[-15.135737,16.587282],[-14.577348,16.598264],[-14.099521,16.304302],[-13.435738,16.039383],[-12.830658,15.303692],[-12.17075,14.616834],[-12.124887,13.994727],[-11.927716,13.422075],[-11.553398,13.141214],[-11.467899,12.754519],[-11.513943,12.442988],[-11.658301,12.386583],[-12.203565,12.465648],[-12.278599,12.35444],[-12.499051,12.33209],[-13.217818,12.575874],[-13.700476,12.586183],[-15.548477,12.62817],[-15.816574,12.515567],[-16.147717,12.547762],[-16.677452,12.384852],[-16.841525,13.151394],[-15.931296,13.130284],[-15.691001,13.270353],[-15.511813,13.27857],[-15.141163,13.509512],[-14.712197,13.298207],[-14.277702,13.280585],[-13.844963,13.505042],[-14.046992,13.794068],[-14.376714,13.62568],[-14.687031,13.630357],[-15.081735,13.876492],[-15.39877,13.860369],[-15.624596,13.623587],[-16.713729,13.594959]]]}},
{"type":"Feature","id":"SLB","cc":"SB","properties":{"name":"Solomon Islands"},"geometry":{"type":"MultiPolygon","coordinates":[[[[162.119025,-10.482719],[162.398646,-10.826367],[161.700032,-10.820011],[161.319797,-10.204751],[161.917383,-10.446701],[162.119025,-10.482719]]],[[[160.852229,-9.872937],[160.462588,-9.89521],[159.849447,-9.794027],[159.640003,-9.63998],[159.702945,-9.24295],[160.362956,-9.400304],[160.688518,-9.610162],[160.852229,-9.872937]]],[[[161.679982,-9.599982],[161.529397,-9.784312],[160.788253,-8.917543],[160.579997,-8.320009],[160.920028,-8.320009],[161.280006,-9.120011],[161.679982,-9.599982]]],[[[159.875027,-8.33732],[159.917402,-8.53829],[159.133677,-8.114181],[158.586114,-7.754824],[158.21115,-7.421872],[158.359978,-7.320018],[158.820001,-7.560003],[159.640003,-8.020027],[159.875027,-8.33732]]],[[[157.538426,-7.34782],[157.33942,-7.404767],[156.90203,-7.176874],[156.491358,-6.765943],[156.542828,-6.599338],[157.14,-7.021638],[157.538426,-7.34782]]]]}},
{"type":"Feature","id":"SLE","cc":"SL","properties":{"name":"Sierra Leone"},"geometry":{"type":"Polygon","coordinates":[[[-11.438779,6.785917],[-11.708195,6.860098],[-12.428099,7.262942],[-12.949049,7.798646],[-13.124025,8.163946],[-13.24655,8.903049],[-12.711958,9.342712],[-12.596719,9.620188],[-12.425929,9.835834],[-12.150338,9.858572],[-11.917277,10.046984],[-11.117481,10.045873],[-10.839152,9.688246],[-10.622395,9.26791],[-10.65477,8.977178],[-10.494315,8.715541],[-10.505477,8.348896],[-10.230094,8.406206],[-10.695595,7.939464],[-11.146704,7.396706],[-11.199802,7.105846],[-11.438779,6.785917]]]}},
{"type":"Feature","id":"SLV","cc":"SV","properties":{"name":"El Salvador"},"geometry":{"type":"Polygon","coordinates":[[[-87.793111,13.38448],[-87.904112,13.149017],[-88.483302,13.163951],[-88.843228,13.259734],[-89.256743,13.458533],[-89.812394,13.520622],[-90.095555,13.735338],[-90.064678,13.88197],[-89.721934,14.134228],[-89.534219,14.244816],[-89.587343,14.362586],[-89.353326,14.424133],[-89.058512,14.340029],[-88.843073,14.140507],[-88.541231,13.980155],[-88.503998,13.845486],[-88.065343,13.964626],[-87.859515,13.893312],[-87.723503,13.78505],[-87.793111,13.38448]]]}},
{"type":"Feature","id":"SOM","cc":"SO","properties":{"name":"Somalia"},"geometry":{"type":"Polygon","coordinates":[[[49.72862,11.5789],[50.25878,11.67957],[50.73202,12.0219],[51.1112,12.02464],[51.13387,11.74815],[51.04153,11.16651],[51.04531,10.6409],[50.83418,10.27972],[50.55239,9.19874],[50.07092,8.08173],[49.4527,6.80466],[48.59455,5.33911],[47.74079,4.2194],[46.56476,2.85529],[45.56399,2.04576],[44.06815,1.05283],[43.13597,0.2922],[42.04157,-0.91916],[41.81095,-1.44647],[41.58513,-1.68325],[40.993,-0.85829],[40.98105,2.78452],[41.855083,3.918912],[42.12861,4.23413],[42.76967,4.25259],[43.66087,4.95755],[44.9636,5.00162],[47.78942,8.003],[48.486736,8.837626],[48.93813,9.451749],[48.938233,9.9735],[48.938491,10.982327],[48.942005,11.394266],[48.948205,11.410617],[49.26776,11.43033],[49.72862,11.5789]]]}},
{"type":"Feature","id":"SRB","cc":"RS","properties":{"name":"Serbia"},"geometry":{"type":"Polygon","coordinates":[[[20.874313,45.416375],[21.483526,45.18117],[21.562023,44.768947],[22.145088,44.478422],[22.459022,44.702517],[22.705726,44.578003],[22.474008,44.409228],[22.65715,44.234923],[22.410446,44.008063],[22.500157,43.642814],[22.986019,43.211161],[22.604801,42.898519],[22.436595,42.580321],[22.545012,42.461362],[22.380526,42.32026],[21.91708,42.30364],[21.576636,42.245224],[21.54332,42.32025],[21.66292,42.43922],[21.77505,42.6827],[21.63302,42.67717],[21.43866,42.86255],[21.27421,42.90959],[21.143395,43.068685],[20.95651,43.13094],[20.81448,43.27205],[20.63508,43.21671],[20.49679,42.88469],[20.25758,42.81275],[20.3398,42.89852],[19.95857,43.10604],[19.63,43.21378],[19.48389,43.35229],[19.21852,43.52384],[19.454,43.5681],[19.59976,44.03847],[19.11761,44.42307],[19.36803,44.863],[19.00548,44.86023],[19.390476,45.236516],[19.072769,45.521511],[18.82982,45.90888],[19.596045,46.17173],[20.220192,46.127469],[20.762175,45.734573],[20.874313,45.416375]]]}},
{"type":"Feature","id":"SUR","cc":"SR","properties":{"name":"Suriname"},"geometry":{"type":"Polygon","coordinates":[[[-57.147436,5.97315],[-55.949318,5.772878],[-55.84178,5.953125],[-55.03325,6.025291],[-53.958045,5.756548],[-54.478633,4.896756],[-54.399542,4.212611],[-54.006931,3.620038],[-54.181726,3.18978],[-54.269705,2.732392],[-54.524754,2.311849],[-55.097587,2.523748],[-55.569755,2.421506],[-55.973322,2.510364],[-56.073342,2.220795],[-55.9056,2.021996],[-55.995698,1.817667],[-56.539386,1.899523],[-57.150098,2.768927],[-57.281433,3.333492],[-57.601569,3.334655],[-58.044694,4.060864],[-57.86021,4.576801],[-57.914289,4.812626],[-57.307246,5.073567],[-57.147436,5.97315]]]}},
{"type":"Feature","id":"SVK","cc":"SK","properties":{"name":"Slovakia"},"geometry":{"type":"Polygon","coordinates":[[[18.853144,49.49623],[18.909575,49.435846],[19.320713,49.571574],[19.825023,49.217125],[20.415839,49.431453],[20.887955,49.328772],[21.607808,49.470107],[22.558138,49.085738],[22.280842,48.825392],[22.085608,48.422264],[21.872236,48.319971],[20.801294,48.623854],[20.473562,48.56285],[20.239054,48.327567],[19.769471,48.202691],[19.661364,48.266615],[19.174365,48.111379],[18.777025,48.081768],[18.696513,47.880954],[17.857133,47.758429],[17.488473,47.867466],[16.979667,48.123497],[16.879983,48.470013],[16.960288,48.596982],[17.101985,48.816969],[17.545007,48.800019],[17.886485,48.903475],[17.913512,48.996493],[18.104973,49.043983],[18.170498,49.271515],[18.399994,49.315001],[18.554971,49.495015],[18.853144,49.49623]]]}},
{"type":"Feature","id":"SVN","cc":"SI","properties":{"name":"Slovenia"},"geometry":{"type":"Polygon","coordinates":[[[13.806475,46.509306],[14.632472,46.431817],[15.137092,46.658703],[16.011664,46.683611],[16.202298,46.852386],[16.370505,46.841327],[16.564808,46.503751],[15.768733,46.238108],[15.67153,45.834154],[15.323954,45.731783],[15.327675,45.452316],[14.935244,45.471695],[14.595109,45.634941],[14.411968,45.466166],[13.71506,45.500324],[13.93763,45.591016],[13.69811,46.016778],[13.806475,46.509306]]]}},
{"type":"Feature","id":"SWE","cc":"SE","properties":{"name":"Sweden"},"geometry":{"type":"MultiPolygon","coordinates":[[[[22.183173,65.723741],[21.213517,65.026005],[21.369631,64.413588],[19.778876,63.609554],[17.847779,62.7494],[17.119555,61.341166],[17.831346,60.636583],[18.787722,60.081914],[17.869225,58.953766],[16.829185,58.719827],[16.44771,57.041118],[15.879786,56.104302],[14.666681,56.200885],[14.100721,55.407781],[12.942911,55.361737],[12.625101,56.30708],[11.787942,57.441817],[11.027369,58.856149],[11.468272,59.432393],[12.300366,60.117933],[12.631147,61.293572],[11.992064,61.800362],[11.930569,63.128318],[12.579935,64.066219],[13.571916,64.049114],[13.919905,64.445421],[13.55569,64.787028],[15.108411,66.193867],[16.108712,67.302456],[16.768879,68.013937],[17.729182,68.010552],[17.993868,68.567391],[19.87856,68.407194],[20.025269,69.065139],[20.645593,69.106247],[21.978535,68.616846],[23.539473,67.936009],[23.56588,66.396051],[23.903379,66.006927],[22.183173,65.723741]]],[[[17.061767,57.385783],[17.210083,57.326521],[16.430053,56.179196],[16.364135,56.556455],[17.061767,57.385783]]],[[[19.35791,57.958588],[18.8031,57.651279],[18.825073,57.444949],[18.995361,57.441993],[18.951416,57.370976],[18.693237,57.305756],[18.709716,57.204734],[18.462524,57.127295],[18.319702,56.926992],[18.105468,56.891003],[18.187866,57.109402],[18.072509,57.267163],[18.154907,57.394664],[18.094482,57.545312],[18.660278,57.929434],[19.039306,57.941098],[19.105224,57.993543],[19.374389,57.996454],[19.35791,57.958588]]],[[[20.846557,63.82371],[21.066284,63.829768],[20.9729,63.71567],[20.824584,63.579121],[20.695495,63.59134],[20.819091,63.714454],[20.799865,63.780059],[20.846557,63.82371]]]]}},
{"type":"Feature","id":"SWZ","cc":"SZ","properties":{"name":"Eswatini"},"geometry":{"type":"Polygon","coordinates":[[[32.071665,-26.73382],[31.86806,-27.177927],[31.282773,-27.285879],[30.685962,-26.743845],[30.676609,-26.398078],[30.949667,-26.022649],[31.04408,-25.731452],[31.333158,-25.660191],[31.837778,-25.843332],[31.985779,-26.29178],[32.071665,-26.73382]]]}},
{"type":"Feature","id":"SYR","cc":"SY","properties":{"name":"Syria"},"geometry":{"type":"Polygon","coordinates":[[[38.792341,33.378686],[36.834062,32.312938],[35.719918,32.709192],[35.700798,32.716014],[35.836397,32.868123],[35.821101,33.277426],[36.06646,33.824912],[36.61175,34.201789],[36.448194,34.593935],[35.998403,34.644914],[35.905023,35.410009],[36.149763,35.821535],[36.41755,36.040617],[36.685389,36.259699],[36.739494,36.81752],[37.066761,36.623036],[38.167727,36.90121],[38.699891,36.712927],[39.52258,36.716054],[40.673259,37.091276],[41.212089,37.074352],[42.349591,37.229873],[41.837064,36.605854],[41.289707,36.358815],[41.383965,35.628317],[41.006159,34.419372],[38.792341,33.378686]]]}},
{"type":"Feature","id":"TCD","cc":"TD","properties":{"name":"Chad"},"geometry":{"type":"Polygon","coordinates":[[[14.495787,12.859396],[14.595781,13.330427],[13.954477,13.353449],[13.956699,13.996691],[13.540394,14.367134],[13.97217,15.68437],[15.247731,16.627306],[15.300441,17.92795],[15.685741,19.95718],[15.903247,20.387619],[15.487148,20.730415],[15.47106,21.04845],[15.096888,21.308519],[14.8513,22.86295],[15.86085,23.40972],[19.84926,21.49509],[23.83766,19.58047],[23.88689,15.61084],[23.02459,15.68072],[22.56795,14.94429],[22.30351,14.32682],[22.51202,14.09318],[22.18329,13.78648],[22.29658,13.37232],[22.03759,12.95546],[21.93681,12.58818],[22.28801,12.64605],[22.49762,12.26024],[22.50869,11.67936],[22.87622,11.38461],[22.864165,11.142395],[22.231129,10.971889],[21.723822,10.567056],[21.000868,9.475985],[20.059685,9.012706],[19.094008,9.074847],[18.81201,8.982915],[18.911022,8.630895],[18.389555,8.281304],[17.96493,7.890914],[16.705988,7.508328],[16.456185,7.734774],[16.290562,7.754307],[16.106232,7.497088],[15.27946,7.421925],[15.436092,7.692812],[15.120866,8.38215],[14.979996,8.796104],[14.544467,8.965861],[13.954218,9.549495],[14.171466,10.021378],[14.627201,9.920919],[14.909354,9.992129],[15.467873,9.982337],[14.923565,10.891325],[14.960152,11.555574],[14.89336,12.21905],[14.495787,12.859396]]]}},
{"type":"Feature","id":"TGO","cc":"TG","properties":{"name":"Togo"},"geometry":{"type":"Polygon","coordinates":[[[1.865241,6.142158],[1.060122,5.928837],[0.836931,6.279979],[0.570384,6.914359],[0.490957,7.411744],[0.712029,8.312465],[0.461192,8.677223],[0.365901,9.465004],[0.36758,10.191213],[-0.049785,10.706918],[0.023803,11.018682],[0.899563,10.997339],[0.772336,10.470808],[1.077795,10.175607],[1.425061,9.825395],[1.463043,9.334624],[1.664478,9.12859],[1.618951,6.832038],[1.865241,6.142158]]]}},
{"type":"Feature","id":"THA","cc":"TH","properties":{"name":"Thailand"},"geometry":{"type":"Polygon","coordinates":[[[102.584932,12.186595],[101.687158,12.64574],[100.83181,12.627085],[100.978467,13.412722],[100.097797,13.406856],[100.018733,12.307001],[99.478921,10.846367],[99.153772,9.963061],[99.222399,9.239255],[99.873832,9.207862],[100.279647,8.295153],[100.459274,7.429573],[101.017328,6.856869],[101.623079,6.740622],[102.141187,6.221636],[101.814282,5.810808],[101.154219,5.691384],[101.075516,6.204867],[100.259596,6.642825],[100.085757,6.464489],[99.690691,6.848213],[99.519642,7.343454],[98.988253,7.907993],[98.503786,8.382305],[98.339662,7.794512],[98.150009,8.350007],[98.25915,8.973923],[98.553551,9.93296],[99.038121,10.960546],[99.587286,11.892763],[99.196354,12.804748],[99.212012,13.269294],[99.097755,13.827503],[98.430819,14.622028],[98.192074,15.123703],[98.537376,15.308497],[98.903348,16.177824],[98.493761,16.837836],[97.859123,17.567946],[97.375896,18.445438],[97.797783,18.62708],[98.253724,19.708203],[98.959676,19.752981],[99.543309,20.186598],[100.115988,20.41785],[100.548881,20.109238],[100.606294,19.508344],[101.282015,19.462585],[101.035931,18.408928],[101.059548,17.512497],[102.113592,18.109102],[102.413005,17.932782],[102.998706,17.961695],[103.200192,18.309632],[103.956477,18.240954],[104.716947,17.428859],[104.779321,16.441865],[105.589039,15.570316],[105.544338,14.723934],[105.218777,14.273212],[104.281418,14.416743],[102.988422,14.225721],[102.348099,13.394247],[102.584932,12.186595]]]}},
{"type":"Feature","id":"TJK","cc":"TJ","properties":{"name":"Tajikistan"},"geometry":{"type":"Polygon","coordinates":[[[71.014198,40.244366],[70.648019,39.935754],[69.55961,40.103211],[69.464887,39.526683],[70.549162,39.604198],[71.784694,39.279463],[73.675379,39.431237],[73.928852,38.505815],[74.257514,38.606507],[74.864816,38.378846],[74.829986,37.990007],[74.980002,37.41999],[73.948696,37.421566],[73.260056,37.495257],[72.63689,37.047558],[72.193041,36.948288],[71.844638,36.738171],[71.448693,37.065645],[71.541918,37.905774],[71.239404,37.953265],[71.348131,38.258905],[70.806821,38.486282],[70.376304,38.138396],[70.270574,37.735165],[70.116578,37.588223],[69.518785,37.608997],[69.196273,37.151144],[68.859446,37.344336],[68.135562,37.023115],[67.83,37.144994],[68.392033,38.157025],[68.176025,38.901553],[67.44222,39.140144],[67.701429,39.580478],[68.536416,39.533453],[69.011633,40.086158],[69.329495,40.727824],[70.666622,40.960213],[70.45816,40.496495],[70.601407,40.218527],[71.014198,40.244366]]]}},
{"type":"Feature","id":"TKM","cc":"TM","properties":{"name":"Turkmenistan"},"geometry":{"type":"Polygon","coordinates":[[[61.210817,35.650072],[61.123071,36.491597],[60.377638,36.527383],[59.234762,37.412988],[58.436154,37.522309],[57.330434,38.029229],[56.619366,38.121394],[56.180375,37.935127],[55.511578,37.964117],[54.800304,37.392421],[53.921598,37.198918],[53.735511,37.906136],[53.880929,38.952093],[53.101028,39.290574],[53.357808,39.975286],[52.693973,40.033629],[52.915251,40.876523],[53.858139,40.631034],[54.736845,40.951015],[54.008311,41.551211],[53.721713,42.123191],[52.91675,41.868117],[52.814689,41.135371],[52.50246,41.783316],[52.944293,42.116034],[54.079418,42.324109],[54.755345,42.043971],[55.455251,41.259859],[55.968191,41.308642],[57.096391,41.32231],[56.932215,41.826026],[57.78653,42.170553],[58.629011,42.751551],[59.976422,42.223082],[60.083341,41.425146],[60.465953,41.220327],[61.547179,41.26637],[61.882714,41.084857],[62.37426,40.053886],[63.518015,39.363257],[64.170223,38.892407],[65.215999,38.402695],[66.54615,37.974685],[66.518607,37.362784],[66.217385,37.39379],[65.745631,37.661164],[65.588948,37.305217],[64.746105,37.111818],[64.546479,36.312073],[63.982896,36.007957],[63.193538,35.857166],[62.984662,35.404041],[62.230651,35.270664],[61.210817,35.650072]]]}},
{"type":"Feature","id":"TLS","cc":"TL","properties":{"name":"Timor-Leste"},"geometry":{"type":"Polygon","coordinates":[[[124.968682,-8.89279],[125.086246,-8.656887],[125.947072,-8.432095],[126.644704,-8.398247],[126.957243,-8.273345],[127.335928,-8.397317],[126.967992,-8.668256],[125.925885,-9.106007],[125.08852,-9.393173],[125.07002,-9.089987],[124.968682,-8.89279]]]}},
{"type":"Feature","id":"TTO","cc":"TT","properties":{"name":"Trinidad and Tobago"},"geometry":{"type":"Polygon","coordinates":[[[-61.68,10.76],[-61.105,10.89],[-60.895,10.855],[-60.935,10.11],[-61.77,10],[-61.95,10.09],[-61.66,10.365],[-61.68,10.76]]]}},
{"type":"Feature","id":"TUN","cc":"TN","properties":{"name":"Tunisia"},"geometry":{"type":"Polygon","coordinates":[[[9.48214,30.307556],[9.055603,32.102692],[8.439103,32.506285],[8.430473,32.748337],[7.612642,33.344115],[7.524482,34.097376],[8.140981,34.655146],[8.376368,35.479876],[8.217824,36.433177],[8.420964,36.946427],[9.509994,37.349994],[10.210002,37.230002],[10.18065,36.724038],[11.028867,37.092103],[11.100026,36.899996],[10.600005,36.41],[10.593287,35.947444],[10.939519,35.698984],[10.807847,34.833507],[10.149593,34.330773],[10.339659,33.785742],[10.856836,33.76874],[11.108501,33.293343],[11.488787,33.136996],[11.432253,32.368903],[10.94479,32.081815],[10.636901,31.761421],[9.950225,31.37607],[10.056575,30.961831],[9.970017,30.539325],[9.48214,30.307556]]]}},
{"type":"Feature","id":"TUR","cc":"TR","properties":{"name":"Turkey"},"geometry":{"type":"MultiPolygon","coordinates":[[[[36.913127,41.335358],[38.347665,40.948586],[39.512607,41.102763],[40.373433,41.013673],[41.554084,41.535656],[42.619549,41.583173],[43.582746,41.092143],[43.752658,40.740201],[43.656436,40.253564],[44.400009,40.005],[44.79399,39.713003],[44.109225,39.428136],[44.421403,38.281281],[44.225756,37.971584],[44.772699,37.170445],[44.293452,37.001514],[43.942259,37.256228],[42.779126,37.385264],[42.349591,37.229873],[41.212089,37.074352],[40.673259,37.091276],[39.52258,36.716054],[38.699891,36.712927],[38.167727,36.90121],[37.066761,36.623036],[36.739494,36.81752],[36.685389,36.259699],[36.41755,36.040617],[36.149763,35.821535],[35.782085,36.274995],[36.160822,36.650606],[35.550936,36.565443],[34.714553,36.795532],[34.026895,36.21996],[32.509158,36.107564],[31.699595,36.644275],[30.621625,36.677865],[30.391096,36.262981],[29.699976,36.144357],[28.732903,36.676831],[27.641187,36.658822],[27.048768,37.653361],[26.318218,38.208133],[26.8047,38.98576],[26.170785,39.463612],[27.28002,40.420014],[28.819978,40.460011],[29.240004,41.219991],[31.145934,41.087622],[32.347979,41.736264],[33.513283,42.01896],[35.167704,42.040225],[36.913127,41.335358]]],[[[27.192377,40.690566],[26.358009,40.151994],[26.043351,40.617754],[26.056942,40.824123],[26.294602,40.936261],[26.604196,41.562115],[26.117042,41.826905],[27.135739,42.141485],[27.99672,42.007359],[28.115525,41.622886],[28.988443,41.299934],[28.806438,41.054962],[27.619017,40.999823],[27.192377,40.690566]]]]}},
{"type":"Feature","id":"TWN","cc":"TW","properties":{"name":"Taiwan"},"geometry":{"type":"Polygon","coordinates":[[[121.777818,24.394274],[121.175632,22.790857],[120.74708,21.970571],[120.220083,22.814861],[120.106189,23.556263],[120.69468,24.538451],[121.495044,25.295459],[121.951244,24.997596],[121.777818,24.394274]]]}},
{"type":"Feature","id":"TZA","cc":"TZ","properties":{"name":"Tanzania"},"geometry":{"type":"Polygon","coordinates":[[[33.903711,-0.95],[34.07262,-1.05982],[37.69869,-3.09699],[37.7669,-3.67712],[39.20222,-4.67677],[38.74054,-5.90895],[38.79977,-6.47566],[39.44,-6.84],[39.47,-7.1],[39.19469,-7.7039],[39.25203,-8.00781],[39.18652,-8.48551],[39.53574,-9.11237],[39.9496,-10.0984],[40.31659,-10.3171],[39.521,-10.89688],[38.427557,-11.285202],[37.82764,-11.26879],[37.47129,-11.56876],[36.775151,-11.594537],[36.514082,-11.720938],[35.312398,-11.439146],[34.559989,-11.52002],[34.28,-10.16],[33.940838,-9.693674],[33.73972,-9.41715],[32.759375,-9.230599],[32.191865,-8.930359],[31.556348,-8.762049],[31.157751,-8.594579],[30.74,-8.34],[30.2,-7.08],[29.62,-6.52],[29.419993,-5.939999],[29.519987,-5.419979],[29.339998,-4.499983],[29.753512,-4.452389],[30.11632,-4.09012],[30.50554,-3.56858],[30.75224,-3.35931],[30.74301,-3.03431],[30.52766,-2.80762],[30.46967,-2.41383],[30.758309,-2.28725],[30.816135,-1.698914],[30.419105,-1.134659],[30.76986,-1.01455],[31.86617,-1.02736],[33.903711,-0.95]]]}},
{"type":"Feature","id":"UGA","cc":"UG","properties":{"name":"Uganda"},"geometry":{"type":"Polygon","coordinates":[[[31.86617,-1.02736],[30.76986,-1.01455],[30.419105,-1.134659],[29.821519,-1.443322],[29.579466,-1.341313],[29.587838,-0.587406],[29.8195,-0.2053],[29.875779,0.59738],[30.086154,1.062313],[30.468508,1.583805],[30.85267,1.849396],[31.174149,2.204465],[30.77332,2.33989],[30.83385,3.50917],[31.24556,3.7819],[31.88145,3.55827],[32.68642,3.79232],[33.39,3.79],[34.005,4.249885],[34.47913,3.5556],[34.59607,3.05374],[35.03599,1.90584],[34.6721,1.17694],[34.18,0.515],[33.893569,0.109814],[33.903711,-0.95],[31.86617,-1.02736]]]}},
{"type":"Feature","id":"UKR","cc":"UA","properties":{"name":"Ukraine"},"geometry":{"type":"Polygon","coordinates":[[[31.785998,52.101678],[32.159412,52.061267],[32.412058,52.288695],[32.715761,52.238465],[33.7527,52.335075],[34.391731,51.768882],[34.141978,51.566413],[34.224816,51.255993],[35.022183,51.207572],[35.377924,50.773955],[35.356116,50.577197],[36.626168,50.225591],[37.39346,50.383953],[38.010631,49.915662],[38.594988,49.926462],[40.069058,49.601055],[40.080789,49.30743],[39.674664,48.783818],[39.895632,48.232405],[39.738278,47.898937],[38.770585,47.825608],[38.255112,47.5464],[38.223538,47.10219],[37.425137,47.022221],[36.759855,46.6987],[35.823685,46.645964],[34.962342,46.273197],[35.020788,45.651219],[35.510009,45.409993],[36.529998,45.46999],[36.334713,45.113216],[35.239999,44.939996],[33.882511,44.361479],[33.326421,44.564877],[33.546924,45.034771],[32.454174,45.327466],[32.630804,45.519186],[33.588162,45.851569],[33.298567,46.080598],[31.74414,46.333348],[31.675307,46.706245],[30.748749,46.5831],[30.377609,46.03241],[29.603289,45.293308],[29.149725,45.464925],[28.679779,45.304031],[28.233554,45.488283],[28.485269,45.596907],[28.659987,45.939987],[28.933717,46.25883],[28.862972,46.437889],[29.072107,46.517678],[29.170654,46.379262],[29.759972,46.349988],[30.024659,46.423937],[29.83821,46.525326],[29.908852,46.674361],[29.559674,46.928583],[29.415135,47.346645],[29.050868,47.510227],[29.122698,47.849095],[28.670891,48.118149],[28.259547,48.155562],[27.522537,48.467119],[26.857824,48.368211],[26.619337,48.220726],[26.19745,48.220881],[25.945941,47.987149],[25.207743,47.891056],[24.866317,47.737526],[24.402056,47.981878],[23.760958,47.985598],[23.142236,48.096341],[22.710531,47.882194],[22.64082,48.15024],[22.085608,48.422264],[22.280842,48.825392],[22.558138,49.085738],[22.776419,49.027395],[22.51845,49.476774],[23.426508,50.308506],[23.922757,50.424881],[24.029986,50.705407],[23.527071,51.578454],[24.005078,51.617444],[24.553106,51.888461],[25.327788,51.910656],[26.337959,51.832289],[27.454066,51.592303],[28.241615,51.572227],[28.617613,51.427714],[28.992835,51.602044],[29.254938,51.368234],[30.157364,51.416138],[30.555117,51.319503],[30.619454,51.822806],[30.927549,52.042353],[31.785998,52.101678]]]}},
{"type":"Feature","id":"URY","cc":"UY","properties":{"name":"Uruguay"},"geometry":{"type":"Polygon","coordinates":[[[-57.625133,-30.216295],[-56.976026,-30.109686],[-55.973245,-30.883076],[-55.60151,-30.853879],[-54.572452,-31.494511],[-53.787952,-32.047243],[-53.209589,-32.727666],[-53.650544,-33.202004],[-53.373662,-33.768378],[-53.806426,-34.396815],[-54.935866,-34.952647],[-55.67409,-34.752659],[-56.215297,-34.859836],[-57.139685,-34.430456],[-57.817861,-34.462547],[-58.427074,-33.909454],[-58.349611,-33.263189],[-58.132648,-33.040567],[-58.14244,-32.044504],[-57.874937,-31.016556],[-57.625133,-30.216295]]]}},
{"type":"Feature","id":"USA","cc":"US","properties":{"name":"United States (US)"},"geometry":{"type":"MultiPolygon","coordinates":[[[[-155.54211,19.08348],[-155.68817,18.91619],[-155.93665,19.05939],[-155.90806,19.33888],[-156.07347,19.70294],[-156.02368,19.81422],[-155.85008,19.97729],[-155.91907,20.17395],[-155.86108,20.26721],[-155.78505,20.2487],[-155.40214,20.07975],[-155.22452,19.99302],[-155.06226,19.8591],[-154.80741,19.50871],[-154.83147,19.45328],[-155.22217,19.23972],[-155.54211,19.08348]]],[[[-156.07926,20.64397],[-156.41445,20.57241],[-156.58673,20.783],[-156.70167,20.8643],[-156.71055,20.92676],[-156.61258,21.01249],[-156.25711,20.91745],[-155.99566,20.76404],[-156.07926,20.64397]]],[[[-156.75824,21.17684],[-156.78933,21.06873],[-157.32521,21.09777],[-157.25027,21.21958],[-156.75824,21.17684]]],[[[-157.65283,21.32217],[-157.70703,21.26442],[-157.7786,21.27729],[-158.12667,21.31244],[-158.2538,21.53919],[-158.29265,21.57912],[-158.0252,21.71696],[-157.94161,21.65272],[-157.65283,21.32217]]],[[[-159.34512,21.982],[-159.46372,21.88299],[-159.80051,22.06533],[-159.74877,22.1382],[-159.5962,22.23618],[-159.36569,22.21494],[-159.34512,21.982]]],[[[-94.81758,49.38905],[-94.64,48.84],[-94.32914,48.67074],[-93.63087,48.60926],[-92.61,48.45],[-91.64,48.14],[-90.83,48.27],[-89.6,48.01],[-89.272917,48.019808],[-88.378114,48.302918],[-87.439793,47.94],[-86.461991,47.553338],[-85.652363,47.220219],[-84.87608,46.900083],[-84.779238,46.637102],[-84.543749,46.538684],[-84.6049,46.4396],[-84.3367,46.40877],[-84.14212,46.512226],[-84.091851,46.275419],[-83.890765,46.116927],[-83.616131,46.116927],[-83.469551,45.994686],[-83.592851,45.816894],[-82.550925,45.347517],[-82.337763,44.44],[-82.137642,43.571088],[-82.43,42.98],[-82.9,42.43],[-83.12,42.08],[-83.142,41.975681],[-83.02981,41.832796],[-82.690089,41.675105],[-82.439278,41.675105],[-81.277747,42.209026],[-80.247448,42.3662],[-78.939362,42.863611],[-78.92,42.965],[-79.01,43.27],[-79.171674,43.466339],[-78.72028,43.625089],[-77.737885,43.629056],[-76.820034,43.628784],[-76.5,44.018459],[-76.375,44.09631],[-75.31821,44.81645],[-74.867,45.00048],[-73.34783,45.00738],[-71.50506,45.0082],[-71.405,45.255],[-71.08482,45.30524],[-70.66,45.46],[-70.305,45.915],[-69.99997,46.69307],[-69.237216,47.447781],[-68.905,47.185],[-68.23444,47.35486],[-67.79046,47.06636],[-67.79134,45.70281],[-67.13741,45.13753],[-66.96466,44.8097],[-68.03252,44.3252],[-69.06,43.98],[-70.11617,43.68405],[-70.645476,43.090238],[-70.81489,42.8653],[-70.825,42.335],[-70.495,41.805],[-70.08,41.78],[-70.185,42.145],[-69.88497,41.92283],[-69.96503,41.63717],[-70.64,41.475],[-71.12039,41.49445],[-71.86,41.32],[-72.295,41.27],[-72.87643,41.22065],[-73.71,40.931102],[-72.24126,41.11948],[-71.945,40.93],[-73.345,40.63],[-73.982,40.628],[-73.952325,40.75075],[-74.25671,40.47351],[-73.96244,40.42763],[-74.17838,39.70926],[-74.90604,38.93954],[-74.98041,39.1964],[-75.20002,39.24845],[-75.52805,39.4985],[-75.32,38.96],[-75.071835,38.782032],[-75.05673,38.40412],[-75.37747,38.01551],[-75.94023,37.21689],[-76.03127,37.2566],[-75.72205,37.93705],[-76.23287,38.319215],[-76.35,39.15],[-76.542725,38.717615],[-76.32933,38.08326],[-76.989998,38.239992],[-76.30162,37.917945],[-76.25874,36.9664],[-75.9718,36.89726],[-75.86804,36.55125],[-75.72749,35.55074],[-76.36318,34.80854],[-77.397635,34.51201],[-78.05496,33.92547],[-78.55435,33.86133],[-79.06067,33.49395],[-79.20357,33.15839],[-80.301325,32.509355],[-80.86498,32.0333],[-81.33629,31.44049],[-81.49042,30.72999],[-81.31371,30.03552],[-80.98,29.18],[-80.535585,28.47213],[-80.53,28.04],[-80.056539,26.88],[-80.088015,26.205765],[-80.13156,25.816775],[-80.38103,25.20616],[-80.68,25.08],[-81.17213,25.20126],[-81.33,25.64],[-81.71,25.87],[-82.24,26.73],[-82.70515,27.49504],[-82.85526,27.88624],[-82.65,28.55],[-82.93,29.1],[-83.70959,29.93656],[-84.1,30.09],[-85.10882,29.63615],[-85.28784,29.68612],[-85.7731,30.15261],[-86.4,30.4],[-87.53036,30.27433],[-88.41782,30.3849],[-89.18049,30.31598],[-89.593831,30.159994],[-89.413735,29.89419],[-89.43,29.48864],[-89.21767,29.29108],[-89.40823,29.15961],[-89.77928,29.30714],[-90.15463,29.11743],[-90.880225,29.148535],[-91.626785,29.677],[-92.49906,29.5523],[-93.22637,29.78375],[-93.84842,29.71363],[-94.69,29.48],[-95.60026,28.73863],[-96.59404,28.30748],[-97.14,27.83],[-97.37,27.38],[-97.38,26.69],[-97.33,26.21],[-97.14,25.87],[-97.53,25.84],[-98.24,26.06],[-99.02,26.37],[-99.3,26.84],[-99.52,27.54],[-100.11,28.11],[-100.45584,28.69612],[-100.9576,29.38071],[-101.6624,29.7793],[-102.48,29.76],[-103.11,28.97],[-103.94,29.27],[-104.45697,29.57196],[-104.70575,30.12173],[-105.03737,30.64402],[-105.63159,31.08383],[-106.1429,31.39995],[-106.50759,31.75452],[-108.24,31.754854],[-108.24194,31.34222],[-109.035,31.34194],[-111.02361,31.33472],[-113.30498,32.03914],[-114.815,32.52528],[-114.72139,32.72083],[-115.99135,32.61239],[-117.12776,32.53534],[-117.295938,33.046225],[-117.944,33.621236],[-118.410602,33.740909],[-118.519895,34.027782],[-119.081,34.078],[-119.438841,34.348477],[-120.36778,34.44711],[-120.62286,34.60855],[-120.74433,35.15686],[-121.71457,36.16153],[-122.54747,37.55176],[-122.51201,37.78339],[-122.95319,38.11371],[-123.7272,38.95166],[-123.86517,39.76699],[-124.39807,40.3132],[-124.17886,41.14202],[-124.2137,41.99964],[-124.53284,42.76599],[-124.14214,43.70838],[-124.020535,44.615895],[-123.89893,45.52341],[-124.079635,46.86475],[-124.39567,47.72017],[-124.68721,48.184433],[-124.566101,48.379715],[-123.12,48.04],[-122.58736,47.096],[-122.34,47.36],[-122.5,48.18],[-122.84,49],[-120,49],[-117.03121,49],[-116.04818,49],[-113,49],[-110.05,49],[-107.05,49],[-104.04826,48.99986],[-100.65,49],[-97.22872,49.0007],[-95.15907,49],[-95.15609,49.38425],[-94.81758,49.38905]]],[[[-153.006314,57.115842],[-154.00509,56.734677],[-154.516403,56.992749],[-154.670993,57.461196],[-153.76278,57.816575],[-153.228729,57.968968],[-152.564791,57.901427],[-152.141147,57.591059],[-153.006314,57.115842]]],[[[-165.579164,59.909987],[-166.19277,59.754441],[-166.848337,59.941406],[-167.455277,60.213069],[-166.467792,60.38417],[-165.67443,60.293607],[-165.579164,59.909987]]],[[[-171.731657,63.782515],[-171.114434,63.592191],[-170.491112,63.694975],[-169.682505,63.431116],[-168.689439,63.297506],[-168.771941,63.188598],[-169.52944,62.976931],[-170.290556,63.194438],[-170.671386,63.375822],[-171.553063,63.317789],[-171.791111,63.405846],[-171.731657,63.782515]]],[[[-155.06779,71.147776],[-154.344165,70.696409],[-153.900006,70.889989],[-152.210006,70.829992],[-152.270002,70.600006],[-150.739992,70.430017],[-149.720003,70.53001],[-147.613362,70.214035],[-145.68999,70.12001],[-144.920011,69.989992],[-143.589446,70.152514],[-142.07251,69.851938],[-140.985988,69.711998],[-140.992499,66.000029],[-140.99777,60.306397],[-140.012998,60.276838],[-139.039,60.000007],[-138.34089,59.56211],[-137.4525,58.905],[-136.47972,59.46389],[-135.47583,59.78778],[-134.945,59.27056],[-134.27111,58.86111],[-133.355549,58.410285],[-132.73042,57.69289],[-131.70781,56.55212],[-130.00778,55.91583],[-129.979994,55.284998],[-130.53611,54.802753],[-131.085818,55.178906],[-131.967211,55.497776],[-132.250011,56.369996],[-133.539181,57.178887],[-134.078063,58.123068],[-135.038211,58.187715],[-136.628062,58.212209],[-137.800006,58.499995],[-139.867787,59.537762],[-140.825274,59.727517],[-142.574444,60.084447],[-143.958881,59.99918],[-145.925557,60.45861],[-147.114374,60.884656],[-148.224306,60.672989],[-148.018066,59.978329],[-148.570823,59.914173],[-149.727858,59.705658],[-150.608243,59.368211],[-151.716393,59.155821],[-151.859433,59.744984],[-151.409719,60.725803],[-150.346941,61.033588],[-150.621111,61.284425],[-151.895839,60.727198],[-152.57833,60.061657],[-154.019172,59.350279],[-153.287511,58.864728],[-154.232492,58.146374],[-155.307491,57.727795],[-156.308335,57.422774],[-156.556097,56.979985],[-158.117217,56.463608],[-158.433321,55.994154],[-159.603327,55.566686],[-160.28972,55.643581],[-161.223048,55.364735],[-162.237766,55.024187],[-163.069447,54.689737],[-164.785569,54.404173],[-164.942226,54.572225],[-163.84834,55.039431],[-162.870001,55.348043],[-161.804175,55.894986],[-160.563605,56.008055],[-160.07056,56.418055],[-158.684443,57.016675],[-158.461097,57.216921],[-157.72277,57.570001],[-157.550274,58.328326],[-157.041675,58.918885],[-158.194731,58.615802],[-158.517218,58.787781],[-159.058606,58.424186],[-159.711667,58.93139],[-159.981289,58.572549],[-160.355271,59.071123],[-161.355003,58.670838],[-161.968894,58.671665],[-162.054987,59.266925],[-161.874171,59.633621],[-162.518059,59.989724],[-163.818341,59.798056],[-164.662218,60.267484],[-165.346388,60.507496],[-165.350832,61.073895],[-166.121379,61.500019],[-165.734452,62.074997],[-164.919179,62.633076],[-164.562508,63.146378],[-163.753332,63.219449],[-163.067224,63.059459],[-162.260555,63.541936],[-161.53445,63.455817],[-160.772507,63.766108],[-160.958335,64.222799],[-161.518068,64.402788],[-160.777778,64.788604],[-161.391926,64.777235],[-162.45305,64.559445],[-162.757786,64.338605],[-163.546394,64.55916],[-164.96083,64.446945],[-166.425288,64.686672],[-166.845004,65.088896],[-168.11056,65.669997],[-166.705271,66.088318],[-164.47471,66.57666],[-163.652512,66.57666],[-163.788602,66.077207],[-161.677774,66.11612],[-162.489715,66.735565],[-163.719717,67.116395],[-164.430991,67.616338],[-165.390287,68.042772],[-166.764441,68.358877],[-166.204707,68.883031],[-164.430811,68.915535],[-163.168614,69.371115],[-162.930566,69.858062],[-161.908897,70.33333],[-160.934797,70.44769],[-159.039176,70.891642],[-158.119723,70.824721],[-156.580825,71.357764],[-155.06779,71.147776]]]]}},
{"type":"Feature","id":"UZB","cc":"UZ","properties":{"name":"Uzbekistan"},"geometry":{"type":"Polygon","coordinates":[[[66.518607,37.362784],[66.54615,37.974685],[65.215999,38.402695],[64.170223,38.892407],[63.518015,39.363257],[62.37426,40.053886],[61.882714,41.084857],[61.547179,41.26637],[60.465953,41.220327],[60.083341,41.425146],[59.976422,42.223082],[58.629011,42.751551],[57.78653,42.170553],[56.932215,41.826026],[57.096391,41.32231],[55.968191,41.308642],[55.928917,44.995858],[58.503127,45.586804],[58.689989,45.500014],[60.239972,44.784037],[61.05832,44.405817],[62.0133,43.504477],[63.185787,43.650075],[64.900824,43.728081],[66.098012,42.99766],[66.023392,41.994646],[66.510649,41.987644],[66.714047,41.168444],[67.985856,41.135991],[68.259896,40.662325],[68.632483,40.668681],[69.070027,41.384244],[70.388965,42.081308],[70.962315,42.266154],[71.259248,42.167711],[70.420022,41.519998],[71.157859,41.143587],[71.870115,41.3929],[73.055417,40.866033],[71.774875,40.145844],[71.014198,40.244366],[70.601407,40.218527],[70.45816,40.496495],[70.666622,40.960213],[69.329495,40.727824],[69.011633,40.086158],[68.536416,39.533453],[67.701429,39.580478],[67.44222,39.140144],[68.176025,38.901553],[68.392033,38.157025],[67.83,37.144994],[67.075782,37.356144],[66.518607,37.362784]]]}},
{"type":"Feature","id":"VEN","cc":"VE","properties":{"name":"Venezuela"},"geometry":{"type":"Polygon","coordinates":[[[-71.331584,11.776284],[-71.360006,11.539994],[-71.94705,11.423282],[-71.620868,10.96946],[-71.633064,10.446494],[-72.074174,9.865651],[-71.695644,9.072263],[-71.264559,9.137195],[-71.039999,9.859993],[-71.350084,10.211935],[-71.400623,10.968969],[-70.155299,11.375482],[-70.293843,11.846822],[-69.943245,12.162307],[-69.5843,11.459611],[-68.882999,11.443385],[-68.233271,10.885744],[-68.194127,10.554653],[-67.296249,10.545868],[-66.227864,10.648627],[-65.655238,10.200799],[-64.890452,10.077215],[-64.329479,10.389599],[-64.318007,10.641418],[-63.079322,10.701724],[-61.880946,10.715625],[-62.730119,10.420269],[-62.388512,9.948204],[-61.588767,9.873067],[-60.830597,9.38134],[-60.671252,8.580174],[-60.150096,8.602757],[-59.758285,8.367035],[-60.550588,7.779603],[-60.637973,7.415],[-60.295668,7.043911],[-60.543999,6.856584],[-61.159336,6.696077],[-61.139415,6.234297],[-61.410303,5.959068],[-60.733574,5.200277],[-60.601179,4.918098],[-60.966893,4.536468],[-62.08543,4.162124],[-62.804533,4.006965],[-63.093198,3.770571],[-63.888343,4.02053],[-64.628659,4.148481],[-64.816064,4.056445],[-64.368494,3.79721],[-64.408828,3.126786],[-64.269999,2.497006],[-63.422867,2.411068],[-63.368788,2.2009],[-64.083085,1.916369],[-64.199306,1.492855],[-64.611012,1.328731],[-65.354713,1.095282],[-65.548267,0.789254],[-66.325765,0.724452],[-66.876326,1.253361],[-67.181294,2.250638],[-67.447092,2.600281],[-67.809938,2.820655],[-67.303173,3.318454],[-67.337564,3.542342],[-67.621836,3.839482],[-67.823012,4.503937],[-67.744697,5.221129],[-67.521532,5.55687],[-67.34144,6.095468],[-67.695087,6.267318],[-68.265052,6.153268],[-68.985319,6.206805],[-69.38948,6.099861],[-70.093313,6.960376],[-70.674234,7.087785],[-71.960176,6.991615],[-72.198352,7.340431],[-72.444487,7.423785],[-72.479679,7.632506],[-72.360901,8.002638],[-72.439862,8.405275],[-72.660495,8.625288],[-72.78873,9.085027],[-73.304952,9.152],[-73.027604,9.73677],[-72.905286,10.450344],[-72.614658,10.821975],[-72.227575,11.108702],[-71.973922,11.608672],[-71.331584,11.776284]]]}},
{"type":"Feature","id":"VNM","cc":"VN","properties":{"name":"Vietnam"},"geometry":{"type":"Polygon","coordinates":[[[108.05018,21.55238],[106.715068,20.696851],[105.881682,19.75205],[105.662006,19.058165],[106.426817,18.004121],[107.361954,16.697457],[108.269495,16.079742],[108.877107,15.276691],[109.33527,13.426028],[109.200136,11.666859],[108.36613,11.008321],[107.220929,10.364484],[106.405113,9.53084],[105.158264,8.59976],[104.795185,9.241038],[105.076202,9.918491],[104.334335,10.486544],[105.199915,10.88931],[106.24967,10.961812],[105.810524,11.567615],[107.491403,12.337206],[107.614548,13.535531],[107.382727,14.202441],[107.564525,15.202173],[107.312706,15.908538],[106.556008,16.604284],[105.925762,17.485315],[105.094598,18.666975],[103.896532,19.265181],[104.183388,19.624668],[104.822574,19.886642],[104.435,20.758733],[103.203861,20.766562],[102.754896,21.675137],[102.170436,22.464753],[102.706992,22.708795],[103.504515,22.703757],[104.476858,22.81915],[105.329209,23.352063],[105.811247,22.976892],[106.725403,22.794268],[106.567273,22.218205],[107.04342,21.811899],[108.05018,21.55238]]]}},
{"type":"Feature","id":"VUT","cc":"VU","properties":{"name":"Vanuatu"},"geometry":{"type":"MultiPolygon","coordinates":[[[[167.844877,-16.466333],[167.515181,-16.59785],[167.180008,-16.159995],[167.216801,-15.891846],[167.844877,-16.466333]]],[[[167.107712,-14.93392],[167.270028,-15.740021],[167.001207,-15.614602],[166.793158,-15.668811],[166.649859,-15.392704],[166.629137,-14.626497],[167.107712,-14.93392]]]]}},
{"type":"Feature","id":"YEM","cc":"YE","properties":{"name":"Yemen"},"geometry":{"type":"Polygon","coordinates":[[[53.108573,16.651051],[52.385206,16.382411],[52.191729,15.938433],[52.168165,15.59742],[51.172515,15.17525],[49.574576,14.708767],[48.679231,14.003202],[48.238947,13.94809],[47.938914,14.007233],[47.354454,13.59222],[46.717076,13.399699],[45.877593,13.347764],[45.62505,13.290946],[45.406459,13.026905],[45.144356,12.953938],[44.989533,12.699587],[44.494576,12.721653],[44.175113,12.58595],[43.482959,12.6368],[43.222871,13.22095],[43.251448,13.767584],[43.087944,14.06263],[42.892245,14.802249],[42.604873,15.213335],[42.805015,15.261963],[42.702438,15.718886],[42.823671,15.911742],[42.779332,16.347891],[43.218375,16.66689],[43.115798,17.08844],[43.380794,17.579987],[43.791519,17.319977],[44.062613,17.410359],[45.216651,17.433329],[45.399999,17.333335],[46.366659,17.233315],[46.749994,17.283338],[47.000005,16.949999],[47.466695,17.116682],[48.183344,18.166669],[49.116672,18.616668],[52.00001,19.000003],[52.782184,17.349742],[53.108573,16.651051]]]}},
{"type":"Feature","id":"ZAF","cc":"ZA","properties":{"name":"South Africa"},"geometry":{"type":"Polygon","coordinates":[[[31.521001,-29.257387],[31.325561,-29.401978],[30.901763,-29.909957],[30.622813,-30.423776],[30.055716,-31.140269],[28.925553,-32.172041],[28.219756,-32.771953],[27.464608,-33.226964],[26.419452,-33.61495],[25.909664,-33.66704],[25.780628,-33.944646],[25.172862,-33.796851],[24.677853,-33.987176],[23.594043,-33.794474],[22.988189,-33.916431],[22.574157,-33.864083],[21.542799,-34.258839],[20.689053,-34.417175],[20.071261,-34.795137],[19.616405,-34.819166],[19.193278,-34.462599],[18.855315,-34.444306],[18.424643,-33.997873],[18.377411,-34.136521],[18.244499,-33.867752],[18.25008,-33.281431],[17.92519,-32.611291],[18.24791,-32.429131],[18.221762,-31.661633],[17.566918,-30.725721],[17.064416,-29.878641],[17.062918,-29.875954],[16.344977,-28.576705],[16.824017,-28.082162],[17.218929,-28.355943],[17.387497,-28.783514],[17.836152,-28.856378],[18.464899,-29.045462],[19.002127,-28.972443],[19.894734,-28.461105],[19.895768,-24.76779],[20.165726,-24.917962],[20.758609,-25.868136],[20.66647,-26.477453],[20.889609,-26.828543],[21.605896,-26.726534],[22.105969,-26.280256],[22.579532,-25.979448],[22.824271,-25.500459],[23.312097,-25.26869],[23.73357,-25.390129],[24.211267,-25.670216],[25.025171,-25.71967],[25.664666,-25.486816],[25.765849,-25.174845],[25.941652,-24.696373],[26.485753,-24.616327],[26.786407,-24.240691],[27.11941,-23.574323],[28.017236,-22.827754],[29.432188,-22.091313],[29.839037,-22.102216],[30.322883,-22.271612],[30.659865,-22.151567],[31.191409,-22.25151],[31.670398,-23.658969],[31.930589,-24.369417],[31.752408,-25.484284],[31.837778,-25.843332],[31.333158,-25.660191],[31.04408,-25.731452],[30.949667,-26.022649],[30.676609,-26.398078],[30.685962,-26.743845],[31.282773,-27.285879],[31.86806,-27.177927],[32.071665,-26.73382],[32.83012,-26.742192],[32.580265,-27.470158],[32.462133,-28.301011],[32.203389,-28.752405],[31.521001,-29.257387]],[[28.978263,-28.955597],[28.5417,-28.647502],[28.074338,-28.851469],[27.532511,-29.242711],[26.999262,-29.875954],[27.749397,-30.645106],[28.107205,-30.545732],[28.291069,-30.226217],[28.8484,-30.070051],[29.018415,-29.743766],[29.325166,-29.257387],[28.978263,-28.955597]]]}},
{"type":"Feature","id":"ZMB","cc":"ZM","properties":{"name":"Zambia"},"geometry":{"type":"Polygon","coordinates":[[[32.759375,-9.230599],[33.231388,-9.676722],[33.485688,-10.525559],[33.31531,-10.79655],[33.114289,-11.607198],[33.306422,-12.435778],[32.991764,-12.783871],[32.688165,-13.712858],[33.214025,-13.97186],[30.179481,-14.796099],[30.274256,-15.507787],[29.516834,-15.644678],[28.947463,-16.043051],[28.825869,-16.389749],[28.467906,-16.4684],[27.598243,-17.290831],[27.044427,-17.938026],[26.706773,-17.961229],[26.381935,-17.846042],[25.264226,-17.73654],[25.084443,-17.661816],[25.07695,-17.578823],[24.682349,-17.353411],[24.033862,-17.295843],[23.215048,-17.523116],[22.562478,-16.898451],[21.887843,-16.08031],[21.933886,-12.898437],[24.016137,-12.911046],[23.930922,-12.565848],[24.079905,-12.191297],[23.904154,-11.722282],[24.017894,-11.237298],[23.912215,-10.926826],[24.257155,-10.951993],[24.314516,-11.262826],[24.78317,-11.238694],[25.418118,-11.330936],[25.75231,-11.784965],[26.553088,-11.92444],[27.16442,-11.608748],[27.388799,-12.132747],[28.155109,-12.272481],[28.523562,-12.698604],[28.934286,-13.248958],[29.699614,-13.257227],[29.616001,-12.178895],[29.341548,-12.360744],[28.642417,-11.971569],[28.372253,-11.793647],[28.49607,-10.789884],[28.673682,-9.605925],[28.449871,-9.164918],[28.734867,-8.526559],[29.002912,-8.407032],[30.346086,-8.238257],[30.740015,-8.340007],[31.157751,-8.594579],[31.556348,-8.762049],[32.191865,-8.930359],[32.759375,-9.230599]]]}},
{"type":"Feature","id":"ZWE","cc":"ZW","properties":{"name":"Zimbabwe"},"geometry":{"type":"Polygon","coordinates":[[[31.191409,-22.25151],[30.659865,-22.151567],[30.322883,-22.271612],[29.839037,-22.102216],[29.432188,-22.091313],[28.794656,-21.639454],[28.02137,-21.485975],[27.727228,-20.851802],[27.724747,-20.499059],[27.296505,-20.39152],[26.164791,-19.293086],[25.850391,-18.714413],[25.649163,-18.536026],[25.264226,-17.73654],[26.381935,-17.846042],[26.706773,-17.961229],[27.044427,-17.938026],[27.598243,-17.290831],[28.467906,-16.4684],[28.825869,-16.389749],[28.947463,-16.043051],[29.516834,-15.644678],[30.274256,-15.507787],[30.338955,-15.880839],[31.173064,-15.860944],[31.636498,-16.07199],[31.852041,-16.319417],[32.328239,-16.392074],[32.847639,-16.713398],[32.849861,-17.979057],[32.654886,-18.67209],[32.611994,-19.419383],[32.772708,-19.715592],[32.659743,-20.30429],[32.508693,-20.395292],[32.244988,-21.116489],[31.191409,-22.25151]]]}},
{"type":"Feature","id":"ISR","cc":"IL","properties":{"name":"Israel"},"geometry":{"type":"Polygon","coordinates":[[[34.248351,31.211449],[34.264399,31.224193],[34.315869,31.256905],[34.350905,31.289254],[34.353799,31.306359],[34.345531,31.340724],[34.345841,31.357725],[34.367339,31.392814],[34.480407,31.485624],[34.495496,31.494409],[34.495703,31.494409],[34.528259,31.520144],[34.556032,31.539825],[34.520126,31.558327],[34.481204,31.583141],[34.489513,31.600409],[34.513927,31.627143],[34.602712,31.757758],[34.60963,31.76553],[34.665945,31.873887],[34.693207,31.926459],[34.711925,31.951606],[34.743337,32.039862],[34.743988,32.044623],[34.742686,32.055609],[34.743337,32.06037],[34.757009,32.066596],[34.837657,32.280707],[34.87322,32.430325],[34.904145,32.560614],[34.909841,32.570258],[34.915863,32.614895],[34.920909,32.628241],[34.919119,32.642971],[34.942068,32.724514],[34.94752,32.814154],[34.955577,32.834377],[34.97047,32.841376],[34.983165,32.838772],[35.003429,32.827541],[35.018728,32.825019],[35.02768,32.826606],[35.062755,32.858344],[35.067068,32.866848],[35.075531,32.893093],[35.0796,32.905829],[35.07781,32.917873],[35.06544,32.923082],[35.071544,32.937934],[35.078461,32.998847],[35.09197,33.031195],[35.096202,33.05036],[35.092133,33.067694],[35.096446,33.071357],[35.101817,33.077623],[35.106456,33.080756],[35.09962,33.087592],[35.104259,33.088528],[35.105235,33.089016],[35.185273,33.083977],[35.189614,33.085527],[35.200673,33.092736],[35.207184,33.094803],[35.213178,33.094441],[35.227338,33.091366],[35.234469,33.090927],[35.271469,33.101185],[35.283665,33.101185],[35.288825,33.099201],[35.29462,33.096973],[35.305783,33.089377],[35.315704,33.079222],[35.322629,33.067363],[35.331931,33.057156],[35.34516,33.05558],[35.401591,33.067931],[35.449443,33.085217],[35.480139,33.087387],[35.4851,33.102606],[35.503703,33.130615],[35.512282,33.147409],[35.517656,33.172886],[35.520033,33.222185],[35.527784,33.244251],[35.53688,33.257868],[35.542771,33.271536],[35.549489,33.281019],[35.561167,33.28213],[35.566955,33.276187],[35.585042,33.252209],[35.597754,33.244354],[35.597858,33.24438],[35.598064,33.244251],[35.603852,33.240091],[35.603892,33.240323],[35.604576,33.244251],[35.604576,33.244354],[35.61806,33.256125],[35.620065,33.269536],[35.631092,33.274565],[35.652143,33.27666],[35.66049,33.289261],[35.698523,33.32267],[35.716197,33.326727],[35.729426,33.327812],[35.743689,33.331171],[35.757538,33.336313],[35.769423,33.342643],[35.785753,33.357887],[35.8057,33.391348],[35.8211,33.406722],[35.822443,33.401373],[35.816966,33.395198],[35.815415,33.378868],[35.812315,33.373365],[35.809938,33.360032],[35.793505,33.349929],[35.785753,33.342875],[35.763842,33.334401],[35.802083,33.31249],[35.768597,33.272699],[35.775625,33.264896],[35.803633,33.248463],[35.807664,33.201721],[35.830195,33.189991],[35.833399,33.161129],[35.822443,33.14157],[35.811488,33.126765],[35.811488,33.111908],[35.848902,33.098678],[35.845801,33.085423],[35.85903,32.99021],[35.864611,32.97773],[35.888073,32.944941],[35.874017,32.922333],[35.866885,32.920782],[35.849729,32.895823],[35.83805,32.866031],[35.841874,32.853577],[35.834226,32.827946],[35.784203,32.777949],[35.75759,32.744347],[35.757435,32.744282],[35.740175,32.740535],[35.685191,32.711234],[35.652015,32.686171],[35.640226,32.680999],[35.635995,32.679143],[35.612334,32.681535],[35.611758,32.6819],[35.612224,32.681546],[35.593827,32.670358],[35.578737,32.653434],[35.569849,32.646768],[35.562718,32.64421],[35.560547,32.640903],[35.560031,32.632686],[35.564061,32.625477],[35.572536,32.62124],[35.572536,32.615013],[35.565612,32.615013],[35.565612,32.607546],[35.571296,32.598554],[35.574397,32.572767],[35.579978,32.560391],[35.575844,32.554965],[35.574397,32.554396],[35.57388,32.556748],[35.572536,32.560391],[35.570159,32.556825],[35.565612,32.546102],[35.55941,32.55295],[35.562821,32.532021],[35.565612,32.525587],[35.551969,32.525587],[35.551969,32.518817],[35.55724,32.519334],[35.561374,32.519179],[35.568505,32.510265],[35.570573,32.506027],[35.579978,32.497733],[35.579978,32.49148],[35.570986,32.489207],[35.564991,32.48391],[35.561271,32.477089],[35.55941,32.470396],[35.563131,32.468174],[35.565405,32.466314],[35.568092,32.46497],[35.572536,32.464195],[35.572536,32.456728],[35.566232,32.453111],[35.55941,32.450527],[35.565612,32.443706],[35.551969,32.436212],[35.554139,32.434455],[35.556207,32.434791],[35.55786,32.43412],[35.55941,32.429443],[35.551969,32.429443],[35.551969,32.423242],[35.55817,32.417997],[35.5591,32.413966],[35.554863,32.411175],[35.545148,32.409573],[35.549592,32.39854],[35.551969,32.395285],[35.556827,32.390918],[35.560961,32.384717],[35.480139,32.402416],[35.456678,32.40761],[35.432803,32.408256],[35.406862,32.414793],[35.401384,32.440011],[35.401797,32.470965],[35.392909,32.494478],[35.363143,32.51011],[35.333378,32.513081],[35.270436,32.510471],[35.252246,32.515949],[35.22372,32.535896],[35.210359,32.541868],[35.208631,32.54264],[35.190751,32.54171],[35.176798,32.532692],[35.151683,32.507914],[35.120678,32.491325],[35.090705,32.479233],[35.06435,32.463136],[35.044713,32.43412],[35.03273,32.3822],[35.028797,32.365157],[35.021562,32.34459],[35.017841,32.342213],[35.004509,32.338053],[35.000685,32.335728],[34.996551,32.323041],[34.993037,32.29157],[34.989936,32.27847],[35.002442,32.275137],[35.009366,32.267644],[35.011123,32.257102],[35.007609,32.24439],[35.000271,32.232013],[34.961411,32.201576],[34.958223,32.186454],[34.96268,32.173462],[34.97704,32.149987],[34.986943,32.123991],[34.984217,32.089584],[35.007245,32.020772],[34.996775,32.011102],[34.998827,31.993899],[34.997837,31.978779],[34.986695,31.967228],[35.001223,31.949619],[35.007734,31.944922],[35.003776,31.939211],[35.005424,31.933769],[35.016354,31.926586],[35.029902,31.92443],[35.039006,31.908637],[35.034323,31.861114],[35.030107,31.857008],[35.006572,31.856056],[34.99854,31.853835],[34.989761,31.845584],[34.97874,31.837333],[34.977433,31.833366],[34.98031,31.831317],[35.00155,31.828499],[35.012939,31.82934],[35.027492,31.832731],[35.04562,31.84827],[35.056018,31.853317],[35.064436,31.854579],[35.07632,31.854158],[35.088091,31.848132],[35.097585,31.831266],[35.112472,31.823963],[35.121392,31.824845],[35.136957,31.814293],[35.173922,31.807551],[35.186167,31.80874],[35.185768,31.814117],[35.182227,31.819918],[35.183587,31.825116],[35.189931,31.826657],[35.196644,31.82644],[35.213271,31.818763],[35.215764,31.82011],[35.216132,31.823745],[35.216132,31.839146],[35.212959,31.85339],[35.209334,31.863398],[35.204802,31.871096],[35.205255,31.877254],[35.212053,31.881487],[35.222023,31.879178],[35.226555,31.867247],[35.225649,31.85724],[35.227462,31.850311],[35.233353,31.842611],[35.244768,31.845138],[35.24998,31.844368],[35.253747,31.841456],[35.257231,31.838593],[35.251566,31.831277],[35.253605,31.829352],[35.260177,31.828774],[35.264935,31.826272],[35.26063,31.818763],[35.255871,31.812216],[35.258817,31.800662],[35.25995,31.792573],[35.262896,31.789684],[35.258137,31.783713],[35.252699,31.76965],[35.253152,31.762522],[35.259724,31.756935],[35.262811,31.748625],[35.258122,31.742423],[35.252472,31.738051],[35.249215,31.723572],[35.244315,31.719356],[35.242417,31.71085],[35.23797,31.709332],[35.231399,31.712609],[35.228,31.717428],[35.224148,31.719163],[35.219389,31.715115],[35.205255,31.723187],[35.179423,31.720103],[35.166733,31.732052],[35.154355,31.733426],[35.148952,31.737349],[35.125742,31.733103],[35.114231,31.717685],[35.093387,31.702416],[35.059226,31.676797],[34.973606,31.63037],[34.955313,31.61187],[34.953176,31.60832],[34.93733,31.582001],[34.932885,31.554923],[34.932472,31.526966],[34.926788,31.494409],[34.881726,31.429866],[34.867153,31.396431],[34.878832,31.362841],[34.900949,31.348475],[34.927408,31.34491],[34.9549,31.34863],[34.980324,31.356175],[35.040166,31.363203],[35.164913,31.362273],[35.223307,31.381031],[35.332344,31.458804],[35.390118,31.487071],[35.458125,31.491929],[35.458538,31.491619],[35.457128,31.433524],[35.456884,31.423509],[35.452854,31.400823],[35.435077,31.360619],[35.416473,31.331835],[35.423915,31.324601],[35.422261,31.303],[35.408205,31.282019],[35.3957,31.25768],[35.401177,31.230291],[35.410686,31.204608],[35.421331,31.184506],[35.436214,31.159546],[35.443242,31.132209],[35.438488,31.103736],[35.391565,31.023947],[35.385158,30.994647],[35.385261,30.963279],[35.374099,30.945141],[35.34711,30.92271],[35.334928,30.912585],[35.322216,30.88995],[35.319528,30.867316],[35.320045,30.84494],[35.316635,30.822823],[35.310847,30.813314],[35.293897,30.800188],[35.286145,30.792333],[35.279531,30.780241],[35.27612,30.768976],[35.271573,30.743706],[35.263882,30.719967],[35.263821,30.71978],[35.205324,30.617099],[35.162122,30.494677],[35.157368,30.470854],[35.140005,30.430185],[35.140005,30.406155],[35.144965,30.395872],[35.159332,30.375615],[35.162122,30.361404],[35.159952,30.347503],[35.154474,30.336754],[35.147756,30.32647],[35.141762,30.313965],[35.132356,30.261875],[35.125225,30.244667],[35.124812,30.21609],[35.145276,30.154905],[35.145276,30.123382],[35.129049,30.089741],[35.086261,30.034034],[35.074686,29.994604],[35.074065,29.982564],[35.070345,29.973727],[35.065384,29.965976],[35.061456,29.957346],[35.054118,29.923394],[35.053188,29.862623],[35.048951,29.842314],[35.002545,29.733096],[34.995104,29.708162],[34.989833,29.651964],[34.980324,29.627004],[34.966992,29.608116],[34.95986,29.586206],[34.955577,29.558987],[34.951345,29.54564],[34.944998,29.536851],[34.927745,29.518012],[34.91977,29.507392],[34.915782,29.50023],[34.914073,29.493801],[34.910818,29.489936],[34.903005,29.489691],[34.893728,29.490546],[34.886729,29.490058],[34.878108,29.504298],[34.855267,29.545717],[34.848239,29.569643],[34.8501,29.63876],[34.824365,29.7417],[34.785194,29.835699],[34.741373,29.940241],[34.735068,29.994553],[34.735585,30.000702],[34.734965,30.006697],[34.733208,30.012588],[34.730417,30.018169],[34.69166,30.114545],[34.632645,30.26203],[34.599469,30.344506],[34.58841,30.35882],[34.53384,30.400213],[34.526915,30.409618],[34.524745,30.421142],[34.526502,30.438712],[34.53601,30.468581],[34.536217,30.482172],[34.526295,30.494574],[34.510379,30.513332],[34.504384,30.530334],[34.502214,30.571675],[34.480407,30.651205],[34.418808,30.7913],[34.367855,30.907417],[34.329511,30.994492],[34.297989,31.078776],[34.258611,31.184144],[34.248351,31.211449]]]}},
{"type":"Feature","id":"MAF","cc":"MF","properties":{"name":"Saint Martin (French part)"},"geometry":{"type":"Polygon","coordinates":[[[-63.017569,18.033391],[-63.085886,18.058511],[-63.107004,18.06212],[-63.107004,18.066962],[-63.115305,18.065375],[-63.130523,18.060248],[-63.134348,18.059475],[-63.14387,18.064683],[-63.14684,18.070299],[-63.143625,18.074164],[-63.113759,18.074652],[-63.096099,18.078803],[-63.083811,18.087958],[-63.079091,18.104193],[-63.070872,18.110012],[-63.052113,18.116848],[-63.031402,18.121894],[-63.017649,18.122138],[-63.017934,18.100531],[-63.011098,18.070746],[-63.010732,18.040839],[-63.017569,18.033391]]]}},
{"type":"Feature","id":"SXM","cc":"SX","properties":{"name":"Saint Martin (Dutch part)"},"geometry":{"type":"Polygon","coordinates":[[[-63.107004,18.06212],[-63.085886,18.058511],[-63.017569,18.033391],[-63.030629,18.01911],[-63.097646,18.035956],[-63.112172,18.043036],[-63.118886,18.0515],[-63.107004,18.059475],[-63.107004,18.06212]]]}},
{"type":"Feature","id":"LIE","cc":"LI","properties":{"name":"Liechtenstein"},"geometry":{"type":"Polygon","coordinates":[[[9.521155,47.262801],[9.53025,47.253654],[9.547096,47.243035],[9.540378,47.229108],[9.544823,47.220323],[9.554331,47.211615],[9.562909,47.19774],[9.561876,47.190609],[9.551954,47.175571],[9.552057,47.16689],[9.581823,47.154901],[9.605594,47.132266],[9.615723,47.106764],[9.608798,47.080771],[9.581203,47.05687],[9.560636,47.0524],[9.499554,47.059351],[9.477023,47.063898],[9.475886,47.073226],[9.487565,47.083949],[9.502861,47.094698],[9.51237,47.10803],[9.511853,47.129372],[9.503481,47.145392],[9.492629,47.15981],[9.484981,47.176346],[9.487358,47.210014],[9.504618,47.243732],[9.521155,47.262801]]]}},
{"type":"Feature","id":"SMR","cc":"SM","properties":{"name":"San Marino"},"geometry":{"type":"Polygon","coordinates":[[[12.42945,43.892056],[12.399581,43.903218],[12.385629,43.924534],[12.395654,43.948409],[12.411049,43.959661],[12.421389,43.967219],[12.453325,43.979053],[12.48216,43.982567],[12.489188,43.97311],[12.492392,43.956419],[12.490325,43.939159],[12.483094,43.929205],[12.48216,43.927919],[12.479576,43.9258],[12.478026,43.923216],[12.477494,43.920051],[12.478287,43.917038],[12.460456,43.895259],[12.42945,43.892056]]]}},
{"type":"Feature","id":"MCO","cc":"MC","properties":{"name":"Monaco"},"geometry":{"type":"Polygon","coordinates":[[[7.437454,43.743361],[7.432845,43.739853],[7.417957,43.730904],[7.404319,43.717969],[7.380723,43.719273],[7.36575,43.72273],[7.367263,43.734125],[7.372655,43.745832],[7.387538,43.757899],[7.406969,43.763506],[7.426246,43.755464],[7.437454,43.743361]]]}},
{"type":"Feature","id":"AND","cc":"AD","properties":{"name":"Andorra"},"geometry":{"type":"Polygon","coordinates":[[[1.707006,42.502781],[1.697498,42.494462],[1.686336,42.490612],[1.674244,42.490508],[1.662358,42.493712],[1.659774,42.496813],[1.656984,42.49764],[1.653986,42.496529],[1.650369,42.493402],[1.639517,42.466427],[1.607478,42.456428],[1.544432,42.450356],[1.538851,42.445653],[1.534511,42.439917],[1.528206,42.434233],[1.51663,42.429504],[1.508466,42.428677],[1.447901,42.434646],[1.436429,42.440951],[1.436429,42.453482],[1.407593,42.486762],[1.424543,42.492472],[1.430227,42.493557],[1.449968,42.504073],[1.446557,42.519886],[1.428987,42.531462],[1.406456,42.52924],[1.409764,42.540609],[1.4263,42.561796],[1.426403,42.565646],[1.418032,42.569832],[1.419272,42.579263],[1.424853,42.589365],[1.429297,42.595386],[1.451415,42.602052],[1.466814,42.641455],[1.49844,42.640241],[1.527793,42.648535],[1.543089,42.649362],[1.597349,42.621921],[1.608304,42.618123],[1.721993,42.609855],[1.713311,42.589546],[1.729434,42.582001],[1.752688,42.576679],[1.761107,42.567646],[1.765091,42.563372],[1.739976,42.561641],[1.721683,42.548515],[1.710624,42.527741],[1.707006,42.502781]]]}},
{"type":"Feature","id":"GIB","cc":"GI","properties":{"name":"Gibraltar"},"geometry":{"type":"Polygon","coordinates":[[[-5.358387,36.141109],[-5.338773,36.14112],[-5.339915,36.129828],[-5.33906,36.123847],[-5.34203,36.1105],[-5.35025,36.119289],[-5.358387,36.141109]]]}},
{"type":"Feature","id":"HKG","cc":"HK","properties":{"name":"Hong Kong"},"geometry":{"type":"MultiPolygon","coordinates":[[[[114.229828,22.555813],[114.234711,22.556179],[114.227224,22.547065],[114.222179,22.541449],[114.214854,22.534491],[114.209972,22.534491],[114.209321,22.523708],[114.217947,22.526028],[114.218679,22.529853],[114.230398,22.532945],[114.234304,22.536933],[114.242035,22.550198],[114.245942,22.550971],[114.249034,22.547838],[114.254568,22.550971],[114.25766,22.547838],[114.253266,22.539455],[114.259207,22.540798],[114.265636,22.535264],[114.265147,22.528469],[114.27003,22.52558],[114.278005,22.529853],[114.279796,22.526028],[114.279796,22.519721],[114.27768,22.511664],[114.285167,22.511176],[114.289236,22.505194],[114.298513,22.501003],[114.326589,22.508775],[114.332774,22.511949],[114.335134,22.506415],[114.316335,22.492377],[114.305431,22.483018],[114.29363,22.478258],[114.280447,22.472886],[114.268728,22.465033],[114.264089,22.458075],[114.253754,22.451768],[114.245942,22.451768],[114.231212,22.469794],[114.217133,22.467353],[114.211762,22.470567],[114.209321,22.465806],[114.210948,22.457302],[114.215587,22.454983],[114.217133,22.447943],[114.209972,22.44949],[114.209321,22.454088],[114.20224,22.458075],[114.190603,22.456529],[114.186697,22.451768],[114.167491,22.448065],[114.176524,22.443223],[114.187511,22.436143],[114.200206,22.428168],[114.211762,22.4206],[114.209972,22.412746],[114.214854,22.408881],[114.209321,22.398668],[114.215587,22.400336],[114.223399,22.415025],[114.234223,22.42475],[114.23821,22.43537],[114.243826,22.435533],[114.251475,22.430732],[114.267182,22.430732],[114.269379,22.425523],[114.267182,22.415961],[114.272553,22.409654],[114.276459,22.419827],[114.288992,22.426011],[114.276459,22.443996],[114.288992,22.453315],[114.301606,22.456529],[114.300792,22.465033],[114.323741,22.480048],[114.325043,22.475206],[114.33074,22.474107],[114.325043,22.46426],[114.335704,22.461737],[114.338064,22.446357],[114.332774,22.440009],[114.337413,22.431586],[114.342784,22.43769],[114.347585,22.422919],[114.352306,22.423692],[114.351573,22.440985],[114.359874,22.461168],[114.367849,22.454983],[114.367361,22.446275],[114.370209,22.440009],[114.385753,22.439236],[114.39975,22.436143],[114.39739,22.428412],[114.401296,22.412746],[114.389334,22.417914],[114.381765,22.419053],[114.370209,22.397976],[114.375011,22.400539],[114.384939,22.387356],[114.38974,22.365953],[114.386567,22.36522],[114.385753,22.370185],[114.376394,22.370632],[114.379487,22.362087],[114.37558,22.353461],[114.370209,22.348822],[114.36085,22.345771],[114.357595,22.332424],[114.352306,22.339464],[114.352306,22.351915],[114.34197,22.345771],[114.339041,22.352688],[114.332774,22.359768],[114.334321,22.375312],[114.320404,22.380764],[114.318614,22.38939],[114.310069,22.383775],[114.300059,22.381578],[114.285981,22.390977],[114.278005,22.390977],[114.268728,22.378445],[114.273367,22.363634],[114.279796,22.355007],[114.276459,22.348049],[114.267182,22.35578],[114.266368,22.365953],[114.258393,22.362087],[114.255544,22.355902],[114.265798,22.34634],[114.272553,22.320705],[114.277192,22.3192],[114.29127,22.316555],[114.292084,22.305162],[114.29599,22.305162],[114.303884,22.306708],[114.311615,22.297309],[114.305675,22.290758],[114.297699,22.285631],[114.290538,22.28795],[114.288992,22.287177],[114.289724,22.281684],[114.289561,22.273912],[114.300059,22.277045],[114.303152,22.269192],[114.303152,22.262152],[114.296723,22.258287],[114.288992,22.264594],[114.278331,22.270453],[114.279796,22.279364],[114.273367,22.295762],[114.264822,22.301947],[114.265636,22.309801],[114.266368,22.315985],[114.255544,22.322333],[114.251475,22.305162],[114.253022,22.295762],[114.238943,22.281684],[114.228119,22.291856],[114.211762,22.310574],[114.214854,22.301174],[114.212494,22.301174],[114.195486,22.318264],[114.186534,22.308743],[114.191417,22.301947],[114.191417,22.298896],[114.183686,22.301947],[114.181651,22.29442],[114.176524,22.291083],[114.171886,22.288723],[114.167247,22.294176],[114.168224,22.305487],[114.165701,22.310574],[114.164887,22.315212],[114.159516,22.315212],[114.159516,22.322252],[114.152192,22.328518],[114.138194,22.336005],[114.12436,22.342231],[114.123546,22.337144],[114.113373,22.352688],[114.111013,22.365953],[114.104828,22.369859],[114.097504,22.363023],[114.079112,22.365953],[114.078298,22.36286],[114.070404,22.36286],[114.067231,22.358995],[114.057953,22.361314],[114.050222,22.358995],[114.039887,22.355007],[114.020518,22.350369],[114.014985,22.353461],[114.014985,22.358995],[113.998627,22.358995],[113.991873,22.364081],[113.982677,22.366767],[113.976736,22.379218],[113.972911,22.379991],[113.970632,22.387071],[113.964366,22.380683],[113.97462,22.372056],[113.954926,22.369859],[113.944835,22.362087],[113.930675,22.369086],[113.925955,22.369086],[113.914399,22.376125],[113.918305,22.387844],[113.910574,22.398668],[113.896983,22.408759],[113.909434,22.418606],[113.930675,22.419827],[113.94101,22.426785],[113.954112,22.44949],[113.97755,22.458848],[113.998627,22.488552],[114.004893,22.488552],[114.012706,22.486111],[114.011729,22.480048],[114.01116,22.472886],[114.014985,22.475206],[114.026785,22.478258],[114.029877,22.478258],[114.031423,22.482245],[114.03061,22.487657],[114.03061,22.49551],[114.042247,22.501003],[114.057953,22.504869],[114.061778,22.508775],[114.065766,22.515855],[114.073497,22.518175],[114.078298,22.519721],[114.085297,22.522935],[114.082367,22.529364],[114.091464,22.534388],[114.108414,22.534388],[114.113995,22.528807],[114.117096,22.527567],[114.128878,22.538109],[114.13818,22.539349],[114.148722,22.538109],[114.15389,22.551855],[114.161951,22.560536],[114.173217,22.563946],[114.183035,22.556195],[114.199882,22.556195],[114.220714,22.555121],[114.229828,22.555813]]],[[[114.13738,22.178778],[114.11085,22.177069],[114.114106,22.185736],[114.114106,22.216132],[114.104259,22.215969],[114.106375,22.222398],[114.1067,22.235785],[114.113292,22.233344],[114.117442,22.221869],[114.125743,22.213446],[114.132823,22.216132],[114.132823,22.209947],[114.125743,22.205227],[114.138194,22.206041],[114.149669,22.206041],[114.154633,22.203599],[114.143077,22.196112],[114.139089,22.191107],[114.145356,22.178697],[114.13738,22.178778]]],[[[114.215587,22.285631],[114.221772,22.279364],[114.228119,22.280911],[114.23585,22.277818],[114.243663,22.264594],[114.251475,22.25906],[114.251475,22.248887],[114.245291,22.241889],[114.249034,22.23253],[114.253754,22.223985],[114.249034,22.222398],[114.256114,22.203599],[114.243663,22.20128],[114.240489,22.205227],[114.232758,22.211493],[114.232677,22.221991],[114.229503,22.233588],[114.222667,22.238837],[114.216807,22.23432],[114.222667,22.23253],[114.222667,22.224758],[114.218679,22.223985],[114.211762,22.216132],[114.218679,22.206],[114.215587,22.198961],[114.219493,22.191881],[114.207693,22.189561],[114.206065,22.205227],[114.209321,22.207546],[114.206554,22.212388],[114.196056,22.207546],[114.191417,22.209947],[114.196056,22.215318],[114.189057,22.219224],[114.193696,22.225531],[114.191417,22.230984],[114.182709,22.23253],[114.183849,22.241034],[114.171153,22.233303],[114.167247,22.227851],[114.164887,22.227851],[114.162608,22.233303],[114.160981,22.240383],[114.152192,22.245022],[114.135997,22.245754],[114.12908,22.248887],[114.125011,22.256741],[114.123546,22.261379],[114.118826,22.269192],[114.112559,22.271511],[114.113373,22.277818],[114.115652,22.279364],[114.120453,22.281684],[114.12908,22.285631],[114.139089,22.288723],[114.149913,22.285631],[114.157074,22.281684],[114.165701,22.279364],[114.178884,22.279364],[114.188162,22.287177],[114.196788,22.291856],[114.206391,22.288235],[114.215587,22.285631]]],[[[113.846446,22.197089],[113.839203,22.204901],[113.837901,22.217963],[113.837332,22.228624],[113.839203,22.234198],[113.849213,22.234198],[113.849213,22.244127],[113.856781,22.245998],[113.856781,22.252265],[113.850597,22.256741],[113.851085,22.257107],[113.859874,22.263454],[113.866954,22.268988],[113.867605,22.270738],[113.876801,22.272284],[113.883962,22.279364],[113.892507,22.292711],[113.911306,22.292711],[113.921479,22.291856],[113.928396,22.284857],[113.93865,22.288723],[113.961925,22.301174],[113.976736,22.298082],[113.983735,22.309027],[113.992442,22.310574],[113.999522,22.322252],[114.017345,22.335517],[114.020518,22.328518],[114.043793,22.345771],[114.049327,22.342231],[114.054861,22.33633],[114.051768,22.328518],[114.050222,22.319932],[114.046153,22.323147],[114.038341,22.324571],[114.031423,22.324571],[114.029633,22.308987],[114.012706,22.311347],[114.012706,22.298082],[114.022146,22.301907],[114.017589,22.289049],[114.018891,22.264594],[114.004161,22.264594],[113.995372,22.267768],[114.007253,22.252102],[113.992442,22.241197],[114.014985,22.227078],[114.000173,22.216132],[113.981944,22.208238],[113.980642,22.215318],[113.980642,22.23725],[113.969086,22.23725],[113.959565,22.23725],[113.945649,22.23725],[113.928396,22.223985],[113.921479,22.223985],[113.918305,22.219224],[113.928396,22.216905],[113.928396,22.210761],[113.919119,22.205024],[113.906261,22.204006],[113.894054,22.215318],[113.892507,22.222398],[113.883962,22.219997],[113.873709,22.21308],[113.859141,22.201402],[113.846446,22.197089]]]]}},
{"type":"Feature","id":"VAT","cc":"VA","properties":{"name":"Vatican"},"geometry":{"type":"Polygon","coordinates":[[[12.453137,41.902752],[12.452714,41.903016],[12.452767,41.903439],[12.453031,41.903915],[12.453983,41.903862],[12.454035,41.902752],[12.453137,41.902752]]]}},
{"type":"Feature","id":"CUW","cc":"CW","properties":{"name":"Cura&ccedil;ao"},"geometry":{"type":"Polygon","coordinates":[[[-68.780751,12.097805],[-68.745229,12.062242],[-68.739735,12.053046],[-68.748647,12.047024],[-68.769846,12.042914],[-68.794749,12.041327],[-68.814809,12.043158],[-68.841176,12.055487],[-68.893422,12.090522],[-68.944732,12.105618],[-68.977773,12.124579],[-69.007436,12.148179],[-69.020253,12.169745],[-69.027211,12.19009],[-69.043609,12.196682],[-69.062896,12.198432],[-69.078603,12.20425],[-69.091908,12.219875],[-69.12267,12.269029],[-69.134389,12.27733],[-69.148101,12.28441],[-69.159535,12.293362],[-69.164296,12.306952],[-69.161977,12.342841],[-69.163808,12.361884],[-69.171742,12.378892],[-69.166127,12.387844],[-69.161204,12.391506],[-69.156239,12.390611],[-69.150624,12.385728],[-69.107777,12.367825],[-69.089589,12.356879],[-69.071523,12.341376],[-69.060414,12.322577],[-69.049957,12.276109],[-69.040761,12.256049],[-69.004018,12.221666],[-68.961293,12.201361],[-68.835276,12.171047],[-68.82079,12.16234],[-68.814809,12.149604],[-68.811838,12.12934],[-68.804026,12.117011],[-68.780751,12.097805]]]}},
{"type":"Feature","id":"ABW","cc":"AW","properties":{"name":"Aruba"},"geometry":{"type":"Polygon","coordinates":[[[-69.996938,12.577582],[-69.936391,12.531724],[-69.924672,12.519232],[-69.915761,12.497016],[-69.880198,12.453559],[-69.87682,12.427395],[-69.888092,12.41767],[-69.908803,12.417792],[-69.930531,12.425971],[-69.945139,12.440375],[-69.924672,12.440375],[-69.924672,12.447211],[-69.958567,12.463202],[-70.027659,12.522935],[-70.048085,12.531155],[-70.058095,12.537177],[-70.062408,12.54682],[-70.060374,12.556952],[-70.051096,12.574042],[-70.048736,12.583726],[-70.052642,12.600002],[-70.059641,12.614244],[-70.061106,12.625393],[-70.048736,12.632148],[-70.007151,12.585517],[-69.996938,12.577582]]]}},
{"type":"Feature","id":"TCA","cc":"TC","properties":{"name":"Turks and Caicos Islands"},"geometry":{"type":"MultiPolygon","coordinates":[[[[-72.460764,21.70539],[-72.43342,21.709215],[-72.433258,21.680121],[-72.452016,21.644965],[-72.481313,21.630316],[-72.481313,21.636542],[-72.470204,21.646877],[-72.463368,21.664944],[-72.460439,21.686021],[-72.460764,21.70539]]],[[[-71.507965,21.70539],[-71.52892,21.717434],[-71.573232,21.735297],[-71.590566,21.753811],[-71.585927,21.756822],[-71.581776,21.758368],[-71.578481,21.760932],[-71.576283,21.766832],[-71.54308,21.746527],[-71.525543,21.739814],[-71.501129,21.733344],[-71.480946,21.725491],[-71.461781,21.710842],[-71.451894,21.690172],[-71.459584,21.664455],[-71.471262,21.662177],[-71.485341,21.675442],[-71.507965,21.70539]]],[[[-71.802846,21.787909],[-71.827707,21.785793],[-71.83552,21.79149],[-71.84439,21.807807],[-71.848012,21.819403],[-71.850657,21.856269],[-71.842356,21.855618],[-71.833811,21.853827],[-71.825836,21.850775],[-71.809397,21.839993],[-71.799916,21.839911],[-71.790761,21.842231],[-71.781728,21.843166],[-71.720326,21.835761],[-71.691762,21.841213],[-71.678782,21.841864],[-71.665639,21.835761],[-71.655181,21.823228],[-71.63093,21.774319],[-71.648061,21.779608],[-71.659047,21.793524],[-71.66808,21.80976],[-71.679311,21.822089],[-71.671213,21.79975],[-71.652415,21.76496],[-71.645172,21.746405],[-71.658599,21.743883],[-71.668528,21.750434],[-71.686147,21.774319],[-71.692006,21.764065],[-71.693593,21.759996],[-71.699818,21.759996],[-71.715443,21.787299],[-71.741119,21.794908],[-71.802846,21.787909]]],[[[-72.337229,21.800971],[-72.340199,21.814032],[-72.329742,21.845404],[-72.330434,21.862454],[-72.307932,21.85224],[-72.245025,21.797919],[-72.23176,21.793362],[-72.212148,21.793443],[-72.192698,21.796576],[-72.179596,21.800971],[-72.165273,21.81387],[-72.157135,21.82453],[-72.146311,21.827135],[-72.124379,21.815253],[-72.124379,21.807807],[-72.151031,21.78384],[-72.159088,21.774319],[-72.164296,21.788804],[-72.165273,21.794827],[-72.193267,21.781155],[-72.189524,21.779934],[-72.186106,21.779242],[-72.182851,21.777818],[-72.179596,21.774319],[-72.194447,21.766913],[-72.219716,21.770331],[-72.234242,21.766832],[-72.234242,21.781155],[-72.273834,21.75141],[-72.29186,21.748928],[-72.30309,21.774319],[-72.296946,21.774319],[-72.290679,21.765815],[-72.281239,21.761542],[-72.274241,21.763617],[-72.275136,21.774319],[-72.281239,21.779608],[-72.316151,21.794827],[-72.312896,21.781155],[-72.315419,21.770819],[-72.323638,21.763821],[-72.337229,21.759996],[-72.339508,21.766669],[-72.339996,21.771226],[-72.339182,21.775458],[-72.337229,21.781155],[-72.335561,21.776842],[-72.335194,21.77619],[-72.334096,21.77619],[-72.330434,21.774319],[-72.326527,21.787421],[-72.313954,21.809068],[-72.309926,21.822089],[-72.33141,21.806586],[-72.337229,21.800971]]],[[[-72.021962,21.904608],[-72.026112,21.914008],[-72.024485,21.923774],[-72.025014,21.932563],[-72.036244,21.938788],[-72.031809,21.946479],[-72.025461,21.952582],[-72.017445,21.956936],[-72.00829,21.959215],[-71.949941,21.959215],[-71.944,21.958075],[-71.930491,21.952948],[-71.922678,21.951809],[-71.911041,21.948432],[-71.908762,21.940497],[-71.912099,21.925116],[-71.903391,21.866523],[-71.88858,21.846177],[-71.857411,21.843166],[-71.877309,21.828315],[-71.894643,21.83218],[-71.909657,21.843166],[-71.922678,21.849351],[-71.93106,21.851874],[-71.942983,21.85814],[-71.954254,21.866929],[-71.96052,21.876695],[-71.959218,21.889797],[-71.943837,21.913153],[-71.940012,21.925116],[-71.947581,21.94245],[-71.964019,21.933417],[-71.987864,21.907782],[-71.991933,21.899888],[-72.001617,21.897773],[-72.01301,21.899888],[-72.021962,21.904608]]],[[[-71.138092,21.513617],[-71.13036,21.498114],[-71.128896,21.472235],[-71.133616,21.446479],[-71.144887,21.431627],[-71.151682,21.450588],[-71.15099,21.472846],[-71.145497,21.495063],[-71.138092,21.513617]]],[[[-71.687815,21.299791],[-71.680328,21.304429],[-71.674062,21.306545],[-71.678619,21.298896],[-71.695872,21.290107],[-71.699086,21.291938],[-71.687815,21.299791]]],[[[-71.634348,21.318793],[-71.628814,21.324368],[-71.628245,21.310248],[-71.634674,21.294501],[-71.640859,21.302965],[-71.634348,21.318793]]],[[[-71.209828,21.341376],[-71.200063,21.341051],[-71.192494,21.335028],[-71.201243,21.323065],[-71.213694,21.310614],[-71.219228,21.314358],[-71.214263,21.332831],[-71.209828,21.341376]]],[[[-71.49828,21.569403],[-71.496246,21.563422],[-71.497182,21.53026],[-71.496327,21.507392],[-71.504262,21.494045],[-71.520985,21.489325],[-71.537587,21.499457],[-71.539703,21.516547],[-71.527821,21.524319],[-71.515736,21.522691],[-71.508941,21.527818],[-71.508778,21.551663],[-71.501576,21.569078],[-71.49828,21.569403]]],[[[-72.124908,21.854641],[-72.119496,21.857896],[-72.116282,21.853746],[-72.124379,21.846869],[-72.133046,21.847642],[-72.124908,21.854641]]],[[[-72.094797,21.882514],[-72.089508,21.885443],[-72.087026,21.880927],[-72.087066,21.872748],[-72.093007,21.867174],[-72.09968,21.864569],[-72.101552,21.871649],[-72.094797,21.882514]]]]}},
{"type":"Feature","id":"SPM","cc":"PM","properties":{"name":"Saint Pierre and Miquelon"},"geometry":{"type":"MultiPolygon","coordinates":[[[[-56.15095,46.793647],[-56.156484,46.789252],[-56.160797,46.784369],[-56.163808,46.778876],[-56.165191,46.772528],[-56.150217,46.766913],[-56.144765,46.765692],[-56.16808,46.75727],[-56.19579,46.752753],[-56.221913,46.754625],[-56.240305,46.765692],[-56.218902,46.788275],[-56.207509,46.797838],[-56.191884,46.806627],[-56.180247,46.809556],[-56.161366,46.811591],[-56.147532,46.807847],[-56.15095,46.793647]]],[[[-56.273793,46.895453],[-56.235504,46.872016],[-56.249257,46.842271],[-56.289296,46.813788],[-56.346262,46.783596],[-56.35851,46.780748],[-56.370676,46.7862],[-56.377919,46.799018],[-56.375071,46.806952],[-56.375111,46.813951],[-56.391103,46.824042],[-56.396352,46.836371],[-56.379872,46.851508],[-56.342763,46.875556],[-56.328277,46.914944],[-56.336781,46.95425],[-56.384999,47.035631],[-56.388173,47.051825],[-56.391103,47.087836],[-56.396596,47.10399],[-56.395904,47.113593],[-56.387685,47.125393],[-56.377431,47.134263],[-56.366282,47.140204],[-56.354644,47.141262],[-56.342763,47.135647],[-56.361318,47.125963],[-56.371693,47.116156],[-56.371165,47.105902],[-56.357004,47.094672],[-56.340321,47.089057],[-56.304799,47.083157],[-56.253326,47.053697],[-56.251698,47.043891],[-56.252309,47.030219],[-56.256012,47.018012],[-56.269358,47.00845],[-56.273793,46.999091],[-56.280344,46.989691],[-56.29186,46.985419],[-56.297597,46.987535],[-56.300282,46.992255],[-56.301991,46.996975],[-56.305165,46.999091],[-56.312164,46.998358],[-56.329701,46.992255],[-56.343577,46.995917],[-56.350209,46.994615],[-56.350168,46.985419],[-56.345774,46.979926],[-56.339711,46.979071],[-56.333852,46.97956],[-56.325917,46.976467],[-56.320058,46.976386],[-56.31371,46.975653],[-56.308583,46.971747],[-56.306752,46.964993],[-56.309682,46.96015],[-56.313873,46.956692],[-56.316029,46.953803],[-56.316029,46.912787],[-56.311757,46.900133],[-56.301178,46.896308],[-56.273793,46.895453]]]]}},
{"type":"Feature","id":"PCN","cc":"PN","properties":{"name":"Pitcairn"},"geometry":{"type":"MultiPolygon","coordinates":[[[[-130.120351,-25.068292],[-130.110463,-25.064386],[-130.101145,-25.064386],[-130.093007,-25.067966],[-130.086252,-25.075128],[-130.095937,-25.077081],[-130.105336,-25.076755],[-130.113678,-25.073826],[-130.120351,-25.068292]]],[[[-124.786163,-24.664565],[-124.797109,-24.667087],[-124.786529,-24.663995],[-124.785512,-24.663995],[-124.780588,-24.664646],[-124.77892,-24.667413],[-124.778066,-24.67254],[-124.778798,-24.668715],[-124.780588,-24.666599],[-124.78539,-24.664483],[-124.786163,-24.664565]]],[[[-128.33019,-24.324314],[-128.3037,-24.334649],[-128.290842,-24.365655],[-128.290151,-24.39837],[-128.30012,-24.41367],[-128.320668,-24.400649],[-128.342193,-24.371759],[-128.35025,-24.341241],[-128.33019,-24.324314]]],[[[-130.745269,-23.924412],[-130.741363,-23.924412],[-130.742096,-23.92783],[-130.746978,-23.932794],[-130.750844,-23.934666],[-130.753082,-23.92962],[-130.750844,-23.927179],[-130.748036,-23.927341],[-130.745269,-23.924412]]]]}},
{"type":"Feature","id":"PYF","cc":"PF","properties":{"name":"French Polynesia"},"geometry":{"type":"MultiPolygon","coordinates":[[[[-136.165761,-22.024347],[-136.175689,-22.02988],[-136.185862,-22.034438],[-136.163564,-22.013604],[-136.163889,-22.016371],[-136.165761,-22.024347]]],[[[-136.377187,-21.468357],[-136.386342,-21.463637],[-136.395823,-21.462823],[-136.405019,-21.465427],[-136.413401,-21.471368],[-136.404937,-21.460219],[-136.391469,-21.45615],[-136.379872,-21.45908],[-136.377187,-21.468357]]],[[[-136.549387,-21.336847],[-136.532216,-21.331313],[-136.525706,-21.338067],[-136.529449,-21.349867],[-136.543121,-21.359796],[-136.53425,-21.348891],[-136.535715,-21.34238],[-136.542388,-21.3388],[-136.549387,-21.336847]]],[[[-136.63622,-21.341567],[-136.646799,-21.327244],[-136.651601,-21.322931],[-136.64391,-21.322849],[-136.639882,-21.32643],[-136.637929,-21.333103],[-136.63622,-21.341567]]],[[[-136.734364,-21.312107],[-136.739166,-21.308526],[-136.742258,-21.304457],[-136.745758,-21.303399],[-136.752187,-21.308526],[-136.745961,-21.299493],[-136.738637,-21.299493],[-136.73233,-21.306248],[-136.729115,-21.318048],[-136.731272,-21.317315],[-136.732167,-21.315688],[-136.732818,-21.313897],[-136.734364,-21.312107]]],[[[-140.413971,-19.61419],[-140.407379,-19.610121],[-140.395172,-19.615411],[-140.383168,-19.625421],[-140.377024,-19.636326],[-140.379058,-19.648614],[-140.387359,-19.656996],[-140.399281,-19.661716],[-140.412424,-19.663832],[-140.39684,-19.651056],[-140.386627,-19.640313],[-140.389801,-19.628839],[-140.413971,-19.61419]]],[[[-139.20226,-19.350681],[-139.204091,-19.346124],[-139.205068,-19.341485],[-139.207672,-19.337335],[-139.214833,-19.334568],[-139.202952,-19.334893],[-139.195912,-19.340916],[-139.195912,-19.349786],[-139.20519,-19.359145],[-139.20226,-19.350681]]],[[[-138.796742,-19.290297],[-138.805979,-19.288832],[-138.809397,-19.287286],[-138.812123,-19.283787],[-138.802398,-19.281996],[-138.794586,-19.281671],[-138.791737,-19.283868],[-138.796742,-19.290297]]],[[[-141.266184,-19.203546],[-141.252349,-19.189711],[-141.237172,-19.193617],[-141.227528,-19.208429],[-141.230377,-19.227146],[-141.233713,-19.211684],[-141.242787,-19.202244],[-141.25475,-19.199395],[-141.266184,-19.203546]]],[[[-140.721832,-19.133722],[-140.696197,-19.119317],[-140.670155,-19.131768],[-140.660878,-19.152439],[-140.685862,-19.161554],[-140.670033,-19.142755],[-140.681386,-19.132257],[-140.703969,-19.129327],[-140.721832,-19.133722]]],[[[-138.801584,-18.765232],[-138.795237,-18.770929],[-138.793324,-18.774021],[-138.793202,-18.778904],[-138.829742,-18.759942],[-138.822865,-18.760349],[-138.815745,-18.761407],[-138.801584,-18.765232]]],[[[-143.092112,-17.853285],[-143.080881,-17.837579],[-143.072255,-17.840427],[-143.059885,-17.865818],[-143.060292,-17.867771],[-143.064849,-17.863702],[-143.070221,-17.855157],[-143.072825,-17.844334],[-143.077626,-17.852227],[-143.082387,-17.857517],[-143.087148,-17.858494],[-143.092112,-17.853285]]],[[[-150.655263,-17.668715],[-150.643178,-17.65545],[-150.64033,-17.666111],[-150.644968,-17.677992],[-150.655263,-17.668715]]],[[[-141.438547,-17.368097],[-141.442494,-17.360121],[-141.453847,-17.352309],[-141.467437,-17.34881],[-141.481842,-17.348565],[-141.460764,-17.344822],[-141.44518,-17.351739],[-141.436269,-17.367364],[-141.436065,-17.370701],[-141.435333,-17.383559],[-141.434967,-17.389337],[-141.436838,-17.385837],[-141.436838,-17.382745],[-141.438547,-17.368097]]],[[[-138.441721,-17.366388],[-138.461415,-17.365655],[-138.46349,-17.359959],[-138.463735,-17.356948],[-138.460927,-17.350356],[-138.446929,-17.332696],[-138.426137,-17.324884],[-138.454905,-17.349786],[-138.458811,-17.356866],[-138.457834,-17.358819],[-138.453684,-17.359552],[-138.447743,-17.361586],[-138.441721,-17.366388]]],[[[-143.084828,-17.004571],[-143.093821,-16.997979],[-143.097727,-16.994317],[-143.101226,-16.990167],[-143.090403,-16.989516],[-143.079823,-16.993341],[-143.07018,-17.000177],[-143.062001,-17.008966],[-143.067535,-17.010024],[-143.07315,-17.009373],[-143.078928,-17.00742],[-143.084828,-17.004571]]],[[[-149.583608,-16.987074],[-149.575917,-16.983657],[-149.572092,-16.982599],[-149.568227,-16.982192],[-149.572336,-16.9874],[-149.586863,-17.000421],[-149.586985,-16.996677],[-149.58613,-16.993585],[-149.583608,-16.987074]]],[[[-153.93399,-16.79754],[-153.928538,-16.806899],[-153.9228,-16.820896],[-153.920155,-16.83172],[-153.924265,-16.831801],[-153.933217,-16.819106],[-153.943227,-16.78753],[-153.950673,-16.773858],[-153.942983,-16.774591],[-153.937734,-16.779474],[-153.934763,-16.787367],[-153.93399,-16.79754]]],[[[-144.200673,-16.64837],[-144.19811,-16.642185],[-144.18814,-16.645685],[-144.176666,-16.655369],[-144.169586,-16.66725],[-144.177846,-16.663751],[-144.185902,-16.659356],[-144.200673,-16.64837]]],[[[-152.2447,-16.44378],[-152.256296,-16.451267],[-152.263621,-16.447198],[-152.261464,-16.441502],[-152.2447,-16.44378]]],[[[-145.898915,-15.888116],[-145.95051,-15.839614],[-145.914296,-15.863539],[-145.89859,-15.878351],[-145.898915,-15.888116]]],[[[-140.888987,-15.819757],[-140.86144,-15.815525],[-140.852366,-15.815525],[-140.859853,-15.81992],[-140.879709,-15.838311],[-140.889027,-15.837335],[-140.895009,-15.83294],[-140.895619,-15.826837],[-140.888987,-15.819757]]],[[[-148.250844,-15.867446],[-148.271718,-15.853204],[-148.279368,-15.830499],[-148.275583,-15.809991],[-148.262074,-15.802423],[-148.257639,-15.807875],[-148.246165,-15.831638],[-148.239003,-15.839614],[-148.229929,-15.848077],[-148.230784,-15.856866],[-148.238718,-15.863946],[-148.250844,-15.867446]]],[[[-146.486643,-15.803399],[-146.482655,-15.814874],[-146.481679,-15.820571],[-146.481923,-15.826918],[-146.49059,-15.808282],[-146.496165,-15.799493],[-146.503041,-15.791681],[-146.49885,-15.794041],[-146.486643,-15.803399]]],[[[-154.523183,-15.819431],[-154.520619,-15.808526],[-154.522084,-15.80047],[-154.527537,-15.794854],[-154.536977,-15.79225],[-154.52477,-15.789321],[-154.519114,-15.795587],[-154.517283,-15.80641],[-154.516347,-15.817315],[-154.519236,-15.823419],[-154.525461,-15.827732],[-154.528798,-15.827244],[-154.523183,-15.819431]]],[[[-144.64981,-15.730157],[-144.632802,-15.728448],[-144.621938,-15.736017],[-144.620432,-15.747003],[-144.631337,-15.755304],[-144.641916,-15.755141],[-144.648915,-15.749282],[-144.651723,-15.740167],[-144.64981,-15.730157]]],[[[-145.455881,-15.479587],[-145.443959,-15.479669],[-145.435414,-15.483005],[-145.432688,-15.488539],[-145.437856,-15.496352],[-145.457346,-15.481703],[-145.523915,-15.470473],[-145.549631,-15.452081],[-145.481516,-15.474786],[-145.455881,-15.479587]]],[[[-146.194163,-15.35947],[-146.202992,-15.388849],[-146.198638,-15.369806],[-146.196156,-15.347589],[-146.198313,-15.338718],[-146.203603,-15.331476],[-146.207428,-15.328627],[-146.217193,-15.323663],[-146.213979,-15.323093],[-146.204986,-15.327732],[-146.200551,-15.329685],[-146.196685,-15.335626],[-146.192779,-15.346287],[-146.194163,-15.35947]]],[[[-146.620839,-15.239841],[-146.639027,-15.232599],[-146.62385,-15.23504],[-146.611724,-15.24391],[-146.602935,-15.256931],[-146.597768,-15.27158],[-146.610097,-15.256443],[-146.620839,-15.239841]]],[[[-147.256256,-15.232517],[-147.242258,-15.232354],[-147.238515,-15.235284],[-147.237416,-15.244236],[-147.241811,-15.239028],[-147.246205,-15.236749],[-147.250885,-15.23504],[-147.256256,-15.232517]]],[[[-147.778961,-15.216404],[-147.774078,-15.213474],[-147.763417,-15.219415],[-147.749989,-15.228692],[-147.737131,-15.235284],[-147.778961,-15.216404]]],[[[-147.458974,-15.121352],[-147.512034,-15.080011],[-147.530873,-15.069024],[-147.510854,-15.077895],[-147.492502,-15.091078],[-147.458974,-15.121352]]],[[[-147.931956,-15.080824],[-147.934316,-15.076918],[-147.936676,-15.073907],[-147.937815,-15.070896],[-147.936594,-15.066339],[-147.931956,-15.080824]]],[[[-145.922434,-14.43377],[-145.932769,-14.438409],[-145.943715,-14.441827],[-145.954905,-14.443536],[-145.966176,-14.443129],[-145.933217,-14.437595],[-145.922434,-14.43377]]],[[[-141.17455,-14.18963],[-141.179514,-14.196466],[-141.18928,-14.190199],[-141.212799,-14.164972],[-141.202748,-14.17018],[-141.17455,-14.18963]]],[[[-147.724233,-23.871759],[-147.724233,-23.864923],[-147.705881,-23.858575],[-147.687978,-23.854587],[-147.647857,-23.851821],[-147.651235,-23.858575],[-147.655873,-23.863865],[-147.661773,-23.868097],[-147.668935,-23.871759],[-147.698964,-23.878025],[-147.712636,-23.877211],[-147.724233,-23.871759]]],[[[-149.481679,-23.357843],[-149.456492,-23.36533],[-149.450917,-23.381117],[-149.463246,-23.395766],[-149.507802,-23.400486],[-149.518748,-23.394952],[-149.52477,-23.383966],[-149.526723,-23.368097],[-149.521433,-23.362726],[-149.508901,-23.359552],[-149.481679,-23.357843]]],[[[-135.019358,-23.117608],[-134.997955,-23.116306],[-134.965484,-23.090509],[-134.942983,-23.083591],[-134.950551,-23.096938],[-134.984527,-23.138767],[-134.995229,-23.13714],[-135.004547,-23.133884],[-135.019358,-23.125095],[-135.019358,-23.117608]]],[[[-151.386871,-22.422459],[-151.377675,-22.423272],[-151.367502,-22.434177],[-151.359242,-22.447524],[-151.355906,-22.456638],[-151.357493,-22.481703],[-151.362742,-22.508071],[-151.368723,-22.513116],[-151.371775,-22.514418],[-151.376332,-22.514337],[-151.380442,-22.488702],[-151.391103,-22.464532],[-151.397043,-22.442153],[-151.386871,-22.422459]]],[[[-140.671946,-21.658949],[-140.653188,-21.647068],[-140.634185,-21.660821],[-140.603668,-21.706801],[-140.630523,-21.721612],[-140.658274,-21.71266],[-140.675771,-21.688897],[-140.671946,-21.658949]]],[[[-140.678782,-17.780369],[-140.727162,-17.807061],[-140.758046,-17.831638],[-140.785227,-17.858575],[-140.795969,-17.862726],[-140.812123,-17.863051],[-140.827789,-17.860121],[-140.837026,-17.85475],[-140.838694,-17.843438],[-140.834299,-17.830011],[-140.822743,-17.807061],[-140.802317,-17.786554],[-140.78246,-17.751642],[-140.745839,-17.729587],[-140.671946,-17.697849],[-140.652089,-17.684177],[-140.624664,-17.68727],[-140.619862,-17.70672],[-140.628489,-17.728448],[-140.648305,-17.74391],[-140.678782,-17.780369]]],[[[-149.183461,-17.731215],[-149.160634,-17.756931],[-149.149119,-17.802016],[-149.156443,-17.846287],[-149.190297,-17.869073],[-149.20641,-17.866632],[-149.260854,-17.851739],[-149.27595,-17.844903],[-149.308665,-17.803643],[-149.334299,-17.75921],[-149.343455,-17.724867],[-149.347971,-17.718194],[-149.357533,-17.717869],[-149.362538,-17.725274],[-149.3662,-17.734308],[-149.371816,-17.738702],[-149.391916,-17.741388],[-149.450388,-17.75921],[-149.472035,-17.760512],[-149.487864,-17.757989],[-149.519236,-17.746189],[-149.576121,-17.737563],[-149.587514,-17.731215],[-149.605051,-17.671808],[-149.611765,-17.663018],[-149.621205,-17.656183],[-149.630971,-17.639337],[-149.638661,-17.61891],[-149.642161,-17.600844],[-149.632761,-17.553399],[-149.604319,-17.525811],[-149.564076,-17.510024],[-149.519236,-17.498468],[-149.474965,-17.494073],[-149.429514,-17.50156],[-149.387644,-17.517999],[-149.354115,-17.540134],[-149.344065,-17.550714],[-149.335561,-17.56406],[-149.329661,-17.579848],[-149.327463,-17.597833],[-149.330271,-17.663751],[-149.327463,-17.684177],[-149.303944,-17.712091],[-149.263295,-17.722833],[-149.183461,-17.731215]]],[[[-149.796702,-17.464451],[-149.786122,-17.468927],[-149.785634,-17.479181],[-149.804758,-17.52337],[-149.822458,-17.549737],[-149.842763,-17.56756],[-149.861887,-17.566827],[-149.885203,-17.555352],[-149.914052,-17.535333],[-149.937489,-17.512465],[-149.944407,-17.492364],[-149.934071,-17.481541],[-149.915517,-17.473565],[-149.897776,-17.472263],[-149.889841,-17.481541],[-149.885854,-17.491795],[-149.877634,-17.491957],[-149.869985,-17.487726],[-149.868113,-17.484959],[-149.860219,-17.483168],[-149.853627,-17.479181],[-149.845815,-17.47796],[-149.834584,-17.484959],[-149.831654,-17.472752],[-149.82311,-17.466567],[-149.810862,-17.464614],[-149.796702,-17.464451]]],[[[-151.005808,-16.76922],[-151.00239,-16.760837],[-150.994333,-16.761895],[-150.985341,-16.76922],[-150.979115,-16.779718],[-150.978383,-16.788018],[-150.979563,-16.800388],[-150.983876,-16.809259],[-150.992787,-16.807061],[-150.994822,-16.813572],[-150.998891,-16.817966],[-151.004994,-16.820408],[-151.013254,-16.820733],[-151.031361,-16.806329],[-151.037587,-16.799574],[-151.039906,-16.789972],[-151.034617,-16.777032],[-151.022898,-16.772882],[-151.011098,-16.772149],[-151.005808,-16.76922]]],[[[-151.478749,-16.738214],[-151.46467,-16.736423],[-151.446523,-16.740492],[-151.430776,-16.747817],[-151.424143,-16.755304],[-151.41279,-16.779718],[-151.352488,-16.858575],[-151.364084,-16.866469],[-151.400868,-16.885349],[-151.41393,-16.88893],[-151.424265,-16.881931],[-151.429392,-16.881931],[-151.431589,-16.892185],[-151.434153,-16.897638],[-151.440541,-16.901137],[-151.449167,-16.902927],[-151.458241,-16.902602],[-151.477895,-16.889581],[-151.488108,-16.856378],[-151.49474,-16.764581],[-151.4912,-16.750258],[-151.478749,-16.738214]]],[[[-151.026275,-16.708103],[-151.007558,-16.740492],[-151.009511,-16.745701],[-151.016347,-16.748712],[-151.024159,-16.755629],[-151.034169,-16.762628],[-151.047434,-16.766046],[-151.053212,-16.753595],[-151.054026,-16.741795],[-151.051503,-16.730076],[-151.042226,-16.705499],[-151.035146,-16.694268],[-151.029001,-16.692478],[-151.026275,-16.708103]]],[[[-151.458241,-16.629002],[-151.459828,-16.661065],[-151.463246,-16.674086],[-151.472605,-16.669854],[-151.48054,-16.664972],[-151.534657,-16.641697],[-151.540395,-16.636489],[-151.540883,-16.631036],[-151.536122,-16.594903],[-151.523752,-16.58294],[-151.502675,-16.580173],[-151.472605,-16.580499],[-151.476552,-16.590509],[-151.478749,-16.594171],[-151.459584,-16.593438],[-151.449574,-16.594659],[-151.445261,-16.597589],[-151.443959,-16.602227],[-151.43871,-16.609308],[-151.437815,-16.614679],[-151.441151,-16.619806],[-151.448191,-16.6242],[-151.458241,-16.629002]]],[[[-151.780426,-16.478123],[-151.763783,-16.472345],[-151.753611,-16.483819],[-151.748362,-16.504327],[-151.746938,-16.525974],[-151.762644,-16.525811],[-151.776845,-16.511814],[-151.784495,-16.492934],[-151.780426,-16.478123]]],[[[-146.387278,-16.108168],[-146.359364,-16.100193],[-146.337717,-16.113377],[-146.328765,-16.137628],[-146.338857,-16.162774],[-146.367096,-16.158787],[-146.391754,-16.147231],[-146.402089,-16.129978],[-146.387278,-16.108168]]],[[[-138.698801,-10.426446],[-138.665191,-10.427341],[-138.650461,-10.43141],[-138.636708,-10.440606],[-138.620432,-10.471856],[-138.620229,-10.510837],[-138.636952,-10.542169],[-138.671498,-10.55047],[-138.685618,-10.542087],[-138.69343,-10.526137],[-138.694447,-10.507908],[-138.679596,-10.473565],[-138.68163,-10.458266],[-138.698801,-10.426446]]],[[[-139.082387,-9.899509],[-139.069163,-9.903904],[-139.055653,-9.913181],[-139.04776,-9.92254],[-139.05134,-9.92669],[-139.055002,-9.928399],[-139.057607,-9.932387],[-139.059722,-9.937107],[-139.061879,-9.940362],[-139.06664,-9.943292],[-139.07665,-9.944594],[-139.082387,-9.947198],[-139.095855,-9.961684],[-139.118479,-10.000177],[-139.130767,-10.014907],[-139.14387,-9.997817],[-139.14269,-9.978936],[-139.138987,-9.959405],[-139.144439,-9.940362],[-139.13386,-9.928318],[-139.120676,-9.904392],[-139.103831,-9.888279],[-139.082387,-9.899509]]],[[[-138.836578,-9.741143],[-138.814036,-9.739516],[-138.818471,-9.748712],[-138.869252,-9.791599],[-138.892079,-9.800714],[-138.916615,-9.806573],[-138.955678,-9.809991],[-139.009429,-9.809015],[-139.020904,-9.806329],[-139.026235,-9.803399],[-139.037994,-9.802423],[-139.049713,-9.803481],[-139.055043,-9.806329],[-139.055043,-9.837335],[-139.06192,-9.853936],[-139.07136,-9.85475],[-139.08552,-9.84881],[-139.126291,-9.840102],[-139.143463,-9.828871],[-139.15689,-9.815199],[-139.164906,-9.803318],[-139.170318,-9.790134],[-139.173248,-9.774184],[-139.169423,-9.761],[-139.138417,-9.750909],[-139.051381,-9.70143],[-139.01537,-9.694431],[-138.984527,-9.699477],[-138.972524,-9.720636],[-138.961293,-9.733819],[-138.942738,-9.742364],[-138.921213,-9.747166],[-138.900787,-9.74863],[-138.876943,-9.754327],[-138.866689,-9.755466],[-138.855458,-9.753513],[-138.848012,-9.748956],[-138.842356,-9.744236],[-138.836578,-9.741143]]],[[[-140.076731,-9.323419],[-140.053863,-9.346287],[-140.041412,-9.351007],[-140.027699,-9.343927],[-140.040639,-9.374119],[-140.04894,-9.408136],[-140.062896,-9.435968],[-140.092844,-9.447524],[-140.111399,-9.437758],[-140.158599,-9.37184],[-140.139475,-9.357843],[-140.121449,-9.340265],[-140.101633,-9.326267],[-140.076731,-9.323419]]],[[[-139.514394,-8.883966],[-139.503163,-8.899021],[-139.508412,-8.912042],[-139.523427,-8.921563],[-139.541656,-8.926202],[-139.585601,-8.929457],[-139.603098,-8.936944],[-139.61677,-8.954197],[-139.612701,-8.939223],[-139.618031,-8.924981],[-139.62621,-8.910821],[-139.630442,-8.89544],[-139.596913,-8.858005],[-139.589467,-8.858005],[-139.582346,-8.86891],[-139.574452,-8.870212],[-139.55842,-8.864679],[-139.546986,-8.86712],[-139.514394,-8.883966]]],[[[-140.049428,-8.823175],[-140.022288,-8.846775],[-140.015981,-8.859308],[-140.014027,-8.881117],[-140.019154,-8.896417],[-140.031321,-8.894464],[-140.055572,-8.878513],[-140.060536,-8.899998],[-140.07665,-8.915216],[-140.096018,-8.919041],[-140.110219,-8.905694],[-140.117665,-8.905694],[-140.129994,-8.916436],[-140.169911,-8.929457],[-140.178538,-8.936782],[-140.183217,-8.953709],[-140.194325,-8.950372],[-140.207021,-8.939386],[-140.227691,-8.927016],[-140.234771,-8.912856],[-140.245188,-8.866876],[-140.247426,-8.847345],[-140.249582,-8.838637],[-140.258941,-8.830499],[-140.261057,-8.823175],[-140.247792,-8.786879],[-140.216705,-8.78102],[-140.089711,-8.802016],[-140.05899,-8.802016],[-140.051422,-8.80047],[-140.037424,-8.79225],[-140.027699,-8.788995],[-140.02774,-8.793715],[-140.02953,-8.796482],[-140.032216,-8.798761],[-140.039418,-8.807061],[-140.049428,-8.823175]]],[[[-140.692454,-8.015069],[-140.698883,-8.028985],[-140.707834,-8.039727],[-140.717763,-8.041274],[-140.727162,-8.02809],[-140.727773,-7.991469],[-140.70637,-7.963067],[-140.673166,-7.950128],[-140.638417,-7.959731],[-140.653066,-7.970798],[-140.658315,-7.973403],[-140.675649,-7.976739],[-140.683909,-7.985284],[-140.692454,-8.015069]]],[[[-144.283762,-27.579197],[-144.288238,-27.584242],[-144.30134,-27.595392],[-144.304189,-27.599705],[-144.303538,-27.600518],[-144.300282,-27.62005],[-144.297434,-27.620782],[-144.304433,-27.63242],[-144.312734,-27.640069],[-144.323638,-27.641209],[-144.338368,-27.633722],[-144.346588,-27.61533],[-144.347971,-27.585545],[-144.339426,-27.559259],[-144.31786,-27.551202],[-144.298166,-27.562921],[-144.289947,-27.570082],[-144.283762,-27.579197]]],[[[-138.849599,-21.87127],[-138.9322,-21.87127],[-138.911855,-21.863946],[-138.891591,-21.865899],[-138.870961,-21.870375],[-138.849599,-21.87127]]],[[[-135.457509,-21.528009],[-135.525787,-21.487074],[-135.503774,-21.489516],[-135.484934,-21.49684],[-135.46935,-21.509454],[-135.457509,-21.528009]]],[[[-138.534901,-20.876886],[-138.519439,-20.860935],[-138.517323,-20.849216],[-138.54072,-20.789727],[-138.544667,-20.784682],[-138.55012,-20.782566],[-138.56843,-20.788181],[-138.56428,-20.784845],[-138.554351,-20.780938],[-138.548899,-20.779962],[-138.542633,-20.780369],[-138.519765,-20.814548],[-138.512847,-20.85768],[-138.534901,-20.876886]]],[[[-136.314076,-18.567315],[-136.313547,-18.565606],[-136.312734,-18.560968],[-136.3131,-18.554295],[-136.31607,-18.546319],[-136.322133,-18.538751],[-136.331288,-18.532647],[-136.343658,-18.527439],[-136.373891,-18.51865],[-136.382965,-18.514744],[-136.389027,-18.510186],[-136.394276,-18.504083],[-136.402659,-18.496677],[-136.448883,-18.471856],[-136.461252,-18.468683],[-136.465443,-18.474298],[-136.465199,-18.48211],[-136.464263,-18.486017],[-136.467763,-18.481866],[-136.46996,-18.477797],[-136.47289,-18.474298],[-136.478586,-18.471856],[-136.45873,-18.464288],[-136.426137,-18.475356],[-136.395823,-18.494236],[-136.382395,-18.509942],[-136.330434,-18.527602],[-136.304758,-18.545668],[-136.314076,-18.567315]]],[[[-140.671946,-18.417169],[-140.674835,-18.413751],[-140.680979,-18.402276],[-140.695139,-18.390395],[-140.752065,-18.363946],[-140.77009,-18.350274],[-140.779286,-18.339532],[-140.781809,-18.335219],[-140.756174,-18.353692],[-140.687082,-18.390558],[-140.678619,-18.403009],[-140.671946,-18.417169]]],[[[-136.971425,-18.361912],[-137.067616,-18.26629],[-137.042348,-18.277602],[-137.010243,-18.304376],[-136.982777,-18.33587],[-136.971425,-18.361912]]],[[[-140.822743,-18.21795],[-140.848378,-18.18255],[-140.895497,-18.149021],[-140.91804,-18.108168],[-140.930287,-18.095636],[-140.973622,-18.060235],[-140.964467,-18.066583],[-140.92516,-18.084731],[-140.898508,-18.129083],[-140.877309,-18.150567],[-140.851308,-18.169529],[-140.829945,-18.190362],[-140.822743,-18.21795]]],[[[-142.577463,-17.621352],[-142.565175,-17.601658],[-142.639516,-17.532647],[-142.612457,-17.54697],[-142.577626,-17.57171],[-142.558176,-17.599216],[-142.577463,-17.621352]]],[[[-143.413564,-17.456964],[-143.437856,-17.438897],[-143.474965,-17.430271],[-143.456614,-17.429295],[-143.437652,-17.433201],[-143.422027,-17.442153],[-143.413564,-17.456964]]],[[[-145.380483,-17.484959],[-145.435129,-17.417169],[-145.419423,-17.426935],[-145.405588,-17.442966],[-145.380483,-17.484959]]],[[[-145.578481,-17.383071],[-145.586497,-17.370375],[-145.591379,-17.35768],[-145.593414,-17.343032],[-145.592885,-17.324802],[-145.578481,-17.383071]]],[[[-143.38622,-16.669854],[-143.45401,-16.624607],[-143.506174,-16.62713],[-143.550689,-16.622166],[-143.464752,-16.614679],[-143.440582,-16.620782],[-143.420277,-16.635675],[-143.38622,-16.669854]]],[[[-143.571156,-16.635837],[-143.620351,-16.632013],[-143.660064,-16.602227],[-143.701527,-16.580499],[-143.666249,-16.588474],[-143.609527,-16.629978],[-143.571156,-16.635837]]],[[[-143.817616,-16.539646],[-143.821441,-16.537693],[-143.848744,-16.492934],[-143.879791,-16.469415],[-143.913971,-16.457371],[-143.934234,-16.450291],[-143.930328,-16.449965],[-143.910349,-16.455336],[-143.877512,-16.459731],[-143.861969,-16.467218],[-143.832753,-16.498468],[-143.822987,-16.516371],[-143.817616,-16.539646]]],[[[-144.256459,-16.478123],[-144.258656,-16.457696],[-144.260854,-16.45086],[-144.291168,-16.416111],[-144.275706,-16.425551],[-144.260121,-16.442315],[-144.251332,-16.461358],[-144.256459,-16.478123]]],[[[-144.373118,-16.340427],[-144.406117,-16.329197],[-144.426015,-16.332778],[-144.43456,-16.31992],[-144.428334,-16.320571],[-144.427154,-16.322442],[-144.427724,-16.326593],[-144.412221,-16.321222],[-144.396148,-16.324477],[-144.382314,-16.332289],[-144.373118,-16.340427]]],[[[-145.482289,-16.347833],[-145.502268,-16.336602],[-145.529612,-16.279474],[-145.553131,-16.25213],[-145.576772,-16.202569],[-145.590403,-16.151625],[-145.606557,-16.129327],[-145.613881,-16.080255],[-145.610951,-16.097345],[-145.603586,-16.120294],[-145.593373,-16.140395],[-145.582183,-16.149102],[-145.577138,-16.160821],[-145.568267,-16.212579],[-145.562082,-16.224298],[-145.559193,-16.233005],[-145.517079,-16.278904],[-145.493967,-16.335219],[-145.482289,-16.347833]]],[[[-145.613881,-16.052911],[-145.708852,-16.060479],[-145.657582,-16.042576],[-145.631256,-16.038344],[-145.613881,-16.052911]]],[[[-142.529652,-16.108168],[-142.522084,-16.084161],[-142.509755,-16.059015],[-142.495269,-16.03631],[-142.481272,-16.018813],[-142.529652,-16.108168]]],[[[-140.110219,-15.977227],[-140.117177,-15.961684],[-140.143219,-15.960545],[-140.172271,-15.977227],[-140.151682,-15.957696],[-140.125478,-15.953302],[-140.107086,-15.960626],[-140.110219,-15.977227]]],[[[-145.167592,-15.950453],[-145.235911,-15.888442],[-145.21996,-15.89837],[-145.167592,-15.950453]]],[[[-145.057729,-15.902114],[-145.076487,-15.858657],[-145.129872,-15.778009],[-145.160756,-15.758071],[-145.133616,-15.763116],[-145.117543,-15.780694],[-145.092519,-15.826349],[-145.067006,-15.856378],[-145.058705,-15.875909],[-145.057729,-15.902114]]],[[[-148.045766,-14.997735],[-148.054311,-14.984633],[-148.066274,-14.971124],[-148.08434,-14.955011],[-148.110707,-14.940362],[-148.176096,-14.922052],[-148.134104,-14.925226],[-148.08906,-14.936782],[-148.055002,-14.959893],[-148.045766,-14.997735]]],[[[-148.628,-14.894708],[-148.647939,-14.871759],[-148.690663,-14.853774],[-148.667714,-14.856622],[-148.640574,-14.864923],[-148.622751,-14.877862],[-148.628,-14.894708]]],[[[-145.194936,-14.662042],[-145.205434,-14.675226],[-145.222971,-14.688409],[-145.242787,-14.698419],[-145.260406,-14.702325],[-145.263905,-14.690118],[-145.253245,-14.663181],[-145.229644,-14.620375],[-145.249827,-14.670668],[-145.254791,-14.693292],[-145.23351,-14.688246],[-145.194936,-14.662042]]],[[[-146.256907,-14.497491],[-146.245758,-14.476007],[-146.239491,-14.455824],[-146.271148,-14.435479],[-146.243276,-14.439223],[-146.23176,-14.456801],[-146.236318,-14.479181],[-146.256907,-14.497491]]],[[[-145.003082,-14.511163],[-144.954661,-14.463474],[-144.910715,-14.439548],[-144.888051,-14.418145],[-144.913197,-14.428155],[-144.955881,-14.432061],[-145.003082,-14.442966],[-144.985097,-14.432306],[-144.96231,-14.426202],[-144.917795,-14.422459],[-144.897369,-14.412286],[-144.885081,-14.407973],[-144.879628,-14.411798],[-144.880605,-14.422133],[-144.88329,-14.427423],[-144.90274,-14.442153],[-144.934967,-14.459731],[-144.944732,-14.463311],[-144.954661,-14.469822],[-144.985829,-14.500584],[-145.003082,-14.511163]]],[[[-145.846588,-14.36712],[-145.8426,-14.346612],[-145.860178,-14.344171],[-145.914296,-14.346612],[-145.858388,-14.337335],[-145.835439,-14.342706],[-145.846588,-14.36712]]],[[[-136.738759,-21.317153],[-136.740224,-21.320001],[-136.74234,-21.320082],[-136.746938,-21.316176],[-136.744781,-21.315851],[-136.740956,-21.31699],[-136.738759,-21.317153]]],[[[-139.135365,-20.799737],[-139.141469,-20.803155],[-139.144521,-20.804376],[-139.147857,-20.804946],[-139.135813,-20.799737],[-139.135365,-20.799737]]],[[[-144.106842,-16.723891],[-144.080068,-16.717218],[-144.0631,-16.730727],[-144.054067,-16.749688],[-144.050893,-16.759454],[-144.062815,-16.74863],[-144.075673,-16.730401],[-144.091135,-16.721856],[-144.110707,-16.739679],[-144.111399,-16.735284],[-144.110504,-16.731703],[-144.106842,-16.723891]]]]}},
{"type":"Feature","id":"SYC","cc":"SC","properties":{"name":"Seychelles"},"geometry":{"type":"MultiPolygon","coordinates":[[[[46.509776,-9.719985],[46.507579,-9.731866],[46.500662,-9.746515],[46.490489,-9.755548],[46.479666,-9.751072],[46.478526,-9.740411],[46.48699,-9.730157],[46.49936,-9.722752],[46.509776,-9.719985]]],[[[47.507335,-9.713067],[47.507335,-9.698175],[47.51295,-9.694431],[47.515798,-9.700128],[47.507335,-9.713067]]],[[[53.333995,-5.42018],[53.341645,-5.429946],[53.344086,-5.434747],[53.344737,-5.441013],[53.340505,-5.436212],[53.337901,-5.431248],[53.333995,-5.42018]]],[[[55.659679,-3.791111],[55.665863,-3.811782],[55.658539,-3.8117],[55.651866,-3.801202],[55.659679,-3.791111]]],[[[46.495453,-9.357599],[46.515961,-9.371759],[46.525157,-9.38128],[46.52003,-9.385512],[46.507091,-9.39072],[46.472911,-9.416436],[46.4546,-9.426446],[46.380707,-9.424574],[46.299815,-9.449314],[46.234386,-9.452325],[46.207367,-9.385512],[46.230479,-9.41367],[46.274099,-9.426365],[46.320486,-9.423761],[46.351573,-9.405938],[46.368988,-9.406834],[46.396007,-9.39837],[46.42156,-9.386895],[46.434581,-9.378106],[46.440766,-9.385512],[46.447765,-9.378106],[46.457693,-9.382989],[46.468761,-9.385512],[46.468761,-9.378106],[46.458751,-9.371677],[46.45281,-9.3624],[46.449555,-9.350844],[46.447765,-9.33766],[46.495453,-9.357599]]],[[[46.283865,-9.351332],[46.282074,-9.348077],[46.282563,-9.345798],[46.281749,-9.344496],[46.276378,-9.343927],[46.276134,-9.339288],[46.278005,-9.338474],[46.280935,-9.3388],[46.315196,-9.32643],[46.353689,-9.328871],[46.393077,-9.33587],[46.427094,-9.33766],[46.410655,-9.353285],[46.379405,-9.357029],[46.347992,-9.352634],[46.331065,-9.343927],[46.31837,-9.350844],[46.295665,-9.347589],[46.283865,-9.351332]]],[[[56.247081,-7.192641],[56.2588,-7.140232],[56.269379,-7.119806],[56.287446,-7.11004],[56.28297,-7.131931],[56.272472,-7.153578],[56.247081,-7.192641]]],[[[55.401702,-4.660534],[55.394427,-4.657864],[55.394897,-4.65386],[55.40008,-4.652941],[55.397527,-4.649841],[55.389504,-4.647288],[55.379657,-4.649476],[55.37127,-4.646924],[55.365617,-4.64273],[55.367258,-4.639265],[55.374917,-4.639995],[55.377652,-4.637806],[55.374734,-4.632701],[55.38841,-4.619572],[55.394609,-4.617019],[55.406851,-4.616065],[55.417618,-4.611384],[55.422298,-4.603427],[55.426117,-4.595473],[55.431651,-4.591567],[55.434337,-4.579522],[55.433698,-4.562545],[55.440614,-4.560511],[55.447529,-4.561121],[55.454897,-4.562234],[55.46386,-4.571384],[55.467221,-4.583427],[55.463113,-4.587908],[55.459937,-4.598546],[55.459937,-4.606479],[55.458846,-4.618115],[55.461767,-4.622548],[55.45719,-4.624],[55.456682,-4.625802],[55.464412,-4.625395],[55.475661,-4.639938],[55.497661,-4.655385],[55.516384,-4.668023],[55.528555,-4.680193],[55.521533,-4.707811],[55.525278,-4.713896],[55.528087,-4.736832],[55.519661,-4.739173],[55.516852,-4.750407],[55.525746,-4.770066],[55.527192,-4.783787],[55.53464,-4.789726],[55.537916,-4.803769],[55.519661,-4.803769],[55.504214,-4.795811],[55.491108,-4.772875],[55.486895,-4.762109],[55.478001,-4.758832],[55.47098,-4.763513],[55.46349,-4.759768],[55.468171,-4.741513],[55.484778,-4.741602],[55.491576,-4.736364],[55.485022,-4.72747],[55.480341,-4.721385],[55.481746,-4.71296],[55.478001,-4.706406],[55.468171,-4.70547],[55.458341,-4.690959],[55.448979,-4.677853],[55.435405,-4.676449],[55.418086,-4.666151],[55.409197,-4.660782],[55.401702,-4.660534]]],[[[55.260265,-4.500095],[55.241954,-4.504002],[55.228038,-4.487481],[55.221446,-4.463474],[55.225434,-4.44492],[55.242035,-4.450372],[55.259939,-4.462986],[55.269216,-4.480157],[55.260265,-4.500095]]],[[[55.717635,-4.330116],[55.704102,-4.32786],[55.692008,-4.326297],[55.684571,-4.31886],[55.683767,-4.31155],[55.677175,-4.296413],[55.690114,-4.291774],[55.69695,-4.290553],[55.704437,-4.290228],[55.718679,-4.303249],[55.732151,-4.308818],[55.74667,-4.311423],[55.754479,-4.321092],[55.764519,-4.316629],[55.777162,-4.318489],[55.787038,-4.330592],[55.770925,-4.331325],[55.768239,-4.339626],[55.767995,-4.350286],[55.759125,-4.358425],[55.746755,-4.358099],[55.732757,-4.35224],[55.723317,-4.342555],[55.717635,-4.330116]]],[[[52.741873,-6.994317],[52.747244,-7.00506],[52.743419,-7.004083],[52.742198,-7.001723],[52.742198,-6.998468],[52.741873,-6.994317]]],[[[55.382823,-5.853936],[55.381847,-5.865492],[55.380056,-5.869073],[55.379893,-5.864923],[55.382823,-5.853936]]],[[[55.3627,-4.659323],[55.366164,-4.660599],[55.37054,-4.663881],[55.373822,-4.666434],[55.372911,-4.667893],[55.369811,-4.666616],[55.364888,-4.665887],[55.36197,-4.663699],[55.360512,-4.661329],[55.3627,-4.659323]]],[[[55.398986,-4.668622],[55.401174,-4.669534],[55.404821,-4.671722],[55.406826,-4.675004],[55.405915,-4.678104],[55.405368,-4.679927],[55.404091,-4.680292],[55.40008,-4.675734],[55.397527,-4.673363],[55.397709,-4.671357],[55.396433,-4.669716],[55.397162,-4.66844],[55.398986,-4.668622]]],[[[55.501589,-4.628853],[55.504069,-4.629729],[55.506841,-4.636876],[55.50582,-4.639648],[55.502611,-4.63994],[55.498526,-4.638481],[55.495609,-4.635709],[55.491962,-4.634251],[55.49167,-4.629875],[55.493712,-4.627978],[55.497213,-4.628124],[55.499693,-4.629875],[55.501589,-4.628853]]],[[[55.504215,-4.621414],[55.505674,-4.621706],[55.508154,-4.623894],[55.511509,-4.624769],[55.512822,-4.627249],[55.511071,-4.629583],[55.508446,-4.628416],[55.50509,-4.626228],[55.50334,-4.623602],[55.504215,-4.621414]]],[[[55.497943,-4.600846],[55.499401,-4.599679],[55.503778,-4.598366],[55.508446,-4.599387],[55.51253,-4.599387],[55.514426,-4.600554],[55.51253,-4.604638],[55.509321,-4.609015],[55.502756,-4.61164],[55.498672,-4.614412],[55.496776,-4.614704],[55.496338,-4.611786],[55.497359,-4.606535],[55.496776,-4.603034],[55.497943,-4.600846]]],[[[55.712087,-4.280369],[55.715063,-4.276841],[55.722128,-4.276841],[55.738489,-4.277957],[55.742951,-4.278329],[55.741464,-4.283163],[55.732168,-4.283163],[55.733283,-4.289112],[55.732911,-4.292459],[55.72073,-4.288271],[55.712087,-4.280369]]],[[[55.663004,-4.328157],[55.66635,-4.329272],[55.665607,-4.334106],[55.660401,-4.33485],[55.660029,-4.330388],[55.663004,-4.328157]]],[[[55.647014,-4.346749],[55.648873,-4.348608],[55.651105,-4.353442],[55.64813,-4.353442],[55.643668,-4.349352],[55.647014,-4.346749]]],[[[55.666722,-4.209909],[55.670441,-4.210652],[55.675275,-4.21214],[55.671928,-4.214743],[55.664491,-4.213999],[55.659285,-4.212883],[55.660401,-4.21028],[55.666722,-4.209909]]],[[[55.831823,-4.337453],[55.844094,-4.342659],[55.850788,-4.355302],[55.857109,-4.36497],[55.850416,-4.368316],[55.844094,-4.374266],[55.841491,-4.382819],[55.834426,-4.380959],[55.825502,-4.372035],[55.823271,-4.359764],[55.828477,-4.347493],[55.831823,-4.337453]]],[[[55.868636,-4.317373],[55.873471,-4.318489],[55.883139,-4.3289],[55.884626,-4.336709],[55.878676,-4.338197],[55.873471,-4.332619],[55.866777,-4.323323],[55.868636,-4.317373]]],[[[55.866405,-4.283163],[55.869752,-4.283535],[55.870868,-4.289856],[55.873842,-4.296178],[55.870124,-4.296549],[55.866405,-4.288741],[55.866405,-4.283163]]],[[[55.919952,-4.334106],[55.924786,-4.337081],[55.92367,-4.343031],[55.922555,-4.349724],[55.918836,-4.347865],[55.917721,-4.340428],[55.919952,-4.334106]]],[[[55.940074,-4.578657],[55.944354,-4.579916],[55.949389,-4.586461],[55.950144,-4.590993],[55.944857,-4.592755],[55.939067,-4.592252],[55.933025,-4.58621],[55.932521,-4.582433],[55.935794,-4.579916],[55.940074,-4.578657]]]]}},
{"type":"Feature","id":"KIR","cc":"KI","properties":{"name":"Kiribati"},"geometry":{"type":"MultiPolygon","coordinates":[[[[173.038259,1.341051],[173.024425,1.336615],[173.018077,1.335924],[173.011241,1.337348],[173.059581,1.359768],[173.084727,1.366685],[173.151541,1.371812],[173.160655,1.374945],[173.143321,1.380316],[173.153168,1.386542],[173.164317,1.383246],[173.171723,1.374172],[173.171397,1.362372],[173.162934,1.356513],[173.150645,1.356431],[173.126475,1.36107],[173.104503,1.361965],[173.078624,1.360012],[173.054454,1.353583],[173.038259,1.341051]]],[[[-151.807729,-11.385919],[-151.797922,-11.401462],[-151.784495,-11.429376],[-151.780955,-11.454685],[-151.800893,-11.461114],[-151.812489,-11.443536],[-151.819529,-11.420994],[-151.818918,-11.399672],[-151.807729,-11.385919]]],[[[-155.899322,-5.616795],[-155.879628,-5.60947],[-155.865061,-5.615167],[-155.859812,-5.625095],[-155.867991,-5.630304],[-155.906443,-5.635349],[-155.922475,-5.629978],[-155.933461,-5.609145],[-155.923899,-5.608087],[-155.914988,-5.609063],[-155.906809,-5.611993],[-155.899322,-5.616795]]],[[[-155.011708,-4.047052],[-154.96227,-4.032159],[-154.940297,-4.031996],[-154.946604,-4.053155],[-154.953603,-4.060724],[-154.958567,-4.071222],[-154.959218,-4.083185],[-154.953359,-4.094822],[-154.964792,-4.094985],[-154.977528,-4.078709],[-154.990915,-4.074314],[-154.998484,-4.070001],[-155.010813,-4.060642],[-155.018422,-4.051202],[-155.011708,-4.047052]]],[[[-171.677805,-2.833185],[-171.707875,-2.825128],[-171.712107,-2.823012],[-171.712717,-2.822198],[-171.693186,-2.828302],[-171.664011,-2.835382],[-171.65807,-2.838556],[-171.652821,-2.843194],[-171.651601,-2.844578],[-171.633249,-2.862074],[-171.633127,-2.862074],[-171.630808,-2.858575],[-171.62975,-2.857599],[-171.628489,-2.857029],[-171.626943,-2.855727],[-171.627309,-2.851902],[-171.653879,-2.805922],[-171.666697,-2.793145],[-171.6787,-2.784926],[-171.697458,-2.775323],[-171.714589,-2.772882],[-171.721913,-2.78631],[-171.727854,-2.778416],[-171.72761,-2.771905],[-171.722768,-2.765802],[-171.715077,-2.759047],[-171.680287,-2.775811],[-171.649851,-2.797296],[-171.629628,-2.827244],[-171.625681,-2.847182],[-171.62446,-2.856134],[-171.625722,-2.86891],[-171.639353,-2.862074],[-171.648427,-2.849786],[-171.660105,-2.840509],[-171.674143,-2.834161],[-171.677805,-2.833185]]],[[[176.786143,-2.608168],[176.813162,-2.614435],[176.838227,-2.633884],[176.850922,-2.654067],[176.840668,-2.662774],[176.827322,-2.656183],[176.772309,-2.608168],[176.778982,-2.605157],[176.782237,-2.604913],[176.786143,-2.608168]]],[[[175.9817,-2.505955],[175.976817,-2.497817],[175.973155,-2.489679],[175.979991,-2.493585],[175.985118,-2.498305],[175.989268,-2.503839],[175.993175,-2.510349],[175.989431,-2.510919],[175.98699,-2.509861],[175.984711,-2.507908],[175.9817,-2.505955]]],[[[175.591482,-1.8742],[175.599946,-1.895115],[175.586274,-1.922459],[175.583263,-1.911065],[175.586274,-1.870782],[175.576182,-1.856052],[175.559093,-1.832289],[175.552257,-1.819268],[175.559581,-1.826104],[175.591482,-1.8742]]],[[[175.058767,-1.436293],[175.066661,-1.461033],[175.068614,-1.497003],[175.060557,-1.531671],[175.038259,-1.552423],[175.012543,-1.549249],[175.008474,-1.526788],[175.020844,-1.499933],[175.045095,-1.484145],[175.045095,-1.490981],[175.036143,-1.497166],[175.02589,-1.507257],[175.018565,-1.519627],[175.018321,-1.531915],[175.028005,-1.541192],[175.037852,-1.535252],[175.045665,-1.524184],[175.048839,-1.518243],[175.058279,-1.506768],[175.058849,-1.480564],[175.051768,-1.452732],[175.038259,-1.436293],[175.045095,-1.428888],[175.048106,-1.432794],[175.051117,-1.434503],[175.058767,-1.436293]]],[[[176.409353,-1.332696],[176.426443,-1.347101],[176.444835,-1.373793],[176.459321,-1.405857],[176.464041,-1.436293],[176.44988,-1.425388],[176.442149,-1.408787],[176.436778,-1.390395],[176.429861,-1.374282],[176.41033,-1.350356],[176.401134,-1.336358],[176.395681,-1.319594],[176.402354,-1.320489],[176.405447,-1.3235],[176.409353,-1.332696]]],[[[176.009288,-1.334242],[176.023448,-1.362888],[176.018321,-1.387872],[176.011974,-1.38128],[176.002778,-1.375584],[175.983572,-1.367446],[175.983572,-1.36061],[175.993175,-1.362563],[176.018321,-1.374282],[176.014903,-1.356541],[176.006358,-1.342706],[175.983572,-1.319594],[175.965831,-1.29518],[175.955903,-1.286554],[175.943126,-1.284845],[175.944347,-1.289321],[175.945567,-1.292169],[175.949392,-1.298517],[175.937022,-1.293064],[175.942149,-1.284845],[175.958018,-1.280206],[175.977306,-1.284845],[175.989268,-1.306817],[176.009288,-1.334242]]],[[[174.765147,-1.202895],[174.772716,-1.247735],[174.778819,-1.264418],[174.75587,-1.257501],[174.748302,-1.237481],[174.750743,-1.199477],[174.746755,-1.185968],[174.716645,-1.134698],[174.725352,-1.135512],[174.731619,-1.137953],[174.737478,-1.142267],[174.743988,-1.14837],[174.747569,-1.166111],[174.765147,-1.202895]]],[[[174.476573,-0.709568],[174.47934,-0.720392],[174.490733,-0.747166],[174.498383,-0.789158],[174.497976,-0.795831],[174.497895,-0.796482],[174.497325,-0.805108],[174.483409,-0.819431],[174.473888,-0.812758],[174.469737,-0.806736],[174.472341,-0.801853],[174.483409,-0.798923],[174.48113,-0.80462],[174.480805,-0.805759],[174.481944,-0.806817],[174.483409,-0.812595],[174.497569,-0.796889],[174.497732,-0.796319],[174.497732,-0.794773],[174.493907,-0.775486],[174.476573,-0.74033],[174.462901,-0.648126],[174.476573,-0.669122],[174.476573,-0.709568]]],[[[174.438731,-0.627618],[174.447113,-0.630792],[174.458669,-0.637872],[174.463634,-0.644789],[174.452647,-0.648126],[174.437185,-0.640802],[174.391612,-0.605645],[174.38087,-0.592869],[174.393891,-0.592869],[174.402599,-0.602227],[174.429942,-0.623468],[174.438731,-0.627618]]],[[[173.620616,0.133368],[173.609874,0.143052],[173.614513,0.155097],[173.634125,0.174018],[173.638357,0.195217],[173.6338,0.200873],[173.623302,0.207994],[173.606212,0.215969],[173.628673,0.219143],[173.636485,0.216742],[173.641124,0.208441],[173.641368,0.200019],[173.640798,0.192125],[173.637543,0.1765],[173.620616,0.133368]]],[[[173.832286,0.448676],[173.89088,0.418402],[173.917247,0.399482],[173.921641,0.379788],[173.867686,0.419582],[173.832042,0.436347],[173.804942,0.434394],[173.808767,0.441596],[173.813243,0.446926],[173.818614,0.451321],[173.82545,0.455512],[173.832286,0.448676]]],[[[172.987153,0.832343],[172.988943,0.833197],[172.990245,0.83397],[172.990001,0.830268],[172.989757,0.82803],[172.990001,0.825426],[172.986339,0.829169],[172.983409,0.831285],[172.987153,0.832343]]],[[[172.977794,0.83633],[172.979503,0.834215],[172.982432,0.831163],[172.97934,0.830756],[172.975352,0.831692],[172.972179,0.83454],[172.969412,0.839667],[172.975759,0.839667],[172.977794,0.83633]]],[[[173.075938,0.965888],[173.079926,0.960395],[173.079275,0.945217],[173.061209,0.914211],[173.049815,0.904202],[173.011241,0.854153],[172.990977,0.834418],[172.996593,0.845038],[173.013682,0.860338],[173.022716,0.882717],[173.046641,0.901516],[173.055919,0.92772],[173.064138,0.9383],[173.0713,0.949897],[173.071788,0.962592],[173.062266,0.975165],[173.044932,0.987779],[173.025564,0.998033],[173.009776,1.003607],[173.009532,1.00023],[173.009776,0.989936],[173.003673,0.989936],[173.003429,1.00141],[173.000499,1.010647],[172.995616,1.018052],[172.990001,1.024075],[173.003673,1.024075],[173.014659,1.008857],[173.064952,0.976264],[173.075938,0.965888]]],[[[172.983165,1.531195],[172.978282,1.531195],[172.975352,1.532945],[172.972992,1.53559],[172.969412,1.537991],[172.963145,1.560248],[172.959158,1.609687],[172.948985,1.627346],[172.962901,1.620592],[172.972341,1.590237],[172.983165,1.531195]]],[[[173.036143,1.777167],[173.038341,1.742377],[173.029307,1.716295],[173.003673,1.709296],[172.996349,1.710679],[172.993175,1.712063],[172.990001,1.715522],[173.023774,1.721096],[173.035492,1.743557],[173.033376,1.774319],[173.024669,1.804877],[173.02589,1.806138],[173.026622,1.807522],[173.02711,1.808905],[173.027354,1.810452],[173.036143,1.777167]]],[[[172.980317,1.882025],[173.020274,1.82807],[173.023448,1.821438],[172.975759,1.873765],[172.961436,1.899644],[172.955089,1.907945],[172.938487,1.923163],[172.933604,1.931464],[172.934744,1.942694],[172.941742,1.926947],[172.969412,1.90705],[172.975759,1.89765],[172.980317,1.882025]]],[[[-157.190989,1.763902],[-157.179392,1.753892],[-157.174631,1.733791],[-157.178782,1.718492],[-157.194081,1.722968],[-157.203074,1.717475],[-157.213246,1.712795],[-157.22411,1.709703],[-157.235056,1.709296],[-157.246409,1.713324],[-157.254628,1.720282],[-157.260854,1.726874],[-157.271189,1.732978],[-157.281565,1.747056],[-157.286855,1.75023],[-157.309275,1.751899],[-157.410593,1.781928],[-157.448964,1.800238],[-157.482655,1.825385],[-157.508616,1.849595],[-157.528269,1.862494],[-157.537302,1.856676],[-157.546824,1.856431],[-157.566029,1.863756],[-157.581166,1.880316],[-157.578236,1.907945],[-157.572336,1.912787],[-157.543528,1.929023],[-157.530141,1.930569],[-157.52123,1.92768],[-157.517568,1.923651],[-157.519887,1.921576],[-157.532826,1.916083],[-157.545359,1.90233],[-157.549509,1.884467],[-157.537302,1.86636],[-157.526926,1.864814],[-157.513051,1.866604],[-157.500925,1.865871],[-157.495717,1.856676],[-157.490671,1.850165],[-157.478831,1.847968],[-157.454783,1.847073],[-157.434682,1.838528],[-157.428538,1.838568],[-157.437367,1.850165],[-157.447947,1.857489],[-157.458608,1.862128],[-157.468088,1.868354],[-157.475209,1.880601],[-157.462351,1.876288],[-157.45165,1.87641],[-157.44579,1.883734],[-157.447336,1.901109],[-157.436594,1.893866],[-157.432485,1.883734],[-157.430002,1.872789],[-157.423695,1.863227],[-157.411977,1.858466],[-157.407948,1.866156],[-157.410024,1.879381],[-157.424428,1.901842],[-157.426381,1.912055],[-157.424387,1.92121],[-157.419993,1.929023],[-157.408315,1.921454],[-157.403147,1.924221],[-157.406321,1.942694],[-157.394724,1.935736],[-157.393992,1.926744],[-157.395863,1.916978],[-157.392079,1.907945],[-157.382069,1.902167],[-157.377187,1.90526],[-157.373972,1.911363],[-157.36384,1.917385],[-157.358469,1.923896],[-157.354115,1.93183],[-157.352366,1.938951],[-157.355051,1.947659],[-157.361684,1.951483],[-157.379628,1.955715],[-157.408884,1.969306],[-157.445302,1.994371],[-157.451039,1.997301],[-157.455393,2.002997],[-157.466298,2.013332],[-157.477528,2.018134],[-157.482655,2.007229],[-157.487904,2.000556],[-157.498891,2.002183],[-157.508412,2.010688],[-157.509389,2.024604],[-157.496287,2.03441],[-157.474599,2.033352],[-157.423818,2.020453],[-157.385854,1.990465],[-157.321848,1.972113],[-157.310129,1.97309],[-157.311391,1.962592],[-157.315053,1.952786],[-157.320668,1.945502],[-157.336171,1.939114],[-157.340443,1.930243],[-157.344919,1.907945],[-157.347727,1.860785],[-157.325429,1.835842],[-157.289784,1.818752],[-157.252431,1.795315],[-157.238393,1.783637],[-157.222971,1.773586],[-157.206899,1.766547],[-157.190989,1.763902]]],[[[172.750336,3.031968],[172.771495,3.023871],[172.788259,3.029039],[172.802257,3.041693],[172.814626,3.05622],[172.829112,3.064276],[172.868012,3.067776],[172.886974,3.072943],[172.886892,3.066392],[172.885753,3.061916],[172.880138,3.052476],[172.844412,3.059801],[172.812266,3.040473],[172.786469,3.016913],[172.770274,3.011461],[172.763357,3.014594],[172.757579,3.019029],[172.753429,3.024807],[172.750336,3.031968]]],[[[172.962087,3.141832],[172.967052,3.135403],[172.968272,3.132392],[172.969412,3.12816],[172.947032,3.123033],[172.89975,3.100246],[172.886974,3.100246],[172.944184,3.127387],[172.962087,3.141832]]],[[[-159.284535,3.874823],[-159.277903,3.866441],[-159.266428,3.845364],[-159.253285,3.828681],[-159.249989,3.81977],[-159.252634,3.810045],[-159.263417,3.79914],[-159.283762,3.790188],[-159.308705,3.784654],[-159.333445,3.786444],[-159.352854,3.79914],[-159.360789,3.819403],[-159.342763,3.819566],[-159.294789,3.805976],[-159.285227,3.811428],[-159.283884,3.82392],[-159.28718,3.837836],[-159.291371,3.847602],[-159.299672,3.854641],[-159.325144,3.865302],[-159.335439,3.871487],[-159.34203,3.881496],[-159.347849,3.902777],[-159.352854,3.909003],[-159.36616,3.911444],[-159.378245,3.907172],[-159.387888,3.898749],[-159.393788,3.888577],[-159.367136,3.840155],[-159.410024,3.862047],[-159.406321,3.902574],[-159.37682,3.933295],[-159.342275,3.925767],[-159.33137,3.910712],[-159.326772,3.90119],[-159.3249,3.891669],[-159.319895,3.879096],[-159.308095,3.876451],[-159.294667,3.877265],[-159.284535,3.874823]]],[[[-172.222768,-4.50628],[-172.214711,-4.517348],[-172.202016,-4.520685],[-172.187693,-4.518487],[-172.174387,-4.513116],[-172.20344,-4.532159],[-172.227162,-4.518731],[-172.229604,-4.497328],[-172.20047,-4.493422],[-172.201609,-4.49627],[-172.201039,-4.500095],[-172.206858,-4.501072],[-172.222768,-4.50628]]],[[[-174.506418,-4.689142],[-174.500681,-4.694268],[-174.501536,-4.697361],[-174.512156,-4.69199],[-174.521555,-4.683852],[-174.516713,-4.684259],[-174.506418,-4.689142]]],[[[-174.529286,-4.682712],[-174.527903,-4.683526],[-174.527659,-4.683852],[-174.533884,-4.680759],[-174.541737,-4.672784],[-174.54011,-4.672052],[-174.535878,-4.677504],[-174.529286,-4.682712]]],[[[-174.500844,-4.691095],[-174.513987,-4.676202],[-174.528269,-4.667413],[-174.538075,-4.665216],[-174.543406,-4.660252],[-174.538401,-4.656508],[-174.524403,-4.664483],[-174.501536,-4.687677],[-174.500844,-4.691095]]],[[[-171.259958,-4.444106],[-171.244985,-4.441339],[-171.233876,-4.448989],[-171.230051,-4.460545],[-171.236521,-4.46852],[-171.249582,-4.469822],[-171.259633,-4.465265],[-171.264027,-4.456313],[-171.259958,-4.444106]]],[[[-171.093577,-3.131443],[-171.090037,-3.120864],[-171.085439,-3.111261],[-171.083119,-3.129978],[-171.08727,-3.143162],[-171.092478,-3.14544],[-171.093577,-3.131443]]],[[[169.53891,-0.874607],[169.535492,-0.872003],[169.533702,-0.871515],[169.530284,-0.871515],[169.527599,-0.872491],[169.525076,-0.870864],[169.523204,-0.868259],[169.522146,-0.865004],[169.522634,-0.860528],[169.52296,-0.859308],[169.523774,-0.856622],[169.52475,-0.854669],[169.525076,-0.853774],[169.527599,-0.850844],[169.532481,-0.849542],[169.536388,-0.847914],[169.540701,-0.847914],[169.545177,-0.847914],[169.549083,-0.851821],[169.552257,-0.854181],[169.554454,-0.856052],[169.555919,-0.859145],[169.555919,-0.859796],[169.555675,-0.860772],[169.555349,-0.863377],[169.555349,-0.866143],[169.554454,-0.869317],[169.553477,-0.872247],[169.552501,-0.873793],[169.550548,-0.875584],[169.548106,-0.876886],[169.545258,-0.877211],[169.543142,-0.878025],[169.54127,-0.877618],[169.54005,-0.876642],[169.53891,-0.874607]]],[[[173.289724,2.03384],[173.28712,2.03856],[173.284679,2.040269],[173.281586,2.041815],[173.277029,2.044379],[173.270518,2.045559],[173.266124,2.04385],[173.264659,2.03677],[173.266938,2.020413],[173.268565,2.01142],[173.266775,2.004299],[173.262706,1.997463],[173.257823,1.997016],[173.258067,1.997626],[173.259288,2.000881],[173.260265,2.007229],[173.260509,2.012844],[173.26002,2.018785],[173.257498,2.028469],[173.258067,2.034003],[173.259613,2.043402],[173.262055,2.049872],[173.264659,2.055162],[173.268565,2.059312],[173.273611,2.059556],[173.278005,2.058661],[173.282888,2.056342],[173.289073,2.05036],[173.293468,2.043443],[173.293712,2.042304],[173.295909,2.033637],[173.29835,2.013983],[173.305431,1.993313],[173.309418,1.98432],[173.312511,1.982082],[173.315684,1.979967],[173.31837,1.976996],[173.318044,1.974026],[173.317882,1.970771],[173.315929,1.96776],[173.312999,1.965522],[173.31072,1.964179],[173.308849,1.963121],[173.304454,1.961575],[173.297374,1.961575],[173.284841,1.963772],[173.269216,1.967719],[173.260265,1.971137],[173.257498,1.974595],[173.25587,1.985663],[173.256196,1.989976],[173.258474,1.992825],[173.261485,1.993232],[173.263031,1.9914],[173.263927,1.988471],[173.26352,1.983588],[173.263927,1.978013],[173.271658,1.97484],[173.289317,1.970038],[173.293712,1.969143],[173.301524,1.968695],[173.304698,1.96955],[173.305919,1.969875],[173.307872,1.973293],[173.306814,1.976467],[173.305919,1.980699],[173.300792,1.985663],[173.297374,1.989895],[173.297618,1.991441],[173.296723,1.99372],[173.296153,1.997016],[173.293712,2.005439],[173.291515,2.015123],[173.29184,2.019477],[173.291515,2.026679],[173.289724,2.03384]]],[[[-160.41039,4.709174],[-160.416615,4.717108],[-160.411814,4.721625],[-160.401194,4.72309],[-160.390004,4.721015],[-160.378896,4.713284],[-160.382761,4.706977],[-160.395375,4.704779],[-160.41039,4.709174]]]]}},
{"type":"Feature","id":"MHL","cc":"MH","properties":{"name":"Marshall Islands"},"geometry":{"type":"MultiPolygon","coordinates":[[[[168.101085,5.599311],[168.101329,5.599595],[168.10727,5.597235],[168.115245,5.595404],[168.121104,5.597357],[168.125662,5.605699],[168.127615,5.614244],[168.127289,5.622789],[168.124522,5.631049],[168.132009,5.618557],[168.12794,5.60163],[168.116222,5.591376],[168.101085,5.599311]]],[[[171.72462,6.101711],[171.728526,6.097642],[171.732432,6.092108],[171.743175,6.083197],[171.745128,6.079128],[171.738455,6.079169],[171.728201,6.079291],[171.72283,6.083441],[171.72169,6.090969],[171.72462,6.101711]]],[[[171.909679,7.098782],[171.917735,7.105129],[171.921886,7.111762],[171.921235,7.118476],[171.915375,7.125149],[171.928884,7.118313],[171.923839,7.104397],[171.908946,7.092271],[171.8921,7.090806],[171.896007,7.093899],[171.900238,7.095771],[171.909679,7.098782]]],[[[168.685395,4.573798],[168.735037,4.590522],[168.744314,4.598619],[168.768077,4.629055],[168.758474,4.604641],[168.741384,4.585842],[168.716807,4.574774],[168.685395,4.573798]]],[[[169.590343,5.80093],[169.610118,5.811916],[169.617524,5.818264],[169.623546,5.827297],[169.629649,5.840155],[169.638682,5.870347],[169.645193,5.917141],[169.655528,5.942857],[169.676036,5.961005],[169.700206,5.97602],[169.718598,5.993109],[169.734548,6.013129],[169.721446,5.97663],[169.665212,5.938788],[169.652517,5.899848],[169.647797,5.870022],[169.63502,5.829047],[169.615245,5.798774],[169.590343,5.80093]]],[[[172.029796,6.054145],[172.008311,6.05622],[171.984141,6.051703],[171.962413,6.051825],[171.948416,6.067776],[171.950531,6.066596],[171.956798,6.064154],[171.966482,6.061998],[171.996104,6.060981],[172.029796,6.054145]]],[[[171.756684,6.972113],[171.730317,6.975572],[171.688731,7.006578],[171.660411,7.013088],[171.613943,7.00609],[171.592621,7.015286],[171.577322,7.047187],[171.58725,7.034084],[171.597992,7.024726],[171.611176,7.019924],[171.676117,7.022854],[171.689464,7.019924],[171.73406,6.984687],[171.756684,6.972113]]],[[[171.393565,7.109931],[171.366873,7.094468],[171.293468,7.083686],[171.263194,7.067694],[171.235199,7.067694],[171.202159,7.072455],[171.060883,7.135403],[171.035655,7.155097],[171.050304,7.170722],[171.050548,7.161038],[171.052257,7.154853],[171.05714,7.143459],[171.22641,7.075751],[171.237478,7.075914],[171.263357,7.080797],[171.284841,7.088324],[171.393565,7.109931]]],[[[168.757823,7.307929],[168.830089,7.307929],[168.815278,7.292467],[168.791515,7.293402],[168.746104,7.304185],[168.695811,7.313381],[168.675059,7.320868],[168.67921,7.335191],[168.694021,7.321763],[168.716319,7.315375],[168.738292,7.309068],[168.757823,7.307929]]],[[[168.576834,7.40412],[168.563975,7.412746],[168.555186,7.430325],[168.553722,7.449856],[168.562511,7.464342],[168.566417,7.450995],[168.57252,7.417792],[168.576834,7.40412]]],[[[166.904145,11.172919],[166.894216,11.155178],[166.875255,11.144965],[166.853363,11.145413],[166.835785,11.159247],[166.871837,11.162299],[166.904145,11.172919]]],[[[169.114513,5.638129],[169.116466,5.649237],[169.120616,5.647406],[169.114513,5.638129]]],[[[171.792247,7.054999],[171.794444,7.057766],[171.795909,7.060207],[171.797862,7.061916],[171.800955,7.06269],[171.794444,7.04975],[171.785981,7.038235],[171.77589,7.028144],[171.764171,7.019517],[171.770193,7.028876],[171.792247,7.054999]]],[[[168.965587,7.574652],[168.967621,7.580634],[168.96811,7.584499],[168.962087,7.591702],[168.951345,7.595689],[168.938487,7.596381],[168.944102,7.59809],[168.951834,7.599189],[168.959646,7.598578],[168.965587,7.595364],[168.969249,7.586737],[168.969737,7.583889],[168.969249,7.578681],[168.968598,7.571234],[168.965587,7.574652]]],[[[167.401703,8.317816],[167.407725,8.307278],[167.399669,8.310777],[167.401703,8.317816]]],[[[167.731619,8.724595],[167.730724,8.730373],[167.730317,8.735256],[167.733084,8.739691],[167.740245,8.743842],[167.741547,8.737698],[167.740001,8.733222],[167.731619,8.724595]]],[[[170.851736,8.897773],[170.844737,8.886501],[170.839122,8.88817],[170.838552,8.888373],[170.837901,8.888658],[170.837413,8.889065],[170.837169,8.889594],[170.841319,8.898586],[170.844574,8.900784],[170.850108,8.901435],[170.851736,8.897773]]],[[[170.240245,9.449774],[170.23878,9.466702],[170.243907,9.466376],[170.247081,9.45775],[170.240245,9.449774]]],[[[170.874685,10.274604],[170.874522,10.286607],[170.878591,10.287177],[170.878754,10.275092],[170.874685,10.274604]]],[[[165.540212,11.633775],[165.542817,11.633002],[165.546886,11.631008],[165.550629,11.626939],[165.553722,11.619818],[165.540212,11.633775]]],[[[165.282237,11.695787],[165.282237,11.708441],[165.286794,11.710883],[165.28891,11.705959],[165.282237,11.695787]]],[[[169.010753,14.610175],[169.013682,14.6105],[169.007335,14.602769],[168.996918,14.593085],[168.987315,14.586859],[168.998302,14.599026],[169.010753,14.610175]]]]}},
{"type":"Feature","id":"GRD","cc":"GD","properties":{"name":"Grenada"},"geometry":{"type":"MultiPolygon","coordinates":[[[[-61.612945,12.214423],[-61.604563,12.197455],[-61.602773,12.182929],[-61.606313,12.133775],[-61.608713,12.126776],[-61.613108,12.119859],[-61.619781,12.10456],[-61.619456,12.096747],[-61.61384,12.08039],[-61.616363,12.077297],[-61.621571,12.074937],[-61.624501,12.069037],[-61.625722,12.061225],[-61.626047,12.053046],[-61.631581,12.044094],[-61.674428,12.02204],[-61.674428,12.029486],[-61.682973,12.025377],[-61.689361,12.019761],[-61.69343,12.012274],[-61.694936,12.002834],[-61.704254,12.004543],[-61.713246,12.00727],[-61.72175,12.011054],[-61.729644,12.015815],[-61.73998,12.006903],[-61.756947,12.003404],[-61.775543,12.00434],[-61.790517,12.008368],[-61.755849,12.03026],[-61.749501,12.036322],[-61.745961,12.05093],[-61.74885,12.062649],[-61.753774,12.074164],[-61.756418,12.087836],[-61.751047,12.110093],[-61.730295,12.149319],[-61.729644,12.166653],[-61.671457,12.23607],[-61.650502,12.239732],[-61.627675,12.236721],[-61.606028,12.223375],[-61.606679,12.220282],[-61.612945,12.214423]]],[[[-61.428049,12.454657],[-61.445668,12.459784],[-61.462554,12.455146],[-61.479237,12.446723],[-61.496246,12.440375],[-61.492787,12.446479],[-61.486073,12.462226],[-61.482655,12.468329],[-61.485748,12.468817],[-61.496246,12.468329],[-61.494781,12.472317],[-61.488881,12.482001],[-61.467275,12.475572],[-61.454335,12.492825],[-61.443471,12.516547],[-61.428049,12.529731],[-61.42162,12.513373],[-61.423329,12.495185],[-61.427398,12.475409],[-61.428049,12.454657]]]]}},
{"type":"Feature","id":"VCT","cc":"VC","properties":{"name":"Saint Vincent and the Grenadines"},"geometry":{"type":"MultiPolygon","coordinates":[[[[-61.194,13.036851],[-61.208323,13.023261],[-61.22643,12.99315],[-61.242421,12.982245],[-61.234975,12.982245],[-61.242421,12.974799],[-61.247548,12.982123],[-61.255483,12.986721],[-61.265614,12.988715],[-61.277211,12.988471],[-61.277211,12.995917],[-61.262318,12.99136],[-61.239613,12.995795],[-61.239573,13.003852],[-61.246205,13.011217],[-61.249257,13.016343],[-61.240956,13.024237],[-61.213124,13.041815],[-61.201487,13.051174],[-61.200063,13.047309],[-61.199615,13.043687],[-61.198232,13.040229],[-61.194,13.036851]]],[[[-61.167348,13.146064],[-61.185211,13.132514],[-61.210194,13.144192],[-61.271352,13.18651],[-61.279368,13.215888],[-61.276682,13.249905],[-61.262929,13.276435],[-61.265533,13.280219],[-61.270375,13.290107],[-61.243398,13.294379],[-61.231842,13.316962],[-61.224965,13.345771],[-61.212026,13.368883],[-61.199127,13.377021],[-61.187123,13.380439],[-61.176381,13.380764],[-61.151235,13.376776],[-61.144032,13.374091],[-61.140045,13.367377],[-61.133778,13.352769],[-61.123931,13.308254],[-61.12442,13.246975],[-61.13801,13.186916],[-61.167348,13.146064]]],[[[-61.441396,12.607896],[-61.429351,12.600491],[-61.426625,12.591864],[-61.432729,12.587836],[-61.443227,12.58515],[-61.455922,12.586086],[-61.459828,12.591457],[-61.455678,12.596584],[-61.454661,12.600775],[-61.456776,12.604438],[-61.455556,12.607082],[-61.448313,12.609931],[-61.441396,12.607896]]],[[[-61.319407,12.733791],[-61.316314,12.730048],[-61.314361,12.720893],[-61.319692,12.713935],[-61.32551,12.708197],[-61.328359,12.699449],[-61.333892,12.69359],[-61.344106,12.693061],[-61.353098,12.696479],[-61.350657,12.69953],[-61.339263,12.701972],[-61.333974,12.708564],[-61.335846,12.717434],[-61.335357,12.7272],[-61.326324,12.73314],[-61.319407,12.733791]]],[[[-61.191762,12.868232],[-61.183176,12.88349],[-61.174957,12.881781],[-61.183583,12.862006],[-61.187611,12.856391],[-61.190826,12.855862],[-61.191762,12.868232]]]]}},
{"type":"Feature","id":"BRB","cc":"BB","properties":{"name":"Barbados"},"geometry":{"type":"Polygon","coordinates":[[[-59.42691,13.160386],[-59.430043,13.125922],[-59.455719,13.100043],[-59.475779,13.086493],[-59.487538,13.078559],[-59.50886,13.057318],[-59.516713,13.056383],[-59.523101,13.056464],[-59.529286,13.055406],[-59.536122,13.051174],[-59.545969,13.067694],[-59.564443,13.07803],[-59.586903,13.083197],[-59.60025,13.084133],[-59.608144,13.084662],[-59.621571,13.09398],[-59.633127,13.115912],[-59.646067,13.160386],[-59.654205,13.295111],[-59.652211,13.310614],[-59.645131,13.323717],[-59.63093,13.337958],[-59.612864,13.34455],[-59.594472,13.334784],[-59.580719,13.314521],[-59.575917,13.304389],[-59.568959,13.289659],[-59.549794,13.249172],[-59.53661,13.231391],[-59.518056,13.217515],[-59.491811,13.197943],[-59.476674,13.189399],[-59.457102,13.183173],[-59.438629,13.174872],[-59.42691,13.160386]]]}},
{"type":"Feature","id":"LCA","cc":"LC","properties":{"name":"Saint Lucia"},"geometry":{"type":"Polygon","coordinates":[[[-60.88679,14.010077],[-60.882965,13.980618],[-60.883046,13.954413],[-60.89509,13.877346],[-60.892201,13.833197],[-60.904612,13.784247],[-60.907297,13.77733],[-60.910308,13.776109],[-60.922841,13.772691],[-60.927113,13.769924],[-60.931752,13.760321],[-60.940785,13.722113],[-60.947011,13.716295],[-60.950103,13.714667],[-60.955068,13.714667],[-60.973378,13.739],[-61.048166,13.76732],[-61.064931,13.786933],[-61.068105,13.792182],[-61.074208,13.798733],[-61.078114,13.806301],[-61.071156,13.821967],[-61.070058,13.832099],[-61.071156,13.851793],[-61.072743,13.858222],[-61.075592,13.863267],[-61.078114,13.869615],[-61.078521,13.879788],[-61.075917,13.890367],[-61.066884,13.909003],[-61.064931,13.917304],[-61.059478,13.93122],[-61.035553,13.964911],[-61.026601,13.987372],[-61.002268,14.023139],[-60.99706,14.027167],[-60.987294,14.032538],[-60.98233,14.03734],[-60.97997,14.043524],[-60.976064,14.061184],[-60.972076,14.068101],[-60.947621,14.102281],[-60.933461,14.111884],[-60.914133,14.105699],[-60.918609,14.088446],[-60.911936,14.079495],[-60.901031,14.073391],[-60.892974,14.064683],[-60.890207,14.052232],[-60.88679,14.010077]]]}},
{"type":"Feature","id":"DMA","cc":"DM","properties":{"name":"Dominica"},"geometry":{"type":"Polygon","coordinates":[[[-61.362864,15.201809],[-61.374094,15.20482],[-61.376129,15.212836],[-61.372792,15.237209],[-61.37328,15.266425],[-61.372792,15.270697],[-61.378285,15.28205],[-61.39094,15.296291],[-61.393219,15.308295],[-61.395009,15.333075],[-61.399566,15.351142],[-61.413726,15.380561],[-61.415679,15.387641],[-61.41808,15.405951],[-61.421213,15.41474],[-61.444203,15.436835],[-61.447865,15.445136],[-61.449778,15.454657],[-61.454254,15.46483],[-61.460032,15.472886],[-61.465566,15.476142],[-61.472076,15.481391],[-61.474273,15.493476],[-61.475209,15.517768],[-61.47936,15.525458],[-61.484853,15.530341],[-61.488922,15.535712],[-61.488881,15.545071],[-61.483998,15.551581],[-61.467275,15.562974],[-61.462148,15.572984],[-61.469065,15.574286],[-61.481191,15.578559],[-61.488881,15.57925],[-61.480621,15.59101],[-61.468984,15.633857],[-61.449208,15.633083],[-61.437245,15.632636],[-61.425933,15.628485],[-61.413726,15.619574],[-61.397572,15.596625],[-61.384633,15.588365],[-61.36974,15.595933],[-61.35733,15.598293],[-61.307688,15.57925],[-61.305898,15.572455],[-61.29955,15.557196],[-61.289622,15.540961],[-61.284047,15.531399],[-61.268625,15.509914],[-61.267161,15.507799],[-61.25768,15.472602],[-61.256012,15.43594],[-61.262929,15.407904],[-61.258372,15.406317],[-61.254221,15.402981],[-61.249257,15.401068],[-61.255523,15.364569],[-61.254058,15.332668],[-61.253733,15.324693],[-61.256663,15.285346],[-61.277211,15.25023],[-61.284413,15.244818],[-61.289296,15.243598],[-61.293202,15.243883],[-61.303375,15.24258],[-61.311879,15.244534],[-61.318186,15.243394],[-61.323598,15.238593],[-61.328725,15.225572],[-61.342681,15.219672],[-61.345937,15.212348],[-61.346384,15.211697],[-61.350738,15.205146],[-61.362864,15.201809]]]}},
{"type":"Feature","id":"UMI","cc":"UM","properties":{"name":"United States (US) Minor Outlying Islands"},"geometry":{"type":"MultiPolygon","coordinates":[[[[-169.530263,16.760199],[-169.520823,16.7626],[-169.517405,16.762437],[-169.523508,16.75849],[-169.528391,16.756049],[-169.533274,16.754788],[-169.539174,16.754462],[-169.537221,16.756496],[-169.532582,16.75849],[-169.530263,16.760199]]],[[[-160.029978,-0.376153],[-160.008901,-0.372491],[-160.012441,-0.382094],[-160.02477,-0.388767],[-160.029978,-0.376153]]],[[[-176.485829,0.196519],[-176.482126,0.196682],[-176.479115,0.197903],[-176.476877,0.197455],[-176.47529,0.193101],[-176.479319,0.190334],[-176.481272,0.191474],[-176.4829,0.194322],[-176.485829,0.196519]]],[[[-176.459543,0.225898],[-176.459177,0.219224],[-176.463938,0.221869],[-176.459543,0.225898]]],[[[-176.636179,0.790188],[-176.640492,0.801988],[-176.640045,0.803534],[-176.639638,0.804958],[-176.639027,0.806952],[-176.636098,0.803412],[-176.636179,0.790188]]],[[[166.619395,19.281643],[166.629731,19.282416],[166.638194,19.286444],[166.64088,19.294013],[166.634776,19.305732],[166.648123,19.297756],[166.652354,19.284247],[166.644216,19.27558],[166.619395,19.281643]]],[[[-177.328928,28.211086],[-177.322865,28.207668],[-177.321156,28.205878],[-177.3249,28.204983],[-177.335276,28.204291],[-177.328928,28.211086]]],[[[-177.357655,28.214423],[-177.364451,28.207587],[-177.372182,28.202338],[-177.380727,28.19892],[-177.389597,28.197659],[-177.385243,28.206977],[-177.378,28.212836],[-177.368642,28.215318],[-177.357655,28.214423]]],[[[-169.532338,16.733059],[-169.52241,16.732164],[-169.541697,16.72191],[-169.547353,16.721015],[-169.549509,16.723456],[-169.547678,16.727362],[-169.532338,16.733059]]],[[[-169.513661,16.743964],[-169.513661,16.745592],[-169.512766,16.74433],[-169.513661,16.743964]]],[[[-75.024322,18.417263],[-75.021067,18.415635],[-75.010732,18.415635],[-75.010243,18.415147],[-75.006988,18.415147],[-75.003733,18.410793],[-75.002634,18.410224],[-75.002634,18.40644],[-75.002634,18.404771],[-75.003163,18.403713],[-75.003163,18.397732],[-75.00532,18.396104],[-75.006988,18.396104],[-75.008046,18.395006],[-75.010732,18.395006],[-75.01183,18.396104],[-75.015085,18.396104],[-75.016184,18.396674],[-75.017812,18.396674],[-75.01891,18.397732],[-75.01891,18.39883],[-75.020497,18.400417],[-75.020497,18.402615],[-75.023752,18.40644],[-75.023752,18.406968],[-75.02595,18.408026],[-75.030832,18.413479],[-75.030263,18.417263],[-75.024322,18.417263]]],[[[-162.060862,5.887193],[-162.057607,5.882473],[-162.061106,5.87344],[-162.073069,5.869371],[-162.091135,5.871649],[-162.09435,5.875352],[-162.090769,5.874823],[-162.087066,5.878241],[-162.075063,5.885525],[-162.078196,5.885403],[-162.082712,5.884182],[-162.08731,5.883857],[-162.093861,5.88581],[-162.10029,5.88642],[-162.103627,5.888577],[-162.101715,5.890245],[-162.07136,5.890163],[-162.060862,5.887193]]],[[[-162.400177,6.445136],[-162.385284,6.445136],[-162.385284,6.430243],[-162.400177,6.430243],[-162.400177,6.445136]]]]}},
{"type":"Feature","id":"MSR","cc":"MS","properties":{"name":"Montserrat"},"geometry":{"type":"Polygon","coordinates":[[[-62.147369,16.744289],[-62.147694,16.737047],[-62.151763,16.724514],[-62.150787,16.720364],[-62.147572,16.715888],[-62.14391,16.70897],[-62.141184,16.70185],[-62.140533,16.696479],[-62.144032,16.688218],[-62.14977,16.681789],[-62.157826,16.677314],[-62.167877,16.67536],[-62.218861,16.688707],[-62.230133,16.727607],[-62.218861,16.776313],[-62.202016,16.819322],[-62.189443,16.814439],[-62.182932,16.81273],[-62.174672,16.813137],[-62.179311,16.794501],[-62.170033,16.777004],[-62.156321,16.760321],[-62.147369,16.744289]]]}},
{"type":"Feature","id":"ATG","cc":"AG","properties":{"name":"Antigua and Barbuda"},"geometry":{"type":"MultiPolygon","coordinates":[[[[-61.883616,17.049018],[-61.879221,17.060452],[-61.882802,17.070217],[-61.882436,17.078803],[-61.8662,17.086859],[-61.873362,17.089545],[-61.894154,17.100531],[-61.883127,17.1105],[-61.865387,17.117825],[-61.842356,17.124416],[-61.850453,17.137641],[-61.848785,17.149482],[-61.83967,17.159857],[-61.825266,17.168769],[-61.793365,17.164944],[-61.78067,17.147162],[-61.77302,17.126532],[-61.756418,17.114163],[-61.755442,17.123033],[-61.752756,17.128892],[-61.743316,17.141506],[-61.73762,17.132961],[-61.729848,17.127997],[-61.720082,17.12637],[-61.708608,17.127834],[-61.71349,17.122545],[-61.716298,17.118801],[-61.72053,17.116116],[-61.729644,17.114163],[-61.725087,17.09984],[-61.714833,17.093085],[-61.70165,17.093451],[-61.6881,17.100531],[-61.680653,17.100531],[-61.675526,17.095608],[-61.672109,17.090644],[-61.667592,17.079413],[-61.674387,17.079901],[-61.68814,17.078925],[-61.694936,17.079413],[-61.685658,17.068264],[-61.677073,17.062934],[-61.67219,17.057563],[-61.674428,17.045885],[-61.685699,17.028551],[-61.697011,17.027818],[-61.70995,17.034166],[-61.726226,17.038479],[-61.733998,17.034857],[-61.734364,17.025784],[-61.729644,17.001166],[-61.737131,16.989244],[-61.753529,16.996812],[-61.769765,17.010972],[-61.776845,17.018541],[-61.783599,17.016913],[-61.804067,17.00731],[-61.81786,17.00495],[-61.838694,17.004828],[-61.851715,17.007636],[-61.883656,17.026272],[-61.89037,17.035386],[-61.883616,17.049018]]],[[[-61.838938,17.593329],[-61.851796,17.586575],[-61.857289,17.600979],[-61.859364,17.641791],[-61.863922,17.660142],[-61.86974,17.675482],[-61.87385,17.691148],[-61.873036,17.710639],[-61.869374,17.707343],[-61.867828,17.704088],[-61.8662,17.696357],[-61.860097,17.684231],[-61.844228,17.665961],[-61.838938,17.655422],[-61.839223,17.641425],[-61.84317,17.629584],[-61.84317,17.620185],[-61.831451,17.613837],[-61.826487,17.632473],[-61.825022,17.657945],[-61.831207,17.680487],[-61.849192,17.690131],[-61.856435,17.701077],[-61.851674,17.720282],[-61.837799,17.727688],[-61.81786,17.703192],[-61.824574,17.699368],[-61.831451,17.696357],[-61.818227,17.69184],[-61.797271,17.698798],[-61.784291,17.696357],[-61.768178,17.684638],[-61.754262,17.668769],[-61.743276,17.651353],[-61.735911,17.634914],[-61.728749,17.604967],[-61.727773,17.588446],[-61.729644,17.572821],[-61.736399,17.554023],[-61.743276,17.550605],[-61.75357,17.5515],[-61.77066,17.545559],[-61.776967,17.563422],[-61.794749,17.576117],[-61.838938,17.593329]]],[[[-62.345589,16.93914],[-62.344605,16.940405],[-62.343059,16.940897],[-62.342918,16.938366],[-62.343059,16.935063],[-62.344464,16.932532],[-62.347065,16.93197],[-62.34826,16.933657],[-62.347276,16.937382],[-62.345589,16.93914]]]]}},
{"type":"Feature","id":"KNA","cc":"KN","properties":{"name":"Saint Kitts and Nevis"},"geometry":{"type":"MultiPolygon","coordinates":[[[[-62.599233,17.202948],[-62.57844,17.202541],[-62.560374,17.196723],[-62.546498,17.183783],[-62.538442,17.161933],[-62.537262,17.152899],[-62.536773,17.129706],[-62.538442,17.120998],[-62.543568,17.108873],[-62.547597,17.104641],[-62.565745,17.100531],[-62.612172,17.104153],[-62.626373,17.140692],[-62.618642,17.182807],[-62.599233,17.202948]]],[[[-62.650461,17.265611],[-62.63683,17.258205],[-62.624827,17.241848],[-62.624745,17.225287],[-62.647043,17.21719],[-62.659739,17.225491],[-62.670481,17.26317],[-62.690297,17.27497],[-62.703359,17.28913],[-62.712554,17.292304],[-62.744049,17.290595],[-62.756947,17.292304],[-62.788726,17.304674],[-62.831614,17.330146],[-62.861073,17.362291],[-62.853139,17.394721],[-62.849233,17.398139],[-62.846547,17.39997],[-62.843577,17.401068],[-62.838857,17.402167],[-62.82665,17.407172],[-62.822336,17.410102],[-62.819569,17.415839],[-62.71996,17.358547],[-62.695465,17.333238],[-62.678131,17.292222],[-62.66686,17.273505],[-62.650461,17.265611]]]]}},
{"type":"Feature","id":"VIR","cc":"VI","properties":{"name":"Virgin Islands (US)"},"geometry":{"type":"MultiPolygon","coordinates":[[[[-64.559397,17.751614],[-64.585194,17.748969],[-64.606679,17.742255],[-64.648793,17.7237],[-64.670522,17.717231],[-64.876373,17.689114],[-64.895172,17.682766],[-64.887847,17.699897],[-64.886627,17.714423],[-64.887685,17.755276],[-64.884633,17.76789],[-64.876454,17.775865],[-64.838694,17.764838],[-64.817454,17.774115],[-64.795481,17.787543],[-64.771637,17.792629],[-64.769154,17.790025],[-64.730784,17.765286],[-64.709706,17.758205],[-64.699045,17.752834],[-64.689768,17.744778],[-64.6669,17.762885],[-64.630971,17.770331],[-64.591786,17.768297],[-64.559397,17.75845],[-64.559397,17.751614]]],[[[-64.700994,18.342976],[-64.708161,18.340145],[-64.697423,18.32654],[-64.704005,18.30331],[-64.73623,18.319753],[-64.786367,18.315222],[-64.801285,18.328253],[-64.786365,18.349772],[-64.769649,18.356589],[-64.751736,18.361689],[-64.755913,18.369057],[-64.746955,18.37359],[-64.713519,18.365083],[-64.697397,18.362244],[-64.682472,18.356003],[-64.664561,18.346927],[-64.66039,18.336723],[-64.67413,18.334463],[-64.700994,18.342976]]],[[[-64.871637,18.314623],[-64.878839,18.304441],[-64.910498,18.315758],[-64.921859,18.322555],[-64.930834,18.33955],[-64.935023,18.330486],[-64.944586,18.336714],[-64.966095,18.332735],[-64.981643,18.335558],[-64.993621,18.348024],[-65.025309,18.338926],[-65.041493,18.353658],[-65.011871,18.368598],[-64.986643,18.374823],[-64.950002,18.373554],[-64.93498,18.36332],[-64.926019,18.366154],[-64.942251,18.378099],[-64.950028,18.386599],[-64.928505,18.38037],[-64.891436,18.359968],[-64.854984,18.340129],[-64.84008,18.317489],[-64.851408,18.315782],[-64.860312,18.318591],[-64.871637,18.314623]]]]}},
{"type":"Feature","id":"BLM","cc":"BL","properties":{"name":"Saint Barth&eacute;lemy"},"geometry":{"type":"Polygon","coordinates":[[[-62.838857,17.881985],[-62.850942,17.890448],[-62.861318,17.905422],[-62.86734,17.920396],[-62.866119,17.929145],[-62.857411,17.925035],[-62.791656,17.915473],[-62.79894,17.904486],[-62.810129,17.892279],[-62.823842,17.883246],[-62.838857,17.881985]]]}},
{"type":"Feature","id":"AIA","cc":"AI","properties":{"name":"Anguilla"},"geometry":{"type":"MultiPolygon","coordinates":[[[[-63.007395,18.273017],[-62.983998,18.276435],[-62.972646,18.275865],[-62.97289,18.269273],[-62.992909,18.236884],[-63.000559,18.227362],[-63.011545,18.220445],[-63.037668,18.212958],[-63.099517,18.176174],[-63.102366,18.180406],[-63.10912,18.185045],[-63.11384,18.189846],[-63.13683,18.173407],[-63.150502,18.169094],[-63.167836,18.169338],[-63.142079,18.198147],[-63.134348,18.204088],[-63.122792,18.208075],[-63.097239,18.21247],[-63.085846,18.217719],[-63.067779,18.236477],[-63.055084,18.25434],[-63.038197,18.267727],[-63.007395,18.273017]]],[[[-63.427968,18.592841],[-63.428822,18.601264],[-63.423573,18.600043],[-63.427968,18.592841]]],[[[-62.958205,18.289422],[-62.950676,18.292132],[-62.947665,18.297251],[-62.933813,18.294541],[-62.925682,18.289723],[-62.932006,18.287314],[-62.944955,18.2837],[-62.947364,18.280388],[-62.956699,18.274365],[-62.960011,18.277678],[-62.956097,18.282496],[-62.958205,18.289422]]],[[[-63.252031,18.27297],[-63.261474,18.276246],[-63.262631,18.282028],[-63.253573,18.286846],[-63.245606,18.28321],[-63.236035,18.282992],[-63.252031,18.27297]]],[[[-63.184504,18.268047],[-63.179494,18.266506],[-63.183541,18.265157],[-63.18701,18.265349],[-63.189708,18.267469],[-63.192213,18.268818],[-63.190093,18.269204],[-63.186432,18.268433],[-63.184504,18.268047]]],[[[-63.17429,18.264578],[-63.172363,18.264578],[-63.171206,18.265542],[-63.169086,18.265349],[-63.168316,18.26188],[-63.171399,18.261495],[-63.174097,18.262073],[-63.17429,18.264578]]]]}},
{"type":"Feature","id":"VGB","cc":"VG","properties":{"name":"Virgin Islands (British)"},"geometry":{"type":"MultiPolygon","coordinates":[[[[-64.635121,18.405504],[-64.643666,18.393948],[-64.659685,18.383072],[-64.675478,18.384105],[-64.689628,18.38464],[-64.714128,18.386203],[-64.700509,18.39807],[-64.682554,18.399548],[-64.6744,18.412398],[-64.665647,18.424396],[-64.661821,18.440416],[-64.641705,18.451158],[-64.627268,18.447089],[-64.603633,18.451616],[-64.592705,18.448562],[-64.560161,18.454103],[-64.527199,18.449118],[-64.516845,18.43929],[-64.520129,18.434123],[-64.531592,18.435677],[-64.548596,18.440271],[-64.561166,18.433546],[-64.566396,18.425727],[-64.574045,18.419135],[-64.583323,18.416327],[-64.591176,18.417792],[-64.596995,18.420803],[-64.603383,18.423041],[-64.613393,18.422553],[-64.612864,18.419501],[-64.620717,18.411566],[-64.63036,18.404853],[-64.635121,18.405504]]],[[[-64.380605,18.480902],[-64.389027,18.471096],[-64.408193,18.456692],[-64.429311,18.444892],[-64.443349,18.443061],[-64.418528,18.475328],[-64.411733,18.49136],[-64.415395,18.511949],[-64.410959,18.511949],[-64.408111,18.510484],[-64.405751,18.508205],[-64.402415,18.505764],[-64.346832,18.506903],[-64.326039,18.511949],[-64.334299,18.497056],[-64.353098,18.487209],[-64.371978,18.48192],[-64.380605,18.480902]]],[[[-64.336537,18.72427],[-64.380523,18.726142],[-64.398671,18.732082],[-64.408559,18.744696],[-64.320302,18.746243],[-64.285064,18.734076],[-64.270741,18.70067],[-64.27953,18.701239],[-64.336537,18.72427]]],[[[-64.569447,18.357978],[-64.568186,18.350898],[-64.56786,18.337388],[-64.570912,18.334662],[-64.574696,18.343004],[-64.585317,18.348619],[-64.600738,18.35163],[-64.603017,18.355618],[-64.594065,18.357815],[-64.586903,18.357978],[-64.582834,18.359442],[-64.578359,18.360582],[-64.569447,18.357978]]],[[[-64.729807,18.453437],[-64.727528,18.449897],[-64.724233,18.442694],[-64.730336,18.437893],[-64.759389,18.44184],[-64.773997,18.442288],[-64.768422,18.449652],[-64.742909,18.454983],[-64.729807,18.453437]]],[[[-64.532704,18.494127],[-64.52953,18.49258],[-64.52892,18.481838],[-64.529164,18.476386],[-64.531606,18.467027],[-64.536529,18.462388],[-64.538238,18.465155],[-64.537343,18.471829],[-64.539459,18.482856],[-64.537709,18.490668],[-64.532704,18.494127]]]]}},
{"type":"Feature","id":"CYM","cc":"KY","properties":{"name":"Cayman Islands"},"geometry":{"type":"MultiPolygon","coordinates":[[[[-81.136098,19.354885],[-81.117543,19.352769],[-81.099517,19.347317],[-81.089508,19.335395],[-81.086586,19.309927],[-81.106677,19.295317],[-81.1351,19.290742],[-81.169504,19.299563],[-81.193192,19.296114],[-81.214509,19.292672],[-81.233458,19.289234],[-81.248821,19.279097],[-81.266469,19.266059],[-81.276357,19.264838],[-81.341272,19.27306],[-81.357882,19.274094],[-81.375722,19.272284],[-81.387486,19.263864],[-81.397939,19.274156],[-81.395925,19.289562],[-81.3924,19.296296],[-81.388899,19.307506],[-81.385426,19.324311],[-81.385503,19.338858],[-81.390326,19.35226],[-81.405818,19.36337],[-81.416542,19.370028],[-81.414238,19.382349],[-81.408346,19.390212],[-81.394124,19.394761],[-81.375722,19.388983],[-81.378585,19.375817],[-81.368999,19.359083],[-81.36059,19.340104],[-81.364045,19.319946],[-81.349718,19.302114],[-81.322438,19.302251],[-81.303498,19.309055],[-81.301259,19.320624],[-81.293813,19.334377],[-81.288075,19.331366],[-81.273305,19.327582],[-81.273427,19.332099],[-81.274892,19.335273],[-81.27953,19.341783],[-81.273305,19.334377],[-81.275217,19.338568],[-81.277699,19.341376],[-81.277984,19.344062],[-81.273305,19.348049],[-81.277903,19.351874],[-81.280751,19.356269],[-81.286285,19.368476],[-81.268137,19.366278],[-81.231557,19.351549],[-81.211822,19.348049],[-81.157786,19.355048],[-81.136098,19.354885]]],[[[-80.03783,19.704035],[-80.008736,19.703951],[-79.981028,19.714301],[-79.964263,19.704901],[-79.96817,19.703192],[-79.977935,19.697455],[-80.003918,19.69027],[-80.077968,19.65402],[-80.113155,19.65866],[-80.098553,19.676857],[-80.081543,19.685929],[-80.062088,19.700682],[-80.03783,19.704035]]],[[[-79.871889,19.704636],[-79.802837,19.732827],[-79.768899,19.752036],[-79.7459,19.757631],[-79.731516,19.752102],[-79.726643,19.737063],[-79.773893,19.713364],[-79.855001,19.690917],[-79.893754,19.679673],[-79.871889,19.704636]]]]}},
{"type":"Feature","id":"HMD","cc":"HM","properties":{"name":"Heard Island and McDonald Islands"},"geometry":{"type":"Polygon","coordinates":[[[73.735118,-53.1124],[73.761892,-53.11891],[73.789073,-53.120538],[73.812185,-53.118504],[73.661632,-53.146661],[73.609548,-53.179864],[73.580821,-53.187595],[73.507335,-53.19256],[73.473399,-53.189223],[73.440196,-53.173272],[73.430431,-53.165297],[73.404145,-53.139337],[73.370942,-53.090509],[73.36378,-53.074802],[73.371267,-53.06463],[73.359711,-53.058852],[73.353282,-53.05169],[73.354177,-53.044203],[73.364431,-53.037286],[73.344737,-53.029229],[73.328868,-53.025079],[73.271007,-53.021742],[73.253673,-53.015069],[73.24171,-53.002211],[73.236013,-52.982029],[73.269379,-52.975274],[73.296886,-52.961602],[73.330903,-52.984796],[73.337169,-52.985772],[73.344574,-52.996515],[73.361095,-53.00921],[73.377452,-53.017022],[73.384939,-53.013116],[73.389171,-52.997817],[73.399587,-52.990981],[73.412934,-52.992852],[73.426524,-53.003188],[73.412852,-53.009373],[73.425629,-53.025323],[73.447032,-53.02809],[73.470225,-53.02158],[73.487966,-53.009373],[73.50766,-53.015313],[73.56422,-53.016778],[73.587576,-53.026788],[73.598481,-53.033868],[73.620942,-53.039646],[73.632579,-53.044122],[73.640147,-53.050714],[73.65561,-53.067966],[73.663341,-53.071466],[73.688975,-53.090265],[73.699474,-53.100844],[73.735118,-53.1124]]]}},
{"type":"Feature","id":"SHN","cc":"SH","properties":{"name":"Saint Helena"},"geometry":{"type":"MultiPolygon","coordinates":[[[[-9.926381,-40.34881],[-9.906361,-40.36419],[-9.900014,-40.372166],[-9.895375,-40.386407],[-9.92516,-40.397882],[-9.965077,-40.382745],[-10.039377,-40.338637],[-10.039377,-40.331801],[-10.030019,-40.313735],[-10.022206,-40.307224],[-10.008656,-40.304457],[-9.962758,-40.301853],[-9.949941,-40.304457],[-9.943105,-40.31227],[-9.932362,-40.339044],[-9.926381,-40.34881]]],[[[-12.307362,-37.070082],[-12.29662,-37.059177],[-12.2919,-37.055759],[-12.244985,-37.059177],[-12.227935,-37.068129],[-12.213124,-37.080011],[-12.191274,-37.090509],[-12.195709,-37.098565],[-12.200307,-37.104099],[-12.205474,-37.108005],[-12.211741,-37.111017],[-12.244781,-37.137872],[-12.263783,-37.149021],[-12.276601,-37.149184],[-12.304107,-37.125584],[-12.335317,-37.104262],[-12.325592,-37.094659],[-12.307362,-37.070082]]],[[[-5.721832,-15.908949],[-5.709584,-15.906996],[-5.679677,-15.907322],[-5.666656,-15.902114],[-5.657704,-15.919529],[-5.651967,-15.934503],[-5.65038,-15.948907],[-5.653554,-15.963556],[-5.66275,-15.979587],[-5.67394,-15.988214],[-5.68692,-15.994806],[-5.701975,-16.005141],[-5.704335,-15.999444],[-5.707753,-15.996352],[-5.711659,-15.994317],[-5.715647,-15.990899],[-5.729888,-16.004815],[-5.74649,-16.013849],[-5.763743,-16.01572],[-5.780181,-16.008233],[-5.78954,-15.995294],[-5.78718,-15.98447],[-5.780385,-15.973403],[-5.776519,-15.960138],[-5.770131,-15.945245],[-5.755116,-15.929946],[-5.73705,-15.917169],[-5.721832,-15.908949]]],[[[-14.356272,-7.884698],[-14.347401,-7.899835],[-14.310414,-7.927504],[-14.294789,-7.945489],[-14.305247,-7.952081],[-14.328481,-7.962335],[-14.339467,-7.969985],[-14.350331,-7.974705],[-14.378529,-7.976007],[-14.391021,-7.979669],[-14.406402,-7.973891],[-14.411,-7.963067],[-14.412262,-7.950372],[-14.417714,-7.939223],[-14.406606,-7.924086],[-14.390614,-7.889337],[-14.376698,-7.877862],[-14.373647,-7.885349],[-14.369985,-7.889337],[-14.364573,-7.889337],[-14.356272,-7.884698]]]]}},
{"type":"Feature","id":"MUS","cc":"MU","properties":{"name":"Mauritius"},"geometry":{"type":"MultiPolygon","coordinates":[[[[57.795746,-20.222752],[57.793956,-20.246759],[57.78891,-20.274184],[57.778168,-20.304783],[57.77589,-20.320408],[57.781505,-20.335707],[57.757091,-20.343357],[57.729259,-20.363946],[57.71225,-20.387465],[57.719981,-20.403985],[57.720714,-20.411065],[57.726085,-20.41961],[57.726817,-20.425063],[57.723318,-20.434259],[57.717621,-20.43613],[57.711274,-20.435805],[57.705821,-20.438735],[57.692393,-20.461521],[57.684744,-20.471612],[57.672211,-20.479669],[57.58839,-20.504815],[57.503591,-20.517348],[57.473643,-20.515069],[57.426931,-20.500909],[57.399262,-20.497979],[57.378103,-20.507013],[57.320567,-20.458185],[57.307872,-20.444268],[57.303477,-20.430922],[57.319347,-20.425063],[57.344086,-20.429864],[57.357758,-20.427423],[57.36378,-20.414483],[57.368988,-20.386407],[57.367849,-20.376153],[57.356944,-20.370375],[57.365001,-20.345961],[57.365977,-20.290785],[57.370616,-20.260512],[57.377452,-20.243097],[57.400157,-20.200616],[57.408458,-20.192315],[57.410492,-20.189223],[57.432628,-20.171808],[57.442231,-20.167413],[57.463878,-20.161554],[57.473643,-20.157485],[57.490733,-20.140802],[57.493826,-20.122328],[57.494477,-20.103692],[57.509613,-20.077407],[57.521983,-20.041599],[57.528087,-20.030857],[57.532481,-20.024835],[57.560069,-20.003839],[57.566905,-20.000909],[57.580333,-19.999933],[57.586111,-19.996759],[57.590505,-19.989679],[57.596528,-19.982599],[57.607107,-19.979425],[57.622895,-19.981703],[57.667735,-19.994073],[57.679698,-19.999933],[57.684825,-20.011],[57.67921,-20.028253],[57.683116,-20.037774],[57.690196,-20.047296],[57.697765,-20.06406],[57.706228,-20.078383],[57.708832,-20.089939],[57.713878,-20.096124],[57.717947,-20.096938],[57.729747,-20.095147],[57.733653,-20.096124],[57.744802,-20.105076],[57.747732,-20.111505],[57.744477,-20.143813],[57.752208,-20.154229],[57.762543,-20.162042],[57.772146,-20.190525],[57.791352,-20.212172],[57.795746,-20.222752]]],[[[56.524181,-10.330011],[56.525564,-10.327325],[56.52768,-10.325372],[56.531016,-10.324151],[56.535655,-10.323907],[56.542817,-10.346449],[56.568614,-10.386407],[56.569347,-10.406508],[56.548513,-10.382013],[56.529796,-10.35296],[56.524587,-10.34002],[56.524181,-10.330011]]],[[[63.476248,-19.67783],[63.493907,-19.681899],[63.489594,-19.70143],[63.469412,-19.722914],[63.438731,-19.733005],[63.416515,-19.736423],[63.400645,-19.744887],[63.38559,-19.756036],[63.366384,-19.767185],[63.337738,-19.738458],[63.332286,-19.736423],[63.335216,-19.717869],[63.343272,-19.709731],[63.355235,-19.704685],[63.389171,-19.684747],[63.421153,-19.674412],[63.454275,-19.669854],[63.476248,-19.67783]]]]}},
{"type":"Feature","id":"COM","cc":"KM","properties":{"name":"Comoros"},"geometry":{"type":"MultiPolygon","coordinates":[[[[43.788748,-12.308038],[43.797048,-12.311619],[43.850108,-12.346124],[43.861583,-12.363377],[43.858165,-12.371352],[43.842947,-12.373468],[43.819347,-12.373468],[43.751475,-12.359959],[43.681407,-12.358087],[43.665212,-12.352472],[43.660818,-12.344985],[43.661794,-12.327732],[43.658946,-12.318292],[43.650238,-12.310235],[43.641124,-12.30641],[43.633962,-12.301039],[43.631033,-12.287774],[43.629893,-12.251723],[43.635753,-12.236912],[43.65211,-12.242608],[43.666352,-12.250095],[43.708344,-12.257908],[43.727224,-12.263604],[43.779307,-12.297621],[43.788748,-12.308038]]],[[[44.529063,-12.232843],[44.528494,-12.35475],[44.52296,-12.372817],[44.511485,-12.380304],[44.502696,-12.376723],[44.492442,-12.368259],[44.484141,-12.358005],[44.480724,-12.349298],[44.47877,-12.336847],[44.473318,-12.329767],[44.399587,-12.279962],[44.391368,-12.267022],[44.385265,-12.251723],[44.370128,-12.244317],[44.330577,-12.236261],[44.268403,-12.205011],[44.26002,-12.198419],[44.2199,-12.174981],[44.206391,-12.160577],[44.222504,-12.160089],[44.23585,-12.163344],[44.261567,-12.174249],[44.278982,-12.178643],[44.31129,-12.183282],[44.32309,-12.187921],[44.32838,-12.18377],[44.33839,-12.178643],[44.343516,-12.174249],[44.373546,-12.180352],[44.400076,-12.156508],[44.415294,-12.119317],[44.411794,-12.085545],[44.42156,-12.082696],[44.435313,-12.074802],[44.446056,-12.071873],[44.45102,-12.069757],[44.455333,-12.066583],[44.460134,-12.064142],[44.467052,-12.064386],[44.47283,-12.068536],[44.480724,-12.082452],[44.484141,-12.085545],[44.526378,-12.218845],[44.529063,-12.232843]]],[[[43.466563,-11.82171],[43.469086,-11.83172],[43.475352,-11.843032],[43.49879,-11.87363],[43.498302,-11.882013],[43.48699,-11.899835],[43.483735,-11.909926],[43.482595,-11.917169],[43.479991,-11.922784],[43.472667,-11.927911],[43.463145,-11.930922],[43.449555,-11.932875],[43.437673,-11.931573],[43.432384,-11.924086],[43.425955,-11.911554],[43.369965,-11.86061],[43.355154,-11.854587],[43.312266,-11.852146],[43.301768,-11.849542],[43.290294,-11.843357],[43.271007,-11.82822],[43.262869,-11.818048],[43.260102,-11.809177],[43.2588,-11.80047],[43.254242,-11.790704],[43.22877,-11.76629],[43.217784,-11.750258],[43.213227,-11.725763],[43.215994,-11.715997],[43.222504,-11.703871],[43.244151,-11.672947],[43.244395,-11.662286],[43.241547,-11.651544],[43.240571,-11.639825],[43.254405,-11.463067],[43.252289,-11.451349],[43.246837,-11.440606],[43.256602,-11.423272],[43.266124,-11.398696],[43.276541,-11.379571],[43.288341,-11.379164],[43.330821,-11.365004],[43.355724,-11.361261],[43.374034,-11.368585],[43.385997,-11.384047],[43.394867,-11.40016],[43.399425,-11.41839],[43.377126,-11.605076],[43.386078,-11.645603],[43.430512,-11.708185],[43.446625,-11.749119],[43.447113,-11.759373],[43.445567,-11.780532],[43.446625,-11.790704],[43.451182,-11.798028],[43.457774,-11.804376],[43.463878,-11.811619],[43.466563,-11.82171]]]]}},
{"type":"Feature","id":"STP","cc":"ST","properties":{"name":"S&atilde;o Tom&eacute; and Pr&iacute;ncipe"},"geometry":{"type":"MultiPolygon","coordinates":[[[[6.681407,0.407131],[6.703868,0.391832],[6.727061,0.366929],[6.746104,0.33808],[6.756521,0.310858],[6.760916,0.284166],[6.760509,0.268297],[6.756521,0.250067],[6.748546,0.230699],[6.740082,0.218573],[6.715587,0.195461],[6.703136,0.180406],[6.674571,0.133368],[6.668468,0.131008],[6.65919,0.128852],[6.653331,0.124579],[6.660004,0.107327],[6.652599,0.103217],[6.641449,0.10102],[6.633637,0.098578],[6.618175,0.081204],[6.616222,0.078111],[6.582856,0.077338],[6.57838,0.078111],[6.567719,0.042141],[6.557302,0.028266],[6.5442,0.043931],[6.536957,0.026435],[6.526622,0.024115],[6.516368,0.033637],[6.510102,0.051418],[6.511729,0.05272],[6.516612,0.069973],[6.516938,0.078111],[6.513682,0.088284],[6.509613,0.092678],[6.505707,0.094875],[6.502696,0.098578],[6.467296,0.21247],[6.461681,0.222154],[6.466319,0.231024],[6.46811,0.239814],[6.468516,0.259955],[6.470876,0.26789],[6.490245,0.290961],[6.494314,0.299994],[6.495372,0.306383],[6.497813,0.31269],[6.533051,0.348131],[6.540782,0.351874],[6.578298,0.364569],[6.609548,0.390367],[6.641856,0.410793],[6.681407,0.407131]]],[[[7.462738,1.674547],[7.457367,1.669989],[7.446137,1.665473],[7.434825,1.658881],[7.428722,1.647854],[7.443533,1.645453],[7.456716,1.638332],[7.461762,1.630805],[7.452647,1.627346],[7.438243,1.623928],[7.434418,1.61522],[7.435557,1.592597],[7.430512,1.57274],[7.425548,1.56273],[7.418224,1.558498],[7.405772,1.556464],[7.40211,1.550727],[7.402517,1.54206],[7.401378,1.531195],[7.398774,1.53498],[7.395681,1.542385],[7.394054,1.545396],[7.38738,1.542467],[7.381033,1.537991],[7.372244,1.554145],[7.358409,1.558905],[7.343761,1.559882],[7.33253,1.565334],[7.329356,1.596259],[7.330089,1.614651],[7.339366,1.613105],[7.355968,1.620022],[7.364024,1.629381],[7.366466,1.641791],[7.366547,1.658108],[7.371837,1.677191],[7.385265,1.692328],[7.403005,1.699774],[7.421235,1.695705],[7.448741,1.693183],[7.459727,1.6883],[7.462738,1.674547]]]]}},
{"type":"Feature","id":"CPV","cc":"CV","properties":{"name":"Cape Verde"},"geometry":{"type":"MultiPolygon","coordinates":[[[[-24.704335,14.900824],[-24.693105,14.890692],[-24.686757,14.876166],[-24.683949,14.859442],[-24.683258,14.842475],[-24.686879,14.826646],[-24.695302,14.819403],[-24.704416,14.814032],[-24.710561,14.803941],[-24.718007,14.803941],[-24.725453,14.814114],[-24.744618,14.826606],[-24.751536,14.838772],[-24.758941,14.831855],[-24.754709,14.840806],[-24.753245,14.849351],[-24.754709,14.857856],[-24.758941,14.866645],[-24.745351,14.866645],[-24.74942,14.885484],[-24.73762,14.892035],[-24.71935,14.894436],[-24.704335,14.900824]]],[[[-24.296539,14.917548],[-24.301503,14.90648],[-24.298207,14.895453],[-24.293284,14.884345],[-24.292836,14.87287],[-24.29955,14.863023],[-24.334462,14.831855],[-24.376536,14.815985],[-24.415028,14.820868],[-24.449086,14.83808],[-24.506581,14.884955],[-24.520375,14.903957],[-24.526235,14.924709],[-24.520619,14.945258],[-24.506744,14.969184],[-24.488922,14.990546],[-24.464589,15.007717],[-24.403432,15.038031],[-24.385569,15.043524],[-24.364858,15.045396],[-24.343251,15.040717],[-24.329213,15.028713],[-24.320139,15.013007],[-24.30724,14.979438],[-24.295766,14.930487],[-24.296539,14.917548]]],[[[-23.456776,15.023668],[-23.454579,15.018948],[-23.451894,15.015123],[-23.448354,15.012397],[-23.443105,15.010688],[-23.447825,14.995754],[-23.454661,14.985907],[-23.477895,14.969062],[-23.470448,14.962226],[-23.480214,14.946601],[-23.486318,14.930854],[-23.494008,14.918687],[-23.50829,14.913804],[-23.516225,14.912828],[-23.53185,14.908637],[-23.539296,14.90762],[-23.547353,14.908515],[-23.555816,14.912787],[-23.563222,14.913804],[-23.596425,14.914537],[-23.624135,14.918118],[-23.649729,14.9265],[-23.676503,14.935533],[-23.715077,14.968451],[-23.73054,14.985826],[-23.730702,15.0185],[-23.742055,15.026353],[-23.75829,15.031317],[-23.772084,15.037991],[-23.772694,15.041693],[-23.77953,15.064643],[-23.782297,15.068549],[-23.786285,15.072414],[-23.79011,15.077704],[-23.792592,15.085761],[-23.789866,15.093817],[-23.775624,15.118232],[-23.772084,15.127346],[-23.772939,15.140448],[-23.785756,15.174506],[-23.776194,15.177232],[-23.770131,15.183987],[-23.766754,15.193752],[-23.765859,15.205512],[-23.763661,15.216295],[-23.758697,15.22309],[-23.753814,15.228095],[-23.751576,15.233466],[-23.754954,15.250312],[-23.763295,15.269761],[-23.774403,15.285631],[-23.785756,15.291815],[-23.779124,15.294135],[-23.758412,15.304877],[-23.773061,15.310614],[-23.77953,15.311672],[-23.751576,15.33275],[-23.74413,15.33275],[-23.74356,15.325141],[-23.742014,15.32095],[-23.739898,15.317328],[-23.737945,15.311672],[-23.719228,15.322903],[-23.703236,15.313463],[-23.697825,15.296332],[-23.710683,15.284369],[-23.697336,15.266018],[-23.681752,15.254828],[-23.648549,15.237209],[-23.656077,15.229722],[-23.638783,15.226264],[-23.630279,15.219184],[-23.615102,15.195014],[-23.584218,15.162421],[-23.567372,15.152086],[-23.552358,15.153998],[-23.549143,15.149359],[-23.547475,15.145941],[-23.544993,15.143134],[-23.539296,15.140367],[-23.540761,15.139065],[-23.534413,15.133002],[-23.527252,15.127387],[-23.525706,15.127346],[-23.522939,15.126695],[-23.514068,15.127997],[-23.511383,15.127346],[-23.510813,15.124213],[-23.512034,15.116116],[-23.511383,15.113023],[-23.470448,15.037991],[-23.466542,15.034247],[-23.463612,15.033149],[-23.460683,15.030951],[-23.456776,15.023668]]],[[[-23.127797,15.311672],[-23.121897,15.29914],[-23.120513,15.283352],[-23.121571,15.256415],[-23.110463,15.199408],[-23.111928,15.171942],[-23.127797,15.146633],[-23.132802,15.144721],[-23.148671,15.142768],[-23.155141,15.140367],[-23.158844,15.135565],[-23.163645,15.123725],[-23.168813,15.119859],[-23.182729,15.118598],[-23.195953,15.122056],[-23.217152,15.133531],[-23.240631,15.150051],[-23.252065,15.161811],[-23.258168,15.174506],[-23.255116,15.186835],[-23.247304,15.199205],[-23.243276,15.21133],[-23.251332,15.222886],[-23.237172,15.231024],[-23.230865,15.243964],[-23.234853,15.254828],[-23.251332,15.256415],[-23.245717,15.271064],[-23.22411,15.286689],[-23.209788,15.311672],[-23.214467,15.313544],[-23.215159,15.314439],[-23.214955,15.315823],[-23.217152,15.319159],[-23.203277,15.324897],[-23.189849,15.33275],[-23.189565,15.329495],[-23.189849,15.319159],[-23.181264,15.325751],[-23.178944,15.327948],[-23.176259,15.33275],[-23.168813,15.325344],[-23.176259,15.319159],[-23.161936,15.312567],[-23.139516,15.317776],[-23.127797,15.311672]]],[[[-22.682118,16.113593],[-22.678375,16.111884],[-22.670806,16.10224],[-22.666575,16.091457],[-22.672515,16.08633],[-22.675608,16.082017],[-22.677113,16.072659],[-22.679799,16.063218],[-22.696441,16.052924],[-22.751088,16.010565],[-22.787587,15.991604],[-22.806142,15.985907],[-22.863678,15.982367],[-22.873891,15.983873],[-22.883656,15.988715],[-22.897776,16.000474],[-22.909291,16.00373],[-22.945546,16.01968],[-22.957753,16.030829],[-22.963979,16.052191],[-22.963246,16.071194],[-22.957753,16.089016],[-22.947418,16.10224],[-22.932607,16.107408],[-22.913564,16.125556],[-22.924428,16.212958],[-22.915598,16.243964],[-22.91161,16.236721],[-22.907216,16.231431],[-22.89509,16.222846],[-22.877919,16.214911],[-22.852528,16.20661],[-22.829416,16.204006],[-22.819325,16.212958],[-22.811676,16.22842],[-22.793813,16.23135],[-22.73469,16.216864],[-22.723866,16.212633],[-22.713857,16.205756],[-22.709828,16.198635],[-22.703765,16.179592],[-22.699574,16.175686],[-22.682485,16.168647],[-22.6787,16.15176],[-22.682118,16.113593]]],[[[-24.067535,16.613918],[-24.047963,16.598822],[-24.037424,16.593004],[-24.032826,16.596829],[-24.032826,16.562405],[-24.044097,16.559882],[-24.114735,16.559272],[-24.191965,16.592475],[-24.233306,16.602118],[-24.272328,16.587226],[-24.286366,16.570746],[-24.315338,16.520413],[-24.324696,16.482652],[-24.333404,16.49494],[-24.347483,16.531968],[-24.353383,16.540432],[-24.360178,16.547187],[-24.365631,16.555609],[-24.367909,16.569159],[-24.36856,16.579535],[-24.37092,16.587144],[-24.376088,16.591783],[-24.385081,16.593411],[-24.408274,16.600165],[-24.424713,16.617133],[-24.430653,16.639472],[-24.422597,16.662299],[-24.36148,16.681586],[-24.354237,16.680609],[-24.340566,16.67536],[-24.328684,16.667792],[-24.305165,16.647895],[-24.292836,16.641832],[-24.282379,16.641343],[-24.226796,16.649604],[-24.217112,16.647691],[-24.180572,16.630845],[-24.172475,16.629096],[-24.089996,16.622463],[-24.067535,16.613918]]],[[[-22.929189,16.593411],[-22.941396,16.669379],[-22.956532,16.699449],[-22.97761,16.689032],[-22.98176,16.703518],[-22.983144,16.723049],[-22.980051,16.741116],[-22.970815,16.751044],[-22.970815,16.75788],[-22.982737,16.761379],[-22.989247,16.770941],[-22.991567,16.784329],[-22.990793,16.81566],[-22.970123,16.831448],[-22.922434,16.860297],[-22.916982,16.853176],[-22.898915,16.836819],[-22.89509,16.829291],[-22.896311,16.825019],[-22.90274,16.813178],[-22.909779,16.803371],[-22.907948,16.800605],[-22.904042,16.79857],[-22.901845,16.795111],[-22.904652,16.735826],[-22.901845,16.716946],[-22.897369,16.710273],[-22.884185,16.698432],[-22.881337,16.692694],[-22.882395,16.681545],[-22.886627,16.661689],[-22.887603,16.651435],[-22.889556,16.645901],[-22.898793,16.639472],[-22.901845,16.634426],[-22.901479,16.629096],[-22.899403,16.621649],[-22.89684,16.615465],[-22.89509,16.613918],[-22.901723,16.605902],[-22.908844,16.6022],[-22.917633,16.599189],[-22.929189,16.593411]]],[[[-24.919749,16.895087],[-24.922922,16.890815],[-24.914459,16.881415],[-24.900136,16.872016],[-24.885894,16.867743],[-24.881093,16.862291],[-24.876291,16.84984],[-24.873606,16.835924],[-24.875071,16.826158],[-24.891103,16.813951],[-24.915517,16.805487],[-24.94286,16.800482],[-24.968129,16.798896],[-24.974517,16.796698],[-24.984202,16.78734],[-24.988026,16.785142],[-24.995229,16.786119],[-25.058176,16.809638],[-25.068227,16.81509],[-25.076161,16.822455],[-25.081125,16.832343],[-25.094146,16.826158],[-25.089752,16.84748],[-25.078196,16.865058],[-25.063588,16.877021],[-25.05012,16.881415],[-25.018788,16.882025],[-25.005971,16.887681],[-25.012196,16.901272],[-24.983998,16.915961],[-24.978098,16.923],[-24.971262,16.923],[-24.965199,16.908922],[-24.95519,16.910793],[-24.937734,16.923],[-24.927724,16.917792],[-24.918772,16.908271],[-24.914703,16.899156],[-24.919749,16.895087]]],[[[-25.046986,17.035061],[-25.055572,17.024807],[-25.115875,16.997463],[-25.143422,16.970038],[-25.162953,16.945299],[-25.187856,16.928168],[-25.231313,16.923],[-25.269195,16.923],[-25.280832,16.920722],[-25.289662,16.917182],[-25.298695,16.917385],[-25.31078,16.926093],[-25.313385,16.938463],[-25.313873,17.00495],[-25.327545,17.028225],[-25.331044,17.030951],[-25.348297,17.034125],[-25.354848,17.038479],[-25.360422,17.055243],[-25.35558,17.069566],[-25.330922,17.096829],[-25.316803,17.106106],[-25.302154,17.108059],[-25.289133,17.107001],[-25.279775,17.107327],[-25.269602,17.114325],[-25.245351,17.136705],[-25.226308,17.14468],[-25.202707,17.158759],[-25.179555,17.164374],[-25.118642,17.192857],[-25.10261,17.196601],[-25.091054,17.19302],[-25.079498,17.18537],[-25.053944,17.186184],[-25.03954,17.18244],[-25.030181,17.175482],[-25.026275,17.167711],[-25.025868,17.144924],[-25.020579,17.140367],[-24.99706,17.134182],[-24.99177,17.130927],[-24.988678,17.125718],[-24.974965,17.114488],[-24.971262,17.107327],[-24.973012,17.096625],[-24.978993,17.0869],[-25.015126,17.04914],[-25.019683,17.049018],[-25.023915,17.045396],[-25.042714,17.038479],[-25.046986,17.035061]]],[[[-24.59266,16.624312],[-24.569512,16.619972],[-24.575299,16.605505],[-24.589766,16.606952],[-24.60134,16.609845],[-24.604233,16.621419],[-24.59266,16.624312]]],[[[-24.7735,16.802259],[-24.748906,16.793579],[-24.735885,16.779112],[-24.725758,16.757411],[-24.706951,16.753071],[-24.695377,16.760304],[-24.683803,16.755964],[-24.68525,16.742944],[-24.702611,16.73571],[-24.722865,16.734263],[-24.740225,16.734263],[-24.748906,16.742944],[-24.754693,16.754518],[-24.7735,16.761751],[-24.787967,16.774772],[-24.787967,16.789239],[-24.7735,16.802259]]]]}},
{"type":"Feature","id":"JEY","cc":"JE","properties":{"name":"Jersey"},"geometry":{"type":"Polygon","coordinates":[[[-2.082672,49.26024],[-2.06786,49.250678],[-2.02066,49.235256],[-2.021962,49.225491],[-2.017323,49.221381],[-2.011871,49.215277],[-2.00829,49.21247],[-2.016998,49.207221],[-2.020985,49.200751],[-2.022043,49.19245],[-2.021962,49.181383],[-2.024526,49.171332],[-2.031158,49.171454],[-2.040028,49.175727],[-2.049224,49.17829],[-2.079986,49.178697],[-2.096995,49.183661],[-2.120229,49.199164],[-2.128896,49.20307],[-2.137929,49.205634],[-2.144846,49.205634],[-2.152943,49.199937],[-2.160634,49.190741],[-2.168691,49.17829],[-2.177154,49.180162],[-2.189687,49.189114],[-2.200103,49.191962],[-2.202952,49.190416],[-2.223378,49.184719],[-2.233632,49.184516],[-2.226471,49.206],[-2.233225,49.228502],[-2.242014,49.247952],[-2.241119,49.26024],[-2.22936,49.263007],[-2.215199,49.26024],[-2.196278,49.253404],[-2.182729,49.254055],[-2.172353,49.256252],[-2.162709,49.260403],[-2.151682,49.267035],[-2.143788,49.261868],[-2.121978,49.258287],[-2.110666,49.253404],[-2.103871,49.258205],[-2.097564,49.25967],[-2.082672,49.26024]]]}},
{"type":"Feature","id":"GGY","cc":"GG","properties":{"name":"Guernsey"},"geometry":{"type":"MultiPolygon","coordinates":[[[[-2.58023,49.493598],[-2.55956,49.499335],[-2.538197,49.509833],[-2.518219,49.51553],[-2.501698,49.506659],[-2.505767,49.497992],[-2.522125,49.479967],[-2.526723,49.458482],[-2.532948,49.442857],[-2.532786,49.43891],[-2.534088,49.436225],[-2.541982,49.430894],[-2.552073,49.426703],[-2.558705,49.427191],[-2.564849,49.429511],[-2.57311,49.430894],[-2.669342,49.430894],[-2.673451,49.433498],[-2.670766,49.438788],[-2.662953,49.443793],[-2.651845,49.445217],[-2.656565,49.459418],[-2.650258,49.46369],[-2.637929,49.463853],[-2.624623,49.465725],[-2.58023,49.493598]]],[[[-2.363759,49.446845],[-2.356353,49.440375],[-2.3544,49.427802],[-2.364654,49.417873],[-2.373525,49.411566],[-2.378082,49.412746],[-2.374827,49.419176],[-2.373118,49.424262],[-2.375885,49.430406],[-2.375478,49.435452],[-2.372629,49.438056],[-2.369862,49.442084],[-2.366119,49.445746],[-2.363759,49.446845]]],[[[-2.174469,49.731391],[-2.170318,49.728746],[-2.170318,49.723212],[-2.187896,49.710639],[-2.200836,49.705715],[-2.216868,49.70303],[-2.226226,49.707831],[-2.218495,49.718695],[-2.204701,49.724107],[-2.194814,49.724799],[-2.178619,49.730902],[-2.174469,49.731391]]],[[[-2.453684,49.481879],[-2.447825,49.483954],[-2.445221,49.474595],[-2.453359,49.462144],[-2.454498,49.466132],[-2.455068,49.475043],[-2.453684,49.481879]]]]}},
{"type":"Feature","id":"IMN","cc":"IM","properties":{"name":"Isle of Man"},"geometry":{"type":"Polygon","coordinates":[[[-4.612131,54.056952],[-4.620758,54.069648],[-4.631256,54.070624],[-4.643219,54.066596],[-4.656402,54.063788],[-4.67101,54.067043],[-4.689687,54.081529],[-4.704498,54.084866],[-4.725982,54.079006],[-4.745595,54.067369],[-4.766225,54.059231],[-4.790151,54.063788],[-4.790151,54.071234],[-4.78482,54.073065],[-4.781321,54.074774],[-4.777089,54.076239],[-4.769683,54.07746],[-4.770863,54.096829],[-4.737172,54.124905],[-4.728139,54.142564],[-4.727651,54.172593],[-4.723785,54.185452],[-4.714467,54.200344],[-4.71109,54.209906],[-4.71227,54.21662],[-4.710276,54.220649],[-4.68814,54.223782],[-4.663971,54.233547],[-4.643056,54.249416],[-4.612457,54.265448],[-4.598378,54.276597],[-4.554596,54.339179],[-4.530995,54.366116],[-4.495351,54.385891],[-4.442006,54.404364],[-4.404449,54.409654],[-4.385732,54.415717],[-4.367787,54.419013],[-4.351308,54.413804],[-4.357086,54.3994],[-4.377553,54.361884],[-4.3756,54.348334],[-4.370229,54.340888],[-4.363759,54.324286],[-4.358225,54.317613],[-4.350494,54.314765],[-4.332183,54.313422],[-4.324696,54.310207],[-4.319407,54.304592],[-4.313222,54.2956],[-4.31192,54.287177],[-4.320953,54.283515],[-4.326731,54.280341],[-4.34081,54.263007],[-4.348256,54.259508],[-4.35436,54.251532],[-4.359771,54.242255],[-4.365631,54.235053],[-4.371816,54.231269],[-4.399159,54.222073],[-4.390777,54.194729],[-4.412587,54.18008],[-4.446889,54.169135],[-4.475494,54.153144],[-4.474599,54.140815],[-4.529286,54.119086],[-4.543772,54.108466],[-4.549794,54.100653],[-4.563832,54.096829],[-4.579579,54.094428],[-4.590932,54.091051],[-4.598948,54.083889],[-4.612131,54.056952]]]}},
{"type":"Feature","id":"ALA","cc":"AX","properties":{"name":"Åland Islands"},"geometry":{"type":"MultiPolygon","coordinates":[[[[20.277599,60.142157],[20.297618,60.121527],[20.285167,60.103583],[20.268891,60.086005],[20.277599,60.066474],[20.266287,60.060492],[20.259044,60.062567],[20.252289,60.068345],[20.242849,60.07392],[20.208995,60.083319],[20.201915,60.087551],[20.198253,60.104071],[20.204926,60.120347],[20.215343,60.135688],[20.222423,60.149604],[20.24464,60.119696],[20.258067,60.107978],[20.263927,60.118232],[20.253266,60.138577],[20.255707,60.145413],[20.277599,60.142157]]],[[[19.639496,60.220933],[19.643077,60.213446],[19.660492,60.202826],[19.667491,60.196763],[19.670909,60.190579],[19.673106,60.184231],[19.674327,60.166327],[19.671072,60.158108],[19.663341,60.156684],[19.654307,60.157538],[19.646983,60.155829],[19.632498,60.165432],[19.609548,60.187486],[19.591645,60.196763],[19.599457,60.179877],[19.603282,60.164008],[19.59962,60.149115],[19.584809,60.135321],[19.565196,60.12995],[19.544607,60.134752],[19.527029,60.148627],[19.516612,60.170111],[19.513927,60.179104],[19.513194,60.183783],[19.517589,60.187649],[19.530284,60.193671],[19.537283,60.201117],[19.536957,60.211127],[19.535167,60.222073],[19.53712,60.232164],[19.542247,60.236965],[19.560395,60.248969],[19.567882,60.255113],[19.578868,60.260484],[19.593761,60.260484],[19.608409,60.256903],[19.628103,60.246649],[19.634451,60.240139],[19.638357,60.231635],[19.639496,60.220933]]],[[[20.427908,60.265692],[20.434825,60.262397],[20.438975,60.258205],[20.440766,60.252631],[20.441417,60.245185],[20.392914,60.196763],[20.38087,60.198879],[20.38087,60.204047],[20.385509,60.210761],[20.386241,60.217231],[20.387706,60.221869],[20.387543,60.232978],[20.38266,60.240709],[20.353038,60.228827],[20.345388,60.237698],[20.347016,60.252875],[20.358897,60.265692],[20.379649,60.26968],[20.410981,60.259508],[20.427908,60.265692]]],[[[20.818858,60.232164],[20.790538,60.238715],[20.781098,60.263658],[20.787283,60.286322],[20.805186,60.2862],[20.815278,60.280992],[20.845958,60.270331],[20.853038,60.265692],[20.850597,60.253607],[20.838878,60.246812],[20.823985,60.244452],[20.811371,60.245185],[20.818858,60.232164]]],[[[20.208751,60.224677],[20.222016,60.209906],[20.229747,60.20425],[20.218923,60.201321],[20.209646,60.200873],[20.200938,60.199408],[20.191661,60.193671],[20.186371,60.187323],[20.177989,60.173529],[20.174571,60.170111],[20.161957,60.167141],[20.154633,60.169745],[20.147797,60.174018],[20.136974,60.176337],[20.09547,60.176337],[20.087087,60.182196],[20.088878,60.195868],[20.095551,60.210883],[20.102306,60.220933],[20.122895,60.23078],[20.172374,60.232815],[20.188243,60.245185],[20.147716,60.244778],[20.111013,60.239447],[20.081879,60.223375],[20.064708,60.190619],[20.057872,60.190619],[20.060883,60.214748],[20.048188,60.226508],[20.031912,60.236396],[20.023692,60.255113],[20.036388,60.271877],[20.05714,60.293158],[20.06129,60.310045],[20.023692,60.313463],[20.023692,60.306627],[20.033865,60.293891],[20.024913,60.276435],[20.003266,60.267035],[19.975922,60.278713],[19.979747,60.261054],[19.993988,60.241441],[20.01295,60.225165],[20.030528,60.217231],[20.020763,60.210354],[20.014903,60.202338],[20.013194,60.193427],[20.016287,60.183743],[19.964122,60.19481],[19.948009,60.20425],[19.953868,60.209418],[19.95574,60.212836],[19.954845,60.224677],[19.927745,60.222805],[19.914561,60.218207],[19.917247,60.207668],[19.929698,60.196357],[19.943614,60.186225],[19.958832,60.179104],[19.987315,60.173041],[19.996593,60.166002],[20.003917,60.158922],[20.01002,60.155829],[20.019867,60.158108],[20.027517,60.163316],[20.034923,60.169989],[20.0442,60.176337],[20.03297,60.144355],[20.030121,60.128974],[20.030528,60.114814],[20.03419,60.111396],[20.040863,60.109117],[20.047537,60.105414],[20.050466,60.097805],[20.04477,60.08747],[20.031586,60.087388],[20.006358,60.094387],[19.965994,60.091132],[19.948985,60.083889],[19.951427,60.070136],[19.958181,60.053778],[19.948497,60.047675],[19.937755,60.05036],[19.941173,60.060248],[19.924001,60.091539],[19.91033,60.10106],[19.886567,60.101223],[19.873302,60.096422],[19.870291,60.09101],[19.868337,60.085517],[19.858653,60.080756],[19.845063,60.078681],[19.831716,60.079495],[19.823253,60.084296],[19.824474,60.094387],[19.806977,60.09984],[19.78891,60.096259],[19.773448,60.086493],[19.763031,60.07392],[19.747569,60.101386],[19.710297,60.145209],[19.694672,60.170111],[19.687999,60.199286],[19.682384,60.211982],[19.670909,60.217231],[19.668793,60.224677],[19.646983,60.265692],[19.666677,60.266059],[19.682872,60.26435],[19.691417,60.256537],[19.688487,60.238349],[19.6963,60.248765],[19.702485,60.260077],[19.709321,60.268866],[19.718923,60.272528],[19.732107,60.273912],[19.770518,60.2862],[19.762869,60.290513],[19.757823,60.295478],[19.74936,60.306627],[19.77003,60.30329],[19.777354,60.299791],[19.783458,60.303046],[19.786306,60.303534],[19.79656,60.299791],[19.780772,60.270941],[19.765147,60.248969],[19.768077,60.240424],[19.776378,60.233344],[19.78419,60.224677],[19.792003,60.200141],[19.798595,60.193061],[19.81422,60.190619],[19.821788,60.19599],[19.823497,60.208482],[19.8213,60.22248],[19.817638,60.232164],[19.83546,60.226386],[19.851817,60.217231],[19.858653,60.245185],[19.879731,60.258857],[19.884613,60.272528],[19.886404,60.293647],[19.892833,60.306627],[19.898123,60.291978],[19.899587,60.284613],[19.900157,60.27558],[19.905528,60.271796],[19.917247,60.272935],[19.929047,60.277167],[19.934337,60.282416],[19.931488,60.29975],[19.924001,60.314276],[19.912934,60.325751],[19.900157,60.33393],[19.893321,60.339586],[19.889496,60.344672],[19.885102,60.345201],[19.875987,60.337633],[19.865082,60.319648],[19.857677,60.313218],[19.848399,60.317206],[19.833344,60.334052],[19.819184,60.346829],[19.802013,60.354193],[19.777354,60.355048],[19.792979,60.360541],[19.801768,60.368842],[19.80836,60.378567],[19.817638,60.388577],[19.838145,60.400458],[19.85963,60.405585],[19.882335,60.405585],[19.906423,60.402167],[19.913585,60.388861],[19.918468,60.370185],[19.927501,60.356431],[19.969981,60.361396],[19.995616,60.356431],[20.019705,60.346259],[20.036794,60.33393],[20.028494,60.354071],[20.023692,60.361274],[20.038422,60.359565],[20.072032,60.349921],[20.082205,60.351304],[20.093028,60.355129],[20.104666,60.349921],[20.12615,60.33393],[20.178071,60.322984],[20.192068,60.312323],[20.181407,60.2862],[20.1963,60.290269],[20.201915,60.292955],[20.217621,60.286282],[20.238048,60.281562],[20.277599,60.278713],[20.242849,60.245185],[20.236013,60.232164],[20.208751,60.224677]]],[[[20.875255,59.91413],[20.867931,59.917914],[20.862071,59.928168],[20.87086,59.936754],[20.884532,59.939765],[20.897472,59.940131],[20.906586,59.933539],[20.912852,59.920722],[20.920177,59.909247],[20.912364,59.904486],[20.887706,59.909125],[20.875255,59.91413]]],[[[20.983572,59.942776],[20.969412,59.943834],[20.969249,59.942084],[20.984141,59.936265],[20.991222,59.926744],[20.982758,59.921536],[20.93214,59.935858],[20.918468,59.943061],[20.913259,59.948432],[20.915212,59.949368],[20.919932,59.953315],[20.934744,59.957994],[20.978689,59.952053],[20.989757,59.95189],[20.99586,59.949897],[20.996593,59.945014],[20.983572,59.942776]]],[[[20.610118,60.044989],[20.612559,60.043443],[20.617931,60.042222],[20.615245,60.041083],[20.603363,60.039781],[20.600922,60.039211],[20.608246,60.035956],[20.609874,60.029853],[20.606293,60.02265],[20.596446,60.016059],[20.587169,60.008124],[20.577485,60.006659],[20.550466,60.018866],[20.546153,60.016506],[20.539887,60.009508],[20.527029,60.005072],[20.511892,60.006334],[20.500824,60.012681],[20.505544,60.024237],[20.530935,60.048407],[20.544932,60.056098],[20.55836,60.057603],[20.568207,60.056952],[20.576182,60.059149],[20.582856,60.059149],[20.587087,60.055894],[20.587901,60.051947],[20.591075,60.050849],[20.598643,60.05268],[20.604991,60.052069],[20.608653,60.047593],[20.610118,60.044989]]],[[[20.424083,60.055243],[20.448904,60.065131],[20.462576,60.066799],[20.45102,60.040107],[20.43214,60.025092],[20.402354,60.021308],[20.390147,60.028225],[20.403494,60.040513],[20.424083,60.055243]]],[[[20.521169,60.048041],[20.519379,60.042955],[20.500336,60.036363],[20.471365,60.041327],[20.469737,60.057359],[20.488048,60.062405],[20.522227,60.064765],[20.525401,60.065497],[20.516449,60.066962],[20.518403,60.07038],[20.533376,60.073635],[20.54184,60.07099],[20.535818,60.064154],[20.526215,60.05683],[20.521169,60.048041]]],[[[20.68336,60.13052],[20.686534,60.126532],[20.688243,60.117011],[20.681977,60.110175],[20.67156,60.109198],[20.655772,60.115912],[20.638682,60.131334],[20.635509,60.143948],[20.644054,60.149359],[20.653575,60.151353],[20.659923,60.149726],[20.66863,60.145006],[20.679454,60.136298],[20.68336,60.13052]]],[[[20.683767,60.229397],[20.705903,60.218248],[20.716319,60.209296],[20.707693,60.199652],[20.686778,60.194566],[20.670665,60.199205],[20.664073,60.205024],[20.663422,60.216376],[20.668468,60.226711],[20.683767,60.229397]]],[[[20.777354,60.326483],[20.740001,60.312405],[20.732677,60.314358],[20.731456,60.32099],[20.731781,60.324408],[20.732677,60.33275],[20.735362,60.337795],[20.7435,60.348456],[20.746918,60.351874],[20.750662,60.354885],[20.754893,60.360745],[20.757172,60.366116],[20.764334,60.367865],[20.776134,60.3664],[20.787364,60.361965],[20.792003,60.352769],[20.789399,60.342719],[20.78533,60.333564],[20.777354,60.326483]]],[[[20.281315,59.976616],[20.301908,59.998975],[20.339447,60.02011],[20.362418,60.01767],[20.398457,60.009129],[20.436746,60.004989],[20.447059,59.995181],[20.398576,59.981349],[20.367135,59.981994],[20.339325,59.980208],[20.324819,59.977195],[20.322366,59.962686],[20.306648,59.953624],[20.283707,59.958475],[20.281315,59.976616]]],[[[20.03365,60.063626],[20.068193,60.072654],[20.101269,60.094975],[20.130042,60.086928],[20.163259,60.087845],[20.193191,60.06557],[20.212658,60.035918],[20.222526,60.01488],[20.225218,60.005478],[20.211791,59.99115],[20.187641,59.976367],[20.175121,59.971436],[20.184037,59.992938],[20.171495,59.998754],[20.151813,59.992923],[20.123179,59.988872],[20.105255,59.996469],[20.116869,60.005434],[20.121318,60.016627],[20.104258,60.028248],[20.078257,60.028224],[20.058457,60.039396],[20.025256,60.042485],[20.03365,60.063626]]],[[[21.088634,60.480129],[21.094737,60.475572],[21.09669,60.463446],[21.088227,60.452216],[21.07838,60.448961],[21.064952,60.454779],[21.059255,60.466742],[21.064301,60.474351],[21.076427,60.480414],[21.084646,60.48078],[21.088634,60.480129]]]]}},
{"type":"Feature","id":"FRO","cc":"FO","properties":{"name":"Faroe Islands"},"geometry":{"type":"MultiPolygon","coordinates":[[[[-6.654775,61.395941],[-6.677602,61.39411],[-6.699778,61.404242],[-6.736684,61.430732],[-6.827463,61.471869],[-6.870473,61.501532],[-6.865834,61.526923],[-6.892242,61.542426],[-6.923085,61.566107],[-6.946034,61.590725],[-6.948964,61.608832],[-6.953521,61.613674],[-6.962554,61.62873],[-6.942128,61.62873],[-6.944325,61.632392],[-6.944692,61.633368],[-6.948964,61.636135],[-6.912221,61.647895],[-6.894643,61.649115],[-6.880035,61.64232],[-6.900217,61.631578],[-6.907338,61.62873],[-6.897857,61.624335],[-6.887766,61.622219],[-6.877024,61.621731],[-6.865834,61.622504],[-6.914174,61.601386],[-6.914174,61.595201],[-6.825673,61.600165],[-6.799062,61.583441],[-6.737457,61.579047],[-6.715566,61.567857],[-6.713206,61.554429],[-6.724273,61.546454],[-6.740631,61.544867],[-6.753774,61.550482],[-6.766103,61.55801],[-6.782623,61.561591],[-6.797719,61.560614],[-6.805572,61.554185],[-6.786204,61.551703],[-6.774526,61.54328],[-6.766428,61.533596],[-6.757192,61.526923],[-6.747222,61.525946],[-6.725331,61.528469],[-6.715566,61.526923],[-6.705719,61.521064],[-6.70165,61.514716],[-6.704661,61.509345],[-6.715566,61.505805],[-6.715566,61.498969],[-6.67398,61.488471],[-6.677602,61.479926],[-6.686594,61.47842],[-6.698069,61.47956],[-6.709381,61.479153],[-6.743642,61.469957],[-6.761098,61.468899],[-6.783844,61.472317],[-6.783844,61.46483],[-6.77245,61.463568],[-6.762685,61.460028],[-6.755198,61.453681],[-6.750356,61.444322],[-6.73884,61.455715],[-6.721181,61.459377],[-6.681386,61.457994],[-6.683827,61.454291],[-6.688303,61.444322],[-6.666249,61.439846],[-6.651235,61.425238],[-6.646352,61.408149],[-6.654775,61.395941]]],[[[-6.612538,61.821112],[-6.626454,61.810492],[-6.633168,61.803697],[-6.629872,61.800605],[-6.627675,61.795315],[-6.629872,61.766547],[-6.634633,61.763332],[-6.641916,61.756293],[-6.651031,61.749254],[-6.660959,61.746039],[-6.66804,61.748847],[-6.733225,61.81391],[-6.746653,61.821112],[-6.838287,61.829006],[-6.85436,61.832221],[-6.867665,61.839342],[-6.87328,61.852118],[-6.877553,61.869574],[-6.899078,61.893866],[-6.907338,61.909857],[-6.884267,61.907864],[-6.841868,61.898871],[-6.821685,61.896877],[-6.789703,61.8994],[-6.777659,61.896877],[-6.768219,61.891791],[-6.754058,61.879828],[-6.742909,61.87641],[-6.66686,61.866034],[-6.654775,61.858954],[-6.648183,61.844794],[-6.619211,61.830878],[-6.612538,61.821112]]],[[[-7.383697,62.094875],[-7.410756,62.105699],[-7.429555,62.128485],[-7.431549,62.148179],[-7.407623,62.150092],[-7.37206,62.132961],[-7.359853,62.129584],[-7.352406,62.128852],[-7.329172,62.129584],[-7.32136,62.131741],[-7.318837,62.13642],[-7.318023,62.141099],[-7.315175,62.143256],[-7.303619,62.145494],[-7.286122,62.15526],[-7.215891,62.163764],[-7.215891,62.157538],[-7.222646,62.157538],[-7.222646,62.150092],[-7.183909,62.137437],[-7.171132,62.13581],[-7.160146,62.132554],[-7.144154,62.116156],[-7.133901,62.109117],[-7.109039,62.104926],[-7.082631,62.105699],[-7.057973,62.103176],[-7.038319,62.088609],[-7.050689,62.075832],[-7.059804,62.062893],[-7.071848,62.052558],[-7.093007,62.047675],[-7.110911,62.049302],[-7.127268,62.053046],[-7.143544,62.054023],[-7.161204,62.047675],[-7.153228,62.044135],[-7.145009,62.041693],[-7.136138,62.040473],[-7.126454,62.040229],[-7.184885,62.026557],[-7.202138,62.019721],[-7.193593,62.030585],[-7.189117,62.034003],[-7.196034,62.047919],[-7.207428,62.060207],[-7.221425,62.06623],[-7.236318,62.061347],[-7.228017,62.058051],[-7.215688,62.051174],[-7.206614,62.042548],[-7.208404,62.034003],[-7.218984,62.032864],[-7.26358,62.047675],[-7.325754,62.0539],[-7.3662,62.06745],[-7.380279,62.068183],[-7.380279,62.074937],[-7.28482,62.074937],[-7.307118,62.083197],[-7.332834,62.089504],[-7.383697,62.094875]]],[[[-7.222646,62.1706],[-7.232086,62.176418],[-7.235219,62.180162],[-7.236318,62.187649],[-7.233957,62.198391],[-7.228261,62.201117],[-7.221588,62.201402],[-7.215891,62.204739],[-7.210357,62.218451],[-7.209462,62.228705],[-7.205068,62.235663],[-7.189117,62.239447],[-7.20816,62.254218],[-7.208119,62.275214],[-7.195424,62.314602],[-7.190256,62.309801],[-7.185618,62.308824],[-7.180816,62.309149],[-7.174957,62.307766],[-7.106435,62.300035],[-7.072621,62.290269],[-7.058217,62.276679],[-7.045481,62.252387],[-6.997222,62.20718],[-6.997385,62.184231],[-6.963775,62.1789],[-6.906606,62.155463],[-6.856068,62.147895],[-6.84732,62.142035],[-6.846344,62.133368],[-6.852691,62.122748],[-6.862213,62.115424],[-6.875478,62.108954],[-6.889312,62.104315],[-6.900502,62.102281],[-6.812978,62.104234],[-6.798085,62.091742],[-6.784088,62.076728],[-6.779368,62.066107],[-6.787587,62.061347],[-6.845937,62.061347],[-6.845937,62.0539],[-6.810536,62.046332],[-6.742909,62.047105],[-6.715566,62.034003],[-6.726145,62.021715],[-6.734039,62.005357],[-6.731923,61.991116],[-6.698842,61.982082],[-6.700754,61.9737],[-6.705881,61.960761],[-6.701894,61.944037],[-6.734486,61.938218],[-6.765004,61.953681],[-6.793853,61.974514],[-6.856923,61.994778],[-6.910146,62.037909],[-6.945546,62.047675],[-6.959828,62.049994],[-6.969146,62.056952],[-6.97411,62.06859],[-6.975697,62.084906],[-6.982167,62.094062],[-6.99767,62.103746],[-7.016021,62.111884],[-7.030873,62.116604],[-7.109446,62.122748],[-7.126943,62.127143],[-7.137115,62.136664],[-7.136138,62.146145],[-7.120229,62.150092],[-7.128814,62.162055],[-7.142486,62.160793],[-7.158559,62.15412],[-7.174957,62.150092],[-7.185618,62.152411],[-7.213694,62.16474],[-7.222646,62.1706]]],[[[-7.055084,62.290351],[-7.063588,62.296373],[-7.075022,62.301947],[-7.084055,62.307766],[-7.085561,62.314602],[-7.077138,62.321601],[-7.06664,62.320502],[-7.055247,62.316392],[-7.044586,62.314602],[-7.022857,62.318996],[-6.98644,62.332261],[-6.940663,62.336982],[-6.928456,62.335028],[-6.918121,62.331041],[-6.909332,62.326239],[-6.899973,62.322414],[-6.887522,62.321438],[-6.883209,62.311225],[-6.900706,62.304145],[-6.923411,62.297919],[-6.934641,62.290351],[-6.934234,62.273586],[-6.931304,62.260077],[-6.923207,62.24901],[-6.907338,62.239447],[-6.917388,62.269924],[-6.912953,62.281806],[-6.83849,62.294176],[-6.813832,62.293402],[-6.798085,62.280463],[-6.805979,62.279486],[-6.824778,62.273017],[-6.746653,62.266791],[-6.737131,62.262112],[-6.745432,62.252021],[-6.763499,62.242418],[-6.783844,62.239447],[-6.783844,62.232001],[-6.772288,62.23017],[-6.753326,62.221096],[-6.742909,62.218411],[-6.734731,62.219184],[-6.715728,62.224555],[-6.705637,62.225816],[-6.65095,62.216254],[-6.608632,62.202379],[-6.60554,62.19599],[-6.618764,62.192288],[-6.643951,62.191067],[-6.703969,62.195136],[-6.722401,62.191067],[-6.722401,62.184231],[-6.600087,62.153388],[-6.564117,62.13581],[-6.6162,62.139146],[-6.667795,62.150092],[-6.667795,62.143256],[-6.645823,62.141018],[-6.625478,62.13345],[-6.59203,62.116604],[-6.59203,62.109117],[-6.610097,62.110419],[-6.630686,62.109076],[-6.649159,62.104193],[-6.660959,62.094875],[-6.656606,62.092963],[-6.652252,62.090033],[-6.647328,62.088609],[-6.647328,62.081244],[-6.655751,62.077053],[-6.659535,62.072943],[-6.659088,62.068061],[-6.654775,62.061347],[-6.691396,62.073391],[-6.701243,62.094184],[-6.701527,62.119127],[-6.709381,62.143256],[-6.726796,62.161282],[-6.75357,62.181708],[-6.783844,62.19481],[-6.811838,62.191067],[-6.788401,62.178046],[-6.758656,62.165595],[-6.733022,62.14883],[-6.722401,62.122748],[-6.740305,62.101142],[-6.780873,62.116685],[-6.859609,62.163764],[-6.900258,62.162543],[-6.910756,62.167182],[-6.916982,62.171576],[-6.937978,62.182115],[-6.945546,62.184231],[-6.957509,62.189602],[-7.020334,62.239691],[-7.055084,62.290351]]],[[[-6.537465,62.191067],[-6.571278,62.213324],[-6.582753,62.228583],[-6.578359,62.245673],[-6.57136,62.251776],[-6.567494,62.251125],[-6.564809,62.247707],[-6.561025,62.245673],[-6.55309,62.247016],[-6.551503,62.250881],[-6.551422,62.256496],[-6.547963,62.263373],[-6.54601,62.271959],[-6.548899,62.299506],[-6.551096,62.307766],[-6.563303,62.328315],[-6.571685,62.346747],[-6.566518,62.361274],[-6.537465,62.369818],[-6.544911,62.362372],[-6.516916,62.323065],[-6.482737,62.295111],[-6.440175,62.275133],[-6.386586,62.259955],[-6.405263,62.244615],[-6.436513,62.242377],[-6.468577,62.248928],[-6.489654,62.259955],[-6.49649,62.252509],[-6.45934,62.228095],[-6.439849,62.22012],[-6.420766,62.225816],[-6.417795,62.208319],[-6.414296,62.202582],[-6.407094,62.197821],[-6.407094,62.191067],[-6.423818,62.185492],[-6.444163,62.183092],[-6.463857,62.185533],[-6.479075,62.194485],[-6.506459,62.221747],[-6.522125,62.22956],[-6.537465,62.225816],[-6.516021,62.191799],[-6.506988,62.181098],[-6.503163,62.174058],[-6.509918,62.173814],[-6.519399,62.176418],[-6.529368,62.180609],[-6.532094,62.183905],[-6.534088,62.187567],[-6.537465,62.191067]]],[[[-7.559722,62.107733],[-7.54601,62.101793],[-7.536733,62.098782],[-7.546254,62.096991],[-7.558705,62.096137],[-7.640696,62.09984],[-7.644154,62.107001],[-7.617258,62.114447],[-7.588043,62.115139],[-7.559722,62.107733]]],[[[-6.321441,62.308092],[-6.291331,62.307685],[-6.275787,62.30272],[-6.276845,62.296291],[-6.306142,62.281806],[-6.29955,62.271552],[-6.299428,62.262274],[-6.304107,62.256008],[-6.31314,62.2508],[-6.32608,62.247138],[-6.341868,62.24433],[-6.35851,62.245836],[-6.370351,62.255927],[-6.380727,62.26911],[-6.384348,62.280219],[-6.372467,62.287991],[-6.355621,62.291897],[-6.321441,62.308092]]],[[[-6.585276,62.289862],[-6.580719,62.281562],[-6.579701,62.266791],[-6.594472,62.261176],[-6.6162,62.266303],[-6.636383,62.280097],[-6.646311,62.289618],[-6.673329,62.321031],[-6.684316,62.344062],[-6.680816,62.366116],[-6.664296,62.374213],[-6.648061,62.366523],[-6.639272,62.351996],[-6.596262,62.304755],[-6.585276,62.289862]]],[[[-6.654693,62.264065],[-6.648183,62.259833],[-6.63915,62.24901],[-6.6433,62.238511],[-6.658599,62.236477],[-6.676666,62.2414],[-6.691029,62.252265],[-6.698964,62.268459],[-6.708974,62.283271],[-6.716054,62.289618],[-6.735829,62.304145],[-6.762278,62.327704],[-6.769439,62.336005],[-6.787221,62.361274],[-6.789052,62.375312],[-6.779124,62.379584],[-6.765289,62.373725],[-6.751943,62.362128],[-6.724355,62.328843],[-6.654693,62.264065]]],[[[-6.409169,62.324042],[-6.401519,62.320014],[-6.394602,62.309882],[-6.399403,62.301093],[-6.405914,62.294257],[-6.423695,62.290351],[-6.455719,62.295966],[-6.485463,62.310004],[-6.509267,62.329779],[-6.524078,62.346503],[-6.533437,62.371894],[-6.546295,62.378119],[-6.555898,62.390937],[-6.542551,62.398912],[-6.519032,62.395331],[-6.504628,62.3876],[-6.49474,62.374945],[-6.48705,62.360338],[-6.474762,62.349351],[-6.460439,62.33983],[-6.454701,62.331041],[-6.454823,62.324205],[-6.449127,62.317816],[-6.438466,62.319078],[-6.42748,62.325873],[-6.415517,62.326239],[-6.409169,62.324042]]]]}},
{"type":"Feature","id":"IOT","cc":"IO","properties":{"name":"British Indian Ocean Territory"},"geometry":{"type":"MultiPolygon","coordinates":[[[[72.46754,-7.383884],[72.471528,-7.379083],[72.474783,-7.37656],[72.477712,-7.372817],[72.480317,-7.364679],[72.483165,-7.370294],[72.48463,-7.375909],[72.484141,-7.382501],[72.480642,-7.390558],[72.472667,-7.399998],[72.444102,-7.424981],[72.432872,-7.432224],[72.426931,-7.403985],[72.432872,-7.346775],[72.426036,-7.322931],[72.419444,-7.317315],[72.396658,-7.304864],[72.388194,-7.302504],[72.379242,-7.296808],[72.357677,-7.268324],[72.370942,-7.270196],[72.420177,-7.303888],[72.432872,-7.316095],[72.438975,-7.340265],[72.432872,-7.425388],[72.443207,-7.416436],[72.46754,-7.383884]]],[[[72.484223,-7.278253],[72.49464,-7.296157],[72.489594,-7.309828],[72.47934,-7.323175],[72.473806,-7.34002],[72.474294,-7.346938],[72.475352,-7.352797],[72.479015,-7.361912],[72.474946,-7.356541],[72.47047,-7.348891],[72.468028,-7.34059],[72.470714,-7.333185],[72.486501,-7.302423],[72.477224,-7.278416],[72.456798,-7.255141],[72.439708,-7.226739],[72.45045,-7.234145],[72.484223,-7.278253]]],[[[71.350352,-6.65252],[71.362071,-6.652927],[71.355235,-6.656345],[71.351736,-6.655694],[71.350352,-6.653497],[71.350352,-6.65252]]],[[[71.261404,-6.388604],[71.260997,-6.378025],[71.26238,-6.373956],[71.267345,-6.37005],[71.268809,-6.378106],[71.267589,-6.382745],[71.264822,-6.385919],[71.261404,-6.388604]]],[[[71.33839,-6.195896],[71.342296,-6.188084],[71.347016,-6.182224],[71.353282,-6.178399],[71.360525,-6.177341],[71.3567,-6.188735],[71.351085,-6.200291],[71.344737,-6.204848],[71.33839,-6.195896]]],[[[71.773204,-5.440199],[71.764659,-5.433852],[71.76238,-5.431736],[71.771739,-5.433364],[71.774587,-5.435724],[71.774181,-5.438084],[71.773204,-5.440199]]],[[[72.221446,-5.327813],[72.230968,-5.319268],[72.228282,-5.324802],[72.225352,-5.327244],[72.222911,-5.327732],[72.221446,-5.327813]]],[[[71.737071,-5.285252],[71.747081,-5.269952],[71.745453,-5.278741],[71.742361,-5.283136],[71.738943,-5.284926],[71.737071,-5.285252]]],[[[71.760265,-5.236586],[71.768565,-5.234145],[71.766449,-5.23919],[71.764496,-5.239679],[71.762706,-5.23797],[71.760265,-5.236586]]],[[[71.966156,-5.234796],[71.96461,-5.232354],[71.962738,-5.231215],[71.961681,-5.230076],[71.962738,-5.226983],[71.966482,-5.227472],[71.967052,-5.229181],[71.966156,-5.231703],[71.966156,-5.234796]]]]}},
{"type":"Feature","id":"SGP","cc":"SG","properties":{"name":"Singapore"},"geometry":{"type":"Polygon","coordinates":[[[103.960785,1.391099],[103.985688,1.385443],[103.999522,1.380316],[104.003429,1.374172],[103.991873,1.354926],[103.974864,1.334459],[103.954356,1.318101],[103.931895,1.311469],[103.907237,1.308743],[103.887706,1.301256],[103.852712,1.277289],[103.846934,1.271918],[103.844086,1.2685],[103.838878,1.266262],[103.82602,1.264309],[103.801606,1.264797],[103.789561,1.26789],[103.784434,1.273871],[103.77589,1.287584],[103.755138,1.297105],[103.730154,1.302924],[103.708751,1.305243],[103.665294,1.304104],[103.647634,1.308417],[103.640391,1.322252],[103.644705,1.338039],[103.674571,1.380316],[103.678884,1.399237],[103.683849,1.409898],[103.695079,1.421332],[103.708344,1.429389],[103.717947,1.430976],[103.739757,1.428127],[103.762218,1.430976],[103.79005,1.444281],[103.804942,1.448635],[103.831554,1.447089],[103.857188,1.438707],[103.932465,1.401109],[103.960785,1.391099]]]}},
{"type":"Feature","id":"NFK","cc":"NF","properties":{"name":"Norfolk Island"},"geometry":{"type":"Polygon","coordinates":[[[167.984141,-29.017836],[167.996349,-29.025649],[167.99464,-29.042576],[167.985037,-29.059259],[167.973481,-29.066339],[167.970063,-29.068943],[167.967947,-29.072035],[167.966482,-29.075779],[167.966645,-29.080011],[167.960704,-29.065606],[167.95045,-29.056573],[167.939708,-29.055759],[167.932628,-29.066339],[167.926443,-29.066339],[167.924327,-29.055597],[167.920177,-29.045505],[167.918305,-29.036391],[167.922374,-29.028741],[167.929942,-29.019464],[167.930512,-29.01214],[167.924571,-29.008722],[167.91212,-29.011651],[167.926524,-28.997491],[167.945567,-29.001235],[167.965831,-29.011814],[167.984141,-29.017836]]]}},
{"type":"Feature","id":"COK","cc":"CK","properties":{"name":"Cook Islands"},"geometry":{"type":"MultiPolygon","coordinates":[[[[-157.93456,-21.877537],[-157.921335,-21.882257],[-157.910349,-21.891697],[-157.889882,-21.915297],[-157.887074,-21.926365],[-157.898508,-21.933689],[-157.91511,-21.937677],[-157.927724,-21.938897],[-157.942454,-21.937188],[-157.95287,-21.932306],[-157.961049,-21.923923],[-157.968699,-21.912286],[-157.96406,-21.900486],[-157.955149,-21.888849],[-157.944447,-21.880466],[-157.93456,-21.877537]]],[[[-157.707997,-19.767185],[-157.70995,-19.788344],[-157.707224,-19.815851],[-157.708241,-19.841241],[-157.721669,-19.85589],[-157.721669,-19.842218],[-157.726877,-19.832289],[-157.733713,-19.825942],[-157.739613,-19.818455],[-157.742136,-19.80462],[-157.737538,-19.796563],[-157.715566,-19.773207],[-157.707997,-19.767185]]],[[[-157.940745,-8.980727],[-157.961863,-8.980727],[-157.978627,-8.976007],[-157.997141,-8.964614],[-158.00829,-8.952895],[-158.002878,-8.94671],[-157.940745,-8.974542],[-157.940745,-8.980727]]],[[[-159.797841,-21.18613],[-159.778432,-21.186944],[-159.758412,-21.191827],[-159.742747,-21.201593],[-159.736399,-21.216729],[-159.736033,-21.236993],[-159.737864,-21.24627],[-159.743235,-21.254327],[-159.770863,-21.250177],[-159.774281,-21.250909],[-159.793284,-21.241632],[-159.833079,-21.244561],[-159.846262,-21.233819],[-159.838816,-21.226332],[-159.832834,-21.207615],[-159.83141,-21.195571],[-159.823435,-21.18906],[-159.797841,-21.18613]]],[[[-157.312815,-20.155206],[-157.317983,-20.171808],[-157.328562,-20.179132],[-157.340321,-20.175714],[-157.349355,-20.16074],[-157.348988,-20.143324],[-157.338572,-20.137384],[-157.324412,-20.141697],[-157.312815,-20.155206]]],[[[-158.078318,-19.994236],[-158.081776,-20.012791],[-158.096547,-20.019708],[-158.115102,-20.01572],[-158.129954,-20.000746],[-158.135203,-19.976495],[-158.12031,-19.972833],[-158.097361,-19.981541],[-158.078318,-19.994236]]],[[[-158.2683,-19.832615],[-158.281077,-19.821954],[-158.276357,-19.8235],[-158.273305,-19.826267],[-158.2683,-19.832615]]],[[[-158.287668,-19.810642],[-158.293772,-19.816583],[-158.297353,-19.817315],[-158.295969,-19.814548],[-158.287668,-19.810642]]],[[[-158.92516,-19.26922],[-158.937449,-19.264255],[-158.950185,-19.25449],[-158.955556,-19.245294],[-158.945668,-19.24212],[-158.940663,-19.247328],[-158.937978,-19.257094],[-158.9322,-19.264255],[-158.91808,-19.261163],[-158.918894,-19.264093],[-158.920359,-19.266046],[-158.92516,-19.26922]]],[[[-165.824534,-10.881768],[-165.815867,-10.880304],[-165.811757,-10.880141],[-165.807688,-10.88128],[-165.814036,-10.889093],[-165.818715,-10.891534],[-165.822092,-10.889093],[-165.824534,-10.881768]]],[[[-160.986236,-10.382094],[-160.994333,-10.374688],[-160.996409,-10.371515],[-160.979929,-10.380955],[-160.9381,-10.422784],[-160.986236,-10.382094]]],[[[-161.088002,-10.035089],[-161.070058,-10.027439],[-161.075551,-10.036391],[-161.08727,-10.04461],[-161.088002,-10.035089]]],[[[-159.785105,-18.830824],[-159.772613,-18.828953],[-159.761993,-18.837254],[-159.761383,-18.845392],[-159.764963,-18.841729],[-159.766632,-18.835219],[-159.769683,-18.834324],[-159.779246,-18.852879],[-159.779612,-18.856378],[-159.776479,-18.878188],[-159.782867,-18.887953],[-159.793609,-18.887465],[-159.800811,-18.878188],[-159.802317,-18.865818],[-159.797882,-18.846531],[-159.793853,-18.839939],[-159.785105,-18.830824]]]]}},
{"type":"Feature","id":"TON","cc":"TO","properties":{"name":"Tonga"},"geometry":{"type":"MultiPolygon","coordinates":[[[[-173.95637,-18.567315],[-173.941274,-18.572849],[-173.934275,-18.579278],[-173.927968,-18.586684],[-173.915395,-18.59531],[-173.914255,-18.606134],[-173.915151,-18.626886],[-173.922963,-18.636977],[-173.942087,-18.615818],[-173.952952,-18.620701],[-173.958608,-18.626723],[-173.957631,-18.63421],[-173.948964,-18.643162],[-173.957224,-18.653009],[-173.962595,-18.663507],[-173.976633,-18.660577],[-173.985951,-18.670994],[-173.99059,-18.688084],[-173.990549,-18.705173],[-174.003041,-18.6985],[-174.009958,-18.687107],[-174.017201,-18.663507],[-174.001169,-18.657403],[-174.000356,-18.645685],[-174.006459,-18.634373],[-174.010976,-18.62949],[-174.022328,-18.638849],[-174.025624,-18.653741],[-174.030141,-18.663344],[-174.045155,-18.656834],[-174.046132,-18.662367],[-174.049062,-18.663507],[-174.053578,-18.663181],[-174.059438,-18.663507],[-174.072499,-18.633966],[-174.053578,-18.619073],[-174.025461,-18.604913],[-174.010976,-18.577895],[-174.00414,-18.570977],[-173.988108,-18.567315],[-173.969838,-18.566176],[-173.95637,-18.567315]]],[[[-174.914744,-21.292169],[-174.908518,-21.32936],[-174.909047,-21.344496],[-174.914744,-21.381443],[-174.91393,-21.444106],[-174.920277,-21.454197],[-174.935862,-21.445489],[-174.942209,-21.430271],[-174.954905,-21.418064],[-174.983632,-21.397719],[-174.983632,-21.390883],[-174.979685,-21.389418],[-174.96996,-21.383966],[-174.975819,-21.373142],[-174.976877,-21.359552],[-174.97175,-21.347914],[-174.951853,-21.339776],[-174.945505,-21.332127],[-174.935862,-21.315688],[-174.933542,-21.309503],[-174.926137,-21.29461],[-174.918406,-21.284438],[-174.914744,-21.292169]]],[[[-175.065541,-21.123956],[-175.054636,-21.131524],[-175.050893,-21.139337],[-175.051869,-21.154962],[-175.060496,-21.163751],[-175.11738,-21.203058],[-175.120961,-21.211684],[-175.119333,-21.222345],[-175.115915,-21.233575],[-175.113962,-21.244073],[-175.117624,-21.255955],[-175.126536,-21.262791],[-175.137807,-21.266209],[-175.148752,-21.267999],[-175.170359,-21.26336],[-175.180491,-21.25506],[-175.196523,-21.226332],[-175.209665,-21.214451],[-175.257314,-21.192153],[-175.264841,-21.19964],[-175.289622,-21.185968],[-175.303782,-21.180759],[-175.316274,-21.178643],[-175.325754,-21.173598],[-175.350453,-21.141046],[-175.364817,-21.113946],[-175.355295,-21.089614],[-175.332143,-21.071222],[-175.305776,-21.062595],[-175.318227,-21.076837],[-175.334055,-21.089614],[-175.34081,-21.102634],[-175.326243,-21.11712],[-175.315419,-21.121352],[-175.306508,-21.121677],[-175.249827,-21.111261],[-175.24059,-21.113702],[-175.233103,-21.119317],[-175.225209,-21.123793],[-175.218861,-21.13006],[-175.216379,-21.141046],[-175.231313,-21.150079],[-175.23823,-21.15838],[-175.23408,-21.168634],[-175.223582,-21.17254],[-175.213572,-21.16839],[-175.203562,-21.161554],[-175.193105,-21.158136],[-175.180776,-21.160089],[-175.163075,-21.169366],[-175.154978,-21.171808],[-175.140126,-21.16839],[-175.134226,-21.157892],[-175.128407,-21.144138],[-175.113962,-21.130792],[-175.103708,-21.126235],[-175.09081,-21.122735],[-175.077382,-21.121515],[-175.065541,-21.123956]]],[[[-174.361073,-19.801365],[-174.347524,-19.796808],[-174.336985,-19.787774],[-174.329661,-19.774998],[-174.325673,-19.759698],[-174.320749,-19.760675],[-174.309804,-19.764744],[-174.305857,-19.767185],[-174.313791,-19.784763],[-174.315134,-19.804457],[-174.32018,-19.819268],[-174.339345,-19.821873],[-174.346995,-19.818129],[-174.353139,-19.813735],[-174.357859,-19.808364],[-174.361073,-19.801365]]],[[[-175.069285,-19.712009],[-175.053334,-19.72381],[-175.04601,-19.751153],[-175.047841,-19.781183],[-175.059316,-19.801365],[-175.059316,-19.793878],[-175.065541,-19.801365],[-175.070505,-19.795587],[-175.075754,-19.79225],[-175.08727,-19.787693],[-175.086497,-19.787286],[-175.087636,-19.784763],[-175.08727,-19.780857],[-175.099477,-19.74977],[-175.100331,-19.739841],[-175.096669,-19.720798],[-175.090647,-19.71266],[-175.081654,-19.711358],[-175.069285,-19.712009]]],[[[-174.305816,-19.733005],[-174.288197,-19.723728],[-174.278188,-19.710626],[-174.269968,-19.696873],[-174.257436,-19.684666],[-174.252187,-19.699314],[-174.255198,-19.712172],[-174.261057,-19.724298],[-174.264272,-19.736423],[-174.271677,-19.749119],[-174.287546,-19.750584],[-174.302195,-19.744073],[-174.305816,-19.733005]]],[[[-174.260854,-19.630548],[-174.247996,-19.635919],[-174.244008,-19.646254],[-174.249257,-19.653741],[-174.264272,-19.650486],[-174.275217,-19.635675],[-174.288442,-19.611098],[-174.29304,-19.592706],[-174.277903,-19.59588],[-174.272776,-19.604262],[-174.267771,-19.626153],[-174.260854,-19.630548]]],[[[-175.631337,-15.559503],[-175.61262,-15.573337],[-175.617787,-15.601495],[-175.63915,-15.624282],[-175.668894,-15.621515],[-175.686269,-15.602309],[-175.683339,-15.582127],[-175.663767,-15.566013],[-175.631337,-15.559503]]],[[[-176.21349,-22.323907],[-176.204213,-22.326918],[-176.19811,-22.331964],[-176.201853,-22.336114],[-176.207021,-22.3388],[-176.210194,-22.3388],[-176.215891,-22.335138],[-176.219309,-22.329848],[-176.218251,-22.324884],[-176.21349,-22.323907]]],[[[-174.653798,-18.817478],[-174.664133,-18.801365],[-174.661244,-18.786879],[-174.649607,-18.779555],[-174.63386,-18.785333],[-174.62682,-18.79754],[-174.630238,-18.809015],[-174.640452,-18.816583],[-174.653798,-18.817478]]]]}},
{"type":"Feature","id":"WLF","cc":"WF","properties":{"name":"Wallis and Futuna"},"geometry":{"type":"MultiPolygon","coordinates":[[[[-178.142323,-14.243585],[-178.108144,-14.278985],[-178.105092,-14.285252],[-178.092478,-14.288995],[-178.046742,-14.312595],[-178.046742,-14.319431],[-178.100046,-14.316013],[-178.108835,-14.319431],[-178.121449,-14.313897],[-178.146921,-14.310154],[-178.156606,-14.305108],[-178.175242,-14.277032],[-178.18574,-14.248224],[-178.178049,-14.232599],[-178.142323,-14.243585]]],[[[-176.155466,-13.208917],[-176.143015,-13.230727],[-176.130564,-13.247654],[-176.1256,-13.264093],[-176.13561,-13.284763],[-176.132151,-13.288507],[-176.130564,-13.291192],[-176.128163,-13.298272],[-176.14448,-13.300877],[-176.147654,-13.310479],[-176.141835,-13.33587],[-176.147165,-13.347752],[-176.159495,-13.350274],[-176.173207,-13.346449],[-176.18281,-13.339288],[-176.183909,-13.323826],[-176.194773,-13.306736],[-176.199574,-13.290623],[-176.18281,-13.277927],[-176.190175,-13.257013],[-176.184031,-13.237888],[-176.1704,-13.221449],[-176.155466,-13.208917]]]]}},
{"type":"Feature","id":"WSM","cc":"WS","properties":{"name":"Samoa"},"geometry":{"type":"MultiPolygon","coordinates":[[[[-172.201039,-13.592543],[-172.197581,-13.603123],[-172.195668,-13.613865],[-172.194895,-13.636895],[-172.190256,-13.65602],[-172.181386,-13.667657],[-172.175649,-13.680271],[-172.180613,-13.702407],[-172.190663,-13.71795],[-172.202138,-13.730157],[-172.211497,-13.744561],[-172.215321,-13.767673],[-172.212351,-13.790623],[-172.212961,-13.800958],[-172.219065,-13.805352],[-172.242787,-13.805108],[-172.253245,-13.802911],[-172.263783,-13.798028],[-172.27953,-13.784845],[-172.287709,-13.774998],[-172.297556,-13.769789],[-172.31843,-13.771254],[-172.368642,-13.788995],[-172.523183,-13.805352],[-172.532908,-13.798598],[-172.543162,-13.785252],[-172.551137,-13.77752],[-172.567372,-13.768813],[-172.575144,-13.762791],[-172.578481,-13.754002],[-172.580556,-13.744806],[-172.589955,-13.724786],[-172.592112,-13.71266],[-172.597117,-13.700616],[-172.608957,-13.693048],[-172.622548,-13.687758],[-172.633046,-13.681899],[-172.65453,-13.649184],[-172.66747,-13.633884],[-172.693349,-13.624119],[-172.703481,-13.616632],[-172.718739,-13.602797],[-172.721873,-13.597833],[-172.723012,-13.587335],[-172.725575,-13.581964],[-172.731272,-13.578871],[-172.744496,-13.580011],[-172.749745,-13.578302],[-172.761179,-13.565037],[-172.776479,-13.542087],[-172.782582,-13.520278],[-172.76655,-13.510512],[-172.732371,-13.510512],[-172.695139,-13.524184],[-172.661204,-13.52516],[-172.638987,-13.522068],[-172.615346,-13.509373],[-172.603993,-13.506443],[-172.581858,-13.50449],[-172.569203,-13.501397],[-172.542226,-13.487888],[-172.530629,-13.483982],[-172.451853,-13.483982],[-172.431467,-13.48089],[-172.389231,-13.466974],[-172.36616,-13.462823],[-172.344431,-13.462986],[-172.322377,-13.466892],[-172.300771,-13.476495],[-172.280507,-13.493585],[-172.222768,-13.558364],[-172.221873,-13.562595],[-172.223582,-13.573907],[-172.222768,-13.578302],[-172.217519,-13.582778],[-172.205312,-13.58766],[-172.201039,-13.592543]]],[[[-171.56428,-13.949395],[-171.51948,-13.944757],[-171.46935,-13.969415],[-171.437693,-14.006117],[-171.448191,-14.03753],[-171.445302,-14.041436],[-171.440745,-14.051853],[-171.466176,-14.05283],[-171.536936,-14.045668],[-171.579213,-14.049493],[-171.598826,-14.047784],[-171.619496,-14.03753],[-171.635813,-14.046157],[-171.652415,-14.04518],[-171.684031,-14.03753],[-171.700144,-14.038995],[-171.742991,-14.051853],[-171.753285,-14.051528],[-171.762034,-14.048761],[-171.768056,-14.043227],[-171.770334,-14.034845],[-171.774526,-14.0263],[-171.784373,-14.022231],[-171.804433,-14.017755],[-171.822214,-14.008477],[-171.837961,-14.003188],[-171.854075,-14.001886],[-171.893503,-14.007013],[-171.911122,-14.006443],[-171.926625,-14.001153],[-171.940989,-13.990411],[-171.961903,-13.958103],[-171.972401,-13.946222],[-171.982004,-13.949395],[-171.98884,-13.949395],[-172.006296,-13.924981],[-172.018015,-13.917901],[-172.040639,-13.915216],[-172.061025,-13.906183],[-172.063669,-13.885024],[-172.055613,-13.861912],[-172.044057,-13.846368],[-171.965199,-13.818536],[-171.880198,-13.805352],[-171.834543,-13.807387],[-171.792307,-13.816502],[-171.650217,-13.87127],[-171.606923,-13.876153],[-171.585154,-13.883884],[-171.567576,-13.896742],[-171.557444,-13.915216],[-171.559071,-13.925388],[-171.565745,-13.93141],[-171.570017,-13.938165],[-171.56428,-13.949395]]]]}},
{"type":"Feature","id":"TUV","cc":"TV","properties":{"name":"Tuvalu"},"geometry":{"type":"MultiPolygon","coordinates":[[[[179.191254,-8.542087],[179.200043,-8.529555],[179.204112,-8.518976],[179.202322,-8.509698],[179.19809,-8.497817],[179.19752,-8.481541],[179.199392,-8.460626],[179.206391,-8.474054],[179.207205,-8.498468],[179.215505,-8.511326],[179.21754,-8.520603],[179.209727,-8.529962],[179.191254,-8.542087]]],[[[178.380544,-8.070001],[178.373302,-8.069024],[178.375499,-8.056085],[178.383149,-8.039239],[178.390636,-8.026544],[178.380544,-8.070001]]],[[[177.152599,-7.197361],[177.152354,-7.195082],[177.150401,-7.190362],[177.150076,-7.188165],[177.153005,-7.195001],[177.153331,-7.199151],[177.152599,-7.200291],[177.152599,-7.197361]]],[[[176.314301,-6.302341],[176.319184,-6.289239],[176.322927,-6.288832],[176.322439,-6.295099],[176.314301,-6.302341]]],[[[177.344086,-6.121026],[177.339854,-6.114516],[177.338145,-6.111017],[177.337169,-6.108168],[177.348806,-6.110528],[177.356619,-6.114516],[177.356293,-6.118748],[177.344086,-6.121026]]],[[[176.135265,-5.692804],[176.125255,-5.679132],[176.129893,-5.677504],[176.140391,-5.687188],[176.148448,-5.70672],[176.135265,-5.692804]]],[[[179.906749,-9.399347],[179.906098,-9.418634],[179.905284,-9.420668],[179.904063,-9.400486],[179.898611,-9.386814],[179.901215,-9.387953],[179.906749,-9.399347]]],[[[179.867849,-9.343194],[179.873302,-9.346856],[179.878429,-9.360772],[179.876964,-9.36297],[179.871755,-9.350193],[179.867442,-9.344334],[179.867849,-9.343194]]],[[[178.682791,-7.491469],[178.667979,-7.463637],[178.665212,-7.454034],[178.688324,-7.474379],[178.691091,-7.475356],[178.69337,-7.483982],[178.694102,-7.493829],[178.691417,-7.49863],[178.682791,-7.491469]]]]}},
{"type":"Feature","id":"MDV","cc":"MV","properties":{"name":"Maldives"},"geometry":{"type":"MultiPolygon","coordinates":[[[[73.163097,-0.681817],[73.172537,-0.688572],[73.165863,-0.688409],[73.163585,-0.686619],[73.163097,-0.681817]]],[[[73.204112,-0.671157],[73.201182,-0.675063],[73.199229,-0.678643],[73.196462,-0.681329],[73.191417,-0.682794],[73.192231,-0.677179],[73.19516,-0.674493],[73.204112,-0.671157]]],[[[73.124278,-0.656183],[73.126964,-0.666274],[73.123871,-0.664727],[73.123302,-0.66253],[73.123871,-0.659763],[73.124278,-0.656183]]],[[[73.240001,-0.625584],[73.227306,-0.642836],[73.226817,-0.632582],[73.229991,-0.623305],[73.234874,-0.619399],[73.240001,-0.625584]]],[[[73.246755,-0.588637],[73.24464,-0.607192],[73.238292,-0.600356],[73.236339,-0.59238],[73.239024,-0.584405],[73.247325,-0.577895],[73.248383,-0.580824],[73.247813,-0.583185],[73.246837,-0.585545],[73.246755,-0.588637]]],[[[73.435069,-0.283624],[73.443044,-0.292739],[73.445079,-0.29754],[73.444509,-0.304295],[73.437999,-0.298598],[73.435232,-0.293634],[73.434581,-0.288751],[73.435069,-0.283624]]],[[[73.09547,0.228013],[73.098888,0.224921],[73.10255,0.222805],[73.10434,0.219631],[73.102957,0.213528],[73.102875,0.213446],[73.098888,0.216376],[73.09783,0.218777],[73.097423,0.219713],[73.097341,0.220242],[73.09669,0.2237],[73.09547,0.228013]]],[[[73.208995,0.239976],[73.217459,0.237738],[73.217377,0.237698],[73.212657,0.232082],[73.210948,0.232164],[73.210297,0.235663],[73.208995,0.239976]]],[[[73.036794,0.269924],[73.036794,0.26968],[73.040375,0.259467],[73.040375,0.259345],[73.036143,0.260932],[73.035818,0.262071],[73.035411,0.26317],[73.035818,0.264675],[73.036306,0.266181],[73.036306,0.266506],[73.036794,0.269924]]],[[[73.379161,0.285224],[73.37908,0.285183],[73.36964,0.280015],[73.371104,0.285956],[73.373709,0.286933],[73.376394,0.286078],[73.379161,0.285224]]],[[[72.983653,0.305243],[72.984874,0.303412],[72.987071,0.302802],[72.987722,0.302232],[72.988129,0.301907],[72.986013,0.299628],[72.986013,0.299547],[72.981212,0.302069],[72.980968,0.303616],[72.983653,0.305243]]],[[[73.513438,0.387763],[73.513357,0.387681],[73.508637,0.380683],[73.508556,0.380561],[73.50644,0.385037],[73.50587,0.386176],[73.506602,0.387763],[73.509776,0.387437],[73.513438,0.387763]]],[[[72.958344,0.403306],[72.958425,0.403144],[72.961111,0.394273],[72.961192,0.394029],[72.957774,0.396796],[72.957205,0.399156],[72.958018,0.401353],[72.958344,0.403306]]],[[[72.940929,0.496283],[72.940603,0.487291],[72.937022,0.491441],[72.937022,0.493638],[72.940929,0.496283]]],[[[73.491954,0.508002],[73.492035,0.507799],[73.49464,0.498969],[73.490408,0.500678],[73.489757,0.50259],[73.490977,0.50495],[73.491954,0.508002]]],[[[73.387869,0.64175],[73.387218,0.639106],[73.387218,0.636786],[73.386729,0.635403],[73.386567,0.635403],[73.384776,0.635565],[73.383556,0.638902],[73.384288,0.640326],[73.386404,0.640815],[73.387869,0.64175]]],[[[73.373057,0.763088],[73.372406,0.760443],[73.372406,0.758124],[73.371837,0.756578],[73.370942,0.756822],[73.369965,0.757025],[73.368826,0.760443],[73.369802,0.761664],[73.369884,0.761705],[73.370779,0.761949],[73.371593,0.762152],[73.373057,0.763088]]],[[[73.353852,0.847724],[73.353852,0.847561],[73.353282,0.845608],[73.353201,0.845282],[73.353201,0.843207],[73.353038,0.842393],[73.352875,0.841539],[73.352061,0.841132],[73.351166,0.840684],[73.351085,0.840644],[73.349783,0.844062],[73.350434,0.845689],[73.352306,0.846625],[73.353852,0.847724]]],[[[72.831391,3.510565],[72.831554,3.510403],[72.832693,3.508246],[72.834727,3.506781],[72.835134,3.505439],[72.835053,3.505439],[72.831065,3.503567],[72.828054,3.505439],[72.827973,3.505439],[72.828624,3.506781],[72.830414,3.508246],[72.831391,3.510565]]],[[[72.793712,3.516913],[72.793793,3.51675],[72.79477,3.515326],[72.795177,3.514635],[72.797618,3.513129],[72.798839,3.511949],[72.796397,3.510891],[72.791189,3.510891],[72.790782,3.51203],[72.790782,3.512112],[72.792735,3.514228],[72.793712,3.516913]]],[[[72.928396,3.551907],[72.911794,3.541734],[72.911632,3.541653],[72.915701,3.548977],[72.919932,3.552151],[72.924327,3.552476],[72.928396,3.551907]]],[[[72.941905,3.618842],[72.943126,3.616645],[72.944428,3.615709],[72.94516,3.615139],[72.945567,3.613715],[72.94158,3.611884],[72.938487,3.613715],[72.938975,3.615139],[72.940684,3.616645],[72.941905,3.618842]]],[[[72.692556,3.726955],[72.692556,3.726752],[72.694021,3.723334],[72.696462,3.721015],[72.697439,3.718817],[72.697358,3.718817],[72.694591,3.714993],[72.692475,3.716295],[72.689708,3.717963],[72.689708,3.720852],[72.69158,3.723578],[72.692556,3.726955]]],[[[73.477306,3.942125],[73.477143,3.942003],[73.469981,3.935126],[73.46754,3.933661],[73.469249,3.936957],[73.471528,3.938707],[73.477306,3.942125]]],[[[72.703136,4.003323],[72.703624,4.000922],[72.704763,3.999905],[72.705577,3.999213],[72.706228,3.99844],[72.706716,3.997952],[72.706635,3.997911],[72.7046,3.996405],[72.699474,3.998114],[72.699392,3.998196],[72.699148,3.999335],[72.699067,3.999498],[72.701182,4.000922],[72.703136,4.003323]]],[[[73.508149,4.103583],[73.508311,4.093411],[73.508311,4.093329],[73.504568,4.096584],[73.502452,4.098538],[73.502289,4.100775],[73.505219,4.101996],[73.508149,4.103583]]],[[[72.97047,4.265937],[72.970632,4.265815],[72.972504,4.264146],[72.974376,4.263251],[72.975597,4.262356],[72.975759,4.260403],[72.972504,4.260403],[72.971528,4.261623],[72.971446,4.263577],[72.97047,4.265937]]],[[[73.70281,4.434719],[73.700857,4.432278],[73.697602,4.431464],[73.697439,4.431383],[73.70281,4.434719]]],[[[73.70281,4.45303],[73.702647,4.452908],[73.69988,4.449164],[73.699962,4.451646],[73.70281,4.45303]]],[[[73.37672,4.474433],[73.377289,4.465277],[73.373871,4.466986],[73.373871,4.468817],[73.373871,4.468899],[73.375255,4.471177],[73.37672,4.474433]]],[[[73.404959,4.634996],[73.404959,4.634752],[73.404959,4.632229],[73.405528,4.62995],[73.405284,4.628404],[73.403005,4.627427],[73.401215,4.629828],[73.401866,4.631334],[73.403575,4.632758],[73.404959,4.634996]]],[[[73.490489,4.723375],[73.490408,4.720608],[73.490977,4.718288],[73.490733,4.716742],[73.488455,4.715969],[73.487966,4.716539],[73.486664,4.718207],[73.487315,4.719794],[73.489024,4.721177],[73.490489,4.723375]]],[[[72.97934,4.895453],[72.97934,4.895372],[72.969656,4.880723],[72.969493,4.88052],[72.970063,4.890367],[72.972667,4.894355],[72.976085,4.895168],[72.97934,4.895453]]],[[[72.917491,4.898586],[72.922862,4.899075],[72.922699,4.898993],[72.920909,4.897854],[72.917654,4.898505],[72.917491,4.898586]]],[[[73.447276,4.97134],[73.436534,4.969875],[73.438975,4.974555],[73.441173,4.974921],[73.443858,4.973049],[73.447276,4.97134]]],[[[72.912852,5.034084],[72.909434,5.030788],[72.90919,5.030585],[72.910167,5.032701],[72.912852,5.034084]]],[[[72.927745,5.036526],[72.927664,5.036282],[72.927175,5.034247],[72.927094,5.033922],[72.92571,5.033474],[72.924408,5.033067],[72.924327,5.033026],[72.927745,5.036526]]],[[[73.04477,5.121812],[73.04477,5.121649],[73.043468,5.118842],[73.04127,5.118394],[73.04477,5.121812]]],[[[73.049083,5.133287],[73.049164,5.133165],[73.049978,5.130357],[73.051443,5.128079],[73.051443,5.126654],[73.047618,5.12637],[73.045258,5.128892],[73.046072,5.130276],[73.047862,5.131293],[73.049083,5.133287]]],[[[73.091319,5.161363],[73.090994,5.158515],[73.087901,5.157986],[73.087738,5.157945],[73.091319,5.161363]]],[[[73.103852,5.173041],[73.104177,5.172919],[73.106944,5.17178],[73.110525,5.170315],[73.110199,5.170356],[73.107107,5.170966],[73.103852,5.173041]]],[[[72.860118,5.237942],[72.860037,5.23782],[72.859223,5.2355],[72.856863,5.234565],[72.856619,5.234442],[72.860118,5.237942]]],[[[73.131847,5.244574],[73.131847,5.242499],[73.128429,5.241156],[73.131847,5.244574]]],[[[73.499766,5.246894],[73.499685,5.246812],[73.497325,5.245063],[73.497244,5.245022],[73.493826,5.245998],[73.499766,5.246894]]],[[[73.593598,5.282701],[73.582856,5.27558],[73.577647,5.274563],[73.57016,5.276679],[73.569998,5.27676],[73.575938,5.279934],[73.582042,5.281806],[73.587901,5.28262],[73.593598,5.282701]]],[[[73.112804,5.29857],[73.112641,5.298448],[73.109223,5.295152],[73.109223,5.296698],[73.112804,5.29857]]],[[[73.470225,5.307766],[73.470144,5.307725],[73.464366,5.306871],[73.464203,5.30683],[73.467052,5.308336],[73.467133,5.308336],[73.468435,5.308092],[73.470225,5.307766]]],[[[73.629568,5.332831],[73.629405,5.33275],[73.627208,5.331122],[73.623302,5.331855],[73.629568,5.332831]]],[[[73.646658,5.343248],[73.646495,5.343248],[73.640066,5.34219],[73.639903,5.34219],[73.643403,5.34394],[73.646658,5.343248]]],[[[72.953136,5.352769],[72.952403,5.350084],[72.949555,5.349311],[72.953136,5.352769]]],[[[73.397472,5.362209],[73.397553,5.362006],[73.398692,5.359605],[73.400645,5.357652],[73.401215,5.356147],[73.399425,5.355455],[73.396169,5.357123],[73.396007,5.358466],[73.397146,5.360175],[73.397472,5.362209]]],[[[73.323253,5.368232],[73.32488,5.366767],[73.324962,5.366767],[73.327891,5.367011],[73.327973,5.367011],[73.328217,5.367011],[73.330089,5.366848],[73.328868,5.364244],[73.319347,5.362942],[73.319184,5.362942],[73.317719,5.36579],[73.319184,5.366645],[73.322032,5.366889],[73.323253,5.368232]]],[[[73.350759,5.42768],[73.3449,5.426825],[73.344574,5.426744],[73.347504,5.428778],[73.350759,5.42768]]],[[[73.537446,5.451402],[73.534923,5.449856],[73.531261,5.450426],[73.537446,5.451402]]],[[[73.362966,5.46308],[73.362966,5.462795],[73.363129,5.459377],[73.360932,5.457953],[73.360688,5.457831],[73.362966,5.46308]]],[[[72.943126,5.467597],[72.943044,5.467475],[72.94158,5.465562],[72.941091,5.463568],[72.940278,5.462144],[72.938243,5.461493],[72.937022,5.465522],[72.938162,5.466702],[72.940603,5.466783],[72.943126,5.467597]]],[[[73.01588,5.492865],[73.014334,5.490912],[73.013845,5.488918],[73.013031,5.487454],[73.011078,5.486843],[73.010997,5.486802],[73.009939,5.49022],[73.009776,5.490912],[73.010916,5.492133],[73.013194,5.492133],[73.01588,5.492865]]],[[[73.462413,5.543606],[73.459321,5.541734],[73.456472,5.542629],[73.456309,5.54267],[73.462413,5.543606]]],[[[73.005626,5.713324],[73.003754,5.711127],[73.003184,5.708726],[73.002289,5.707099],[72.999766,5.706977],[72.99879,5.711982],[73.000173,5.713202],[73.000255,5.713202],[73.000824,5.713121],[73.002778,5.712836],[73.005626,5.713324]]],[[[72.949392,6.349799],[72.949392,6.349677],[72.950938,6.347724],[72.951182,6.347602],[72.952973,6.346625],[72.95338,6.346259],[72.953949,6.345608],[72.953136,6.343492],[72.948497,6.344428],[72.947765,6.345933],[72.948985,6.348049],[72.949392,6.349799]]],[[[72.892589,6.452094],[72.894216,6.449937],[72.896169,6.448879],[72.896902,6.448188],[72.897227,6.447903],[72.897227,6.447821],[72.896332,6.445787],[72.891775,6.446723],[72.891612,6.447008],[72.89088,6.448228],[72.8921,6.450263],[72.892589,6.452094]]],[[[73.097504,-0.599705],[73.104991,-0.606541],[73.111583,-0.61712],[73.116384,-0.629571],[73.118663,-0.64129],[73.111176,-0.64129],[73.0949,-0.604669],[73.091156,-0.586033],[73.104991,-0.579197],[73.104991,-0.586602],[73.098806,-0.587172],[73.09783,-0.59002],[73.098643,-0.594334],[73.098643,-0.594415],[73.097504,-0.599705]]],[[[73.365001,1.791083],[73.365164,1.791042],[73.375824,1.78856],[73.370453,1.782538],[73.368256,1.782945],[73.368175,1.782945],[73.366954,1.786689],[73.365001,1.791083]]],[[[73.400238,1.806342],[73.40032,1.806138],[73.401215,1.801703],[73.403087,1.798],[73.40211,1.7956],[73.400564,1.795437],[73.394379,1.794745],[73.394786,1.798651],[73.394786,1.798774],[73.395193,1.799343],[73.396658,1.801418],[73.398936,1.803534],[73.400238,1.806342]]],[[[73.452647,1.826809],[73.463634,1.826321],[73.456716,1.82038],[73.454112,1.820543],[73.45338,1.823717],[73.452647,1.826809]]],[[[73.518077,1.842719],[73.510834,1.836941],[73.499197,1.827786],[73.499197,1.827704],[73.49879,1.828111],[73.498546,1.828437],[73.498057,1.828803],[73.497813,1.82925],[73.500092,1.832058],[73.502289,1.834906],[73.507335,1.838365],[73.517914,1.842678],[73.518077,1.842719]]],[[[73.536469,1.870103],[73.536306,1.869737],[73.53297,1.86164],[73.5324,1.860093],[73.531505,1.863511],[73.5324,1.865668],[73.533051,1.86636],[73.534353,1.86758],[73.536469,1.870103]]],[[[73.25172,1.892401],[73.243663,1.888739],[73.243988,1.89411],[73.245616,1.894843],[73.247406,1.893988],[73.248302,1.893541],[73.25172,1.892401]]],[[[73.553071,1.93244],[73.548839,1.911363],[73.545665,1.901557],[73.541189,1.89289],[73.540863,1.892401],[73.549815,1.924994],[73.553071,1.93244]]],[[[73.550059,1.976386],[73.549815,1.965684],[73.549815,1.965522],[73.547699,1.968329],[73.547862,1.970608],[73.550059,1.976386]]],[[[73.317231,1.9914],[73.319835,1.989203],[73.322602,1.987982],[73.323253,1.986477],[73.31837,1.9831],[73.31544,1.985053],[73.315766,1.986802],[73.317149,1.988837],[73.317231,1.9914]]],[[[73.5442,2.026597],[73.542979,2.022162],[73.540375,2.022528],[73.540294,2.022528],[73.542247,2.024563],[73.5442,2.026597]]],[[[73.386974,2.033026],[73.386974,2.028632],[73.386241,2.030341],[73.386974,2.033026]]],[[[73.555675,2.082506],[73.551443,2.072577],[73.551443,2.072414],[73.550466,2.075873],[73.55128,2.07807],[73.553233,2.079901],[73.555675,2.082506]]],[[[73.567638,2.109931],[73.585378,2.109605],[73.58546,2.109605],[73.583507,2.10814],[73.580414,2.10578],[73.567719,2.097805],[73.561778,2.094713],[73.561778,2.098782],[73.562999,2.102362],[73.567638,2.109931]]],[[[73.043712,2.166449],[73.041352,2.1647],[73.039806,2.164618],[73.038259,2.164537],[73.038422,2.164618],[73.043712,2.166449]]],[[[73.103852,2.186591],[73.103852,2.18651],[73.102875,2.184394],[73.102875,2.182115],[73.102306,2.180976],[73.099457,2.181952],[73.098888,2.184638],[73.099783,2.185533],[73.101736,2.185696],[73.103852,2.186591]]],[[[73.115489,2.199693],[73.116873,2.197659],[73.12086,2.191799],[73.115001,2.191799],[73.113943,2.193508],[73.114919,2.196438],[73.115489,2.199693]]],[[[72.948416,2.274888],[72.946381,2.272406],[72.9463,2.272366],[72.943126,2.273017],[72.948416,2.274888]]],[[[72.926117,2.32746],[72.927013,2.316067],[72.922537,2.319566],[72.922374,2.322089],[72.924327,2.324449],[72.926117,2.32746]]],[[[73.344005,2.348049],[73.343923,2.347439],[73.343598,2.344184],[73.342296,2.342393],[73.342052,2.342108],[73.344005,2.348049]]],[[[73.354259,2.437201],[73.361339,2.424709],[73.365326,2.413886],[73.366222,2.411526],[73.367035,2.398017],[73.362641,2.385118],[73.362559,2.384914],[73.353852,2.429023],[73.354259,2.437201]]],[[[73.314789,2.505805],[73.315196,2.494127],[73.315196,2.494045],[73.313731,2.495185],[73.311778,2.496772],[73.311778,2.496894],[73.311534,2.499254],[73.313243,2.502102],[73.314789,2.505805]]],[[[73.145518,2.55329],[73.143809,2.55036],[73.141124,2.55036],[73.140961,2.55036],[73.145518,2.55329]]],[[[72.900076,2.682196],[72.902599,2.680976],[72.905284,2.680813],[72.906423,2.679674],[72.90447,2.675727],[72.901134,2.676174],[72.900564,2.677558],[72.900727,2.679755],[72.900076,2.682196]]],[[[72.872569,2.694159],[72.873709,2.683661],[72.873709,2.68358],[72.867361,2.686672],[72.866954,2.688951],[72.869802,2.69123],[72.872569,2.694159]]],[[[73.022309,2.741685],[73.032237,2.745103],[73.032237,2.745022],[73.028005,2.738227],[73.025401,2.737616],[73.02239,2.741645],[73.022309,2.741685]]],[[[73.353526,2.778266],[73.352712,2.775702],[73.353526,2.773627],[73.353526,2.771918],[73.351492,2.770738],[73.35141,2.770697],[73.348481,2.775377],[73.349294,2.777167],[73.351573,2.777533],[73.353526,2.778266]]],[[[73.399262,2.785712],[73.390636,2.775377],[73.391856,2.78148],[73.394379,2.784329],[73.397472,2.785305],[73.399262,2.785712]]],[[[73.548595,2.892727],[73.548757,2.892605],[73.550141,2.891343],[73.551036,2.890611],[73.549083,2.888129],[73.549083,2.888739],[73.548595,2.892727]]],[[[73.360362,2.903876],[73.361013,2.901516],[73.362315,2.899726],[73.362804,2.898383],[73.36085,2.897569],[73.360688,2.897528],[73.35727,2.899807],[73.35727,2.90119],[73.359141,2.902289],[73.360362,2.903876]]],[[[73.008474,2.953315],[73.014903,2.947414],[73.010427,2.945258],[73.009939,2.945705],[73.009044,2.946438],[73.009044,2.949449],[73.009044,2.94953],[73.008474,2.953315]]],[[[73.56422,2.954739],[73.56422,2.954617],[73.562022,2.946112],[73.56129,2.948472],[73.561778,2.950385],[73.56422,2.954739]]],[[[73.585948,2.961615],[73.585867,2.961534],[73.577485,2.951158],[73.578461,2.957343],[73.581309,2.96015],[73.584158,2.961249],[73.585948,2.961615]]],[[[72.870128,2.969184],[72.870128,2.969062],[72.867686,2.960883],[72.865082,2.958157],[72.864919,2.960883],[72.870128,2.969184]]],[[[72.901622,3.083808],[72.902843,3.081855],[72.904145,3.081488],[72.904796,3.081285],[72.906016,3.08039],[72.90447,3.077379],[72.899913,3.07685],[72.899425,3.078192],[72.900727,3.080634],[72.901622,3.083808]]],[[[73.613048,3.106757],[73.612559,3.102973],[73.608409,3.100409],[73.613048,3.106757]]],[[[72.977875,3.110175],[72.978038,3.110053],[72.979177,3.108059],[72.981293,3.106635],[72.981781,3.105048],[72.978201,3.102729],[72.975108,3.104193],[72.975352,3.105699],[72.976899,3.107652],[72.977875,3.110175]]],[[[73.042247,3.205471],[73.043468,3.203518],[73.043549,3.203477],[73.045665,3.202867],[73.046886,3.202053],[73.045095,3.19892],[73.040701,3.198472],[73.040212,3.199774],[73.041352,3.202297],[73.042247,3.205471]]],[[[73.031749,3.252997],[73.03183,3.252875],[73.033214,3.250881],[73.035167,3.249335],[73.035655,3.247789],[73.031993,3.245551],[73.031749,3.245673],[73.028982,3.246894],[73.029307,3.24844],[73.030772,3.250474],[73.031749,3.252997]]],[[[72.833263,3.312486],[72.834483,3.310533],[72.836681,3.310004],[72.837087,3.309638],[72.837657,3.309068],[72.836111,3.305976],[72.831554,3.305609],[72.831391,3.305609],[72.831228,3.30683],[72.832367,3.309312],[72.833263,3.312486]]],[[[73.516368,3.361233],[73.516531,3.36107],[73.517426,3.360297],[73.518809,3.359117],[73.518891,3.358873],[73.519135,3.356594],[73.519216,3.356391],[73.516368,3.361233]]],[[[73.747569,3.451117],[73.747732,3.450995],[73.753103,3.446438],[73.753184,3.446357],[73.751231,3.44713],[73.748546,3.448188],[73.748383,3.448635],[73.747569,3.451117]]],[[[73.50587,3.501207],[73.508474,3.496568],[73.508556,3.496487],[73.506196,3.497626],[73.506114,3.497707],[73.50587,3.501207]]],[[[72.952403,3.733832],[72.953787,3.731635],[72.955821,3.730129],[72.955821,3.728705],[72.951996,3.726874],[72.948985,3.728583],[72.949392,3.730048],[72.951182,3.731513],[72.952403,3.733832]]],[[[72.945811,3.772121],[72.947113,3.769843],[72.948578,3.768785],[72.949067,3.768378],[72.949392,3.766995],[72.945323,3.765204],[72.944916,3.765448],[72.942393,3.766954],[72.942882,3.768378],[72.944672,3.769843],[72.945811,3.772121]]],[[[72.944591,3.836859],[72.945811,3.834662],[72.946625,3.834011],[72.947765,3.833075],[72.94809,3.831692],[72.944102,3.829901],[72.941173,3.831692],[72.941661,3.833075],[72.94337,3.834662],[72.944591,3.836859]]],[[[73.437266,3.846625],[73.435232,3.844916],[73.433442,3.842719],[73.432302,3.841742],[73.431488,3.843695],[73.432465,3.846829],[73.43393,3.847398],[73.43572,3.846829],[73.437266,3.846625]]],[[[73.443533,3.920559],[73.443451,3.920478],[73.443044,3.918769],[73.438487,3.916612],[73.438162,3.916449],[73.443533,3.920559]]],[[[73.345063,3.944729],[73.3449,3.944566],[73.341482,3.942043],[73.341482,3.943101],[73.345063,3.944729]]],[[[73.422618,4.118354],[73.422537,4.118191],[73.421397,4.11636],[73.419119,4.115749],[73.418956,4.115709],[73.422618,4.118354]]],[[[73.546197,4.243039],[73.552883,4.236799],[73.551992,4.22833],[73.549317,4.212284],[73.538174,4.183312],[73.526585,4.171278],[73.510891,4.162087],[73.486916,4.164146],[73.476665,4.168603],[73.431201,4.184649],[73.432093,4.189998],[73.512015,4.186301],[73.520533,4.191123],[73.52614,4.207827],[73.533271,4.231004],[73.546197,4.243039]]],[[[72.94516,4.266303],[72.958669,4.262519],[72.958588,4.262519],[72.954438,4.261501],[72.954356,4.261461],[72.951182,4.262356],[72.94516,4.266303]]],[[[73.595876,4.342271],[73.595714,4.34219],[73.592459,4.340155],[73.589366,4.340562],[73.589122,4.340562],[73.595876,4.342271]]],[[[73.611501,4.363105],[73.611501,4.362942],[73.611339,4.360297],[73.61199,4.3581],[73.611827,4.356513],[73.609548,4.355618],[73.607677,4.3581],[73.608246,4.359442],[73.609874,4.360826],[73.611501,4.363105]]],[[[73.63795,4.370551],[73.637869,4.370429],[73.637055,4.368069],[73.637462,4.365627],[73.637462,4.365465],[73.637055,4.364],[73.635753,4.364244],[73.6338,4.364651],[73.633637,4.364691],[73.631684,4.368476],[73.632986,4.369534],[73.635427,4.369574],[73.63795,4.370551]]],[[[73.667979,4.3935],[73.667817,4.390692],[73.668468,4.388495],[73.668305,4.386868],[73.666189,4.385932],[73.664317,4.388332],[73.664887,4.389797],[73.666515,4.391303],[73.667979,4.3935]]],[[[72.957042,4.4383],[72.956065,4.422105],[72.948904,4.422919],[72.947113,4.423082],[72.94337,4.431586],[72.957042,4.4383]]],[[[73.553559,4.62051],[73.553559,4.620266],[73.553477,4.617662],[73.554047,4.615465],[73.553884,4.613918],[73.551606,4.612982],[73.550955,4.613837],[73.549815,4.615383],[73.550466,4.616848],[73.552013,4.618232],[73.553559,4.62051]]],[[[73.629568,5.418524],[73.634532,5.410956],[73.636729,5.402899],[73.635916,5.394477],[73.632498,5.386257],[73.632498,5.386054],[73.627778,5.413275],[73.629568,5.418524]]],[[[73.005626,5.463202],[73.005544,5.463121],[73.004161,5.461412],[73.002615,5.457587],[73.000987,5.456244],[72.999034,5.461005],[72.999034,5.461086],[73.000011,5.46247],[73.002778,5.46247],[73.005626,5.463202]]],[[[72.883962,5.494086],[72.882498,5.492011],[72.881847,5.490058],[72.881114,5.488471],[72.879161,5.48786],[72.877696,5.492092],[72.878754,5.49315],[72.881196,5.493232],[72.883962,5.494086]]],[[[73.019054,5.617825],[73.018972,5.617662],[73.017345,5.615709],[73.016856,5.613756],[73.016124,5.61225],[73.014171,5.611599],[73.014008,5.611558],[73.012869,5.615709],[73.013927,5.616889],[73.016449,5.616889],[73.019054,5.617825]]],[[[73.014659,5.676988],[73.013194,5.675035],[73.012462,5.673],[73.011892,5.671536],[73.009776,5.670844],[73.008556,5.675035],[73.009776,5.676093],[73.012055,5.676256],[73.014659,5.676988]]],[[[73.392833,5.737698],[73.392426,5.736802],[73.380707,5.714586],[73.380626,5.714748],[73.379893,5.715033],[73.379812,5.715074],[73.379568,5.715155],[73.382579,5.722113],[73.392833,5.737698]]],[[[72.986827,5.770738],[72.98585,5.76557],[72.982839,5.762559],[72.982758,5.762519],[72.986827,5.770738]]],[[[73.382335,5.794989],[73.382335,5.794745],[73.38266,5.791693],[73.384288,5.789252],[73.384532,5.787014],[73.384532,5.786933],[73.380707,5.784125],[73.376801,5.78734],[73.377696,5.789537],[73.380219,5.791693],[73.382335,5.794989]]],[[[72.976573,5.813625],[72.976573,5.813544],[72.975108,5.804551],[72.975108,5.804429],[72.972423,5.807034],[72.970958,5.808417],[72.971039,5.810452],[72.973806,5.811713],[72.976573,5.813625]]],[[[73.44988,5.840766],[73.449799,5.840725],[73.433767,5.830878],[73.433442,5.830715],[73.438975,5.838284],[73.443126,5.841254],[73.446544,5.841498],[73.44988,5.840766]]],[[[72.963634,5.864325],[72.963715,5.86404],[72.966482,5.850287],[72.962657,5.853461],[72.961925,5.856676],[72.963634,5.864325]]],[[[73.429047,5.911363],[73.429047,5.9112],[73.428477,5.908596],[73.428477,5.908515],[73.428477,5.906195],[73.428477,5.904446],[73.42628,5.903266],[73.423188,5.906887],[73.424083,5.908433],[73.426606,5.909491],[73.429047,5.911363]]],[[[72.931651,5.969062],[72.930186,5.956936],[72.925792,5.963284],[72.926443,5.966295],[72.931651,5.969062]]],[[[73.389822,5.970282],[73.395333,5.957802],[73.386729,5.961982],[73.384532,5.964748],[73.389822,5.970282]]],[[[72.915701,5.98135],[72.915619,5.981269],[72.913829,5.979641],[72.913422,5.977362],[72.912852,5.976304],[72.911388,5.977078],[72.909841,5.977932],[72.909679,5.982123],[72.910899,5.982733],[72.913097,5.981635],[72.915701,5.98135]]],[[[73.250743,6.083401],[73.250662,6.083279],[73.249034,6.079535],[73.245453,6.079779],[73.250743,6.083401]]],[[[73.252126,6.111233],[73.251964,6.111151],[73.247244,6.107978],[73.246837,6.107733],[73.248871,6.110175],[73.252126,6.111233]]],[[[73.22047,6.132066],[73.220388,6.131985],[73.219005,6.129299],[73.21518,6.128567],[73.22047,6.132066]]],[[[73.270274,6.156928],[73.270193,6.156806],[73.268809,6.154486],[73.268077,6.152411],[73.267263,6.150946],[73.26531,6.150662],[73.265147,6.150621],[73.265391,6.153551],[73.266612,6.154853],[73.26824,6.155585],[73.270274,6.156928]]],[[[73.219086,6.172349],[73.218923,6.172268],[73.214041,6.168769],[73.215831,6.17121],[73.219086,6.172349]]],[[[73.270844,6.189439],[73.270844,6.189358],[73.268077,6.178697],[73.265391,6.182766],[73.265961,6.185004],[73.268403,6.186835],[73.270844,6.189439]]],[[[73.03419,6.222357],[73.034028,6.222235],[73.029145,6.21898],[73.028982,6.218817],[73.030447,6.221015],[73.03419,6.222357]]],[[[73.24171,6.239691],[73.242198,6.236477],[73.243663,6.234036],[73.243907,6.231635],[73.240245,6.228949],[73.236339,6.232123],[73.237071,6.23428],[73.239757,6.236477],[73.24171,6.239691]]],[[[73.128429,6.286851],[73.12615,6.284003],[73.123057,6.283352],[73.122895,6.283352],[73.128429,6.286851]]],[[[73.21518,6.294827],[73.21518,6.294664],[73.213064,6.289211],[73.209158,6.286689],[73.208751,6.286444],[73.209321,6.286851],[73.21518,6.294827]]],[[[73.083344,6.30858],[73.083263,6.308458],[73.081391,6.305609],[73.078461,6.305121],[73.078136,6.30508],[73.083344,6.30858]]],[[[73.197032,6.32746],[73.197113,6.327297],[73.198253,6.324693],[73.199311,6.324205],[73.200369,6.323717],[73.201915,6.32217],[73.20102,6.318264],[73.195079,6.319648],[73.194998,6.319932],[73.194184,6.321601],[73.195974,6.324286],[73.197032,6.32746]]],[[[73.124522,6.332506],[73.124197,6.332261],[73.11964,6.329169],[73.119314,6.328925],[73.120942,6.331041],[73.124522,6.332506]]],[[[73.187266,6.350775],[73.184906,6.349066],[73.183604,6.347317],[73.18214,6.34634],[73.180186,6.347113],[73.181,6.34984],[73.182628,6.350491],[73.184825,6.350328],[73.187266,6.350775]]],[[[73.020518,6.368964],[73.021821,6.366767],[73.023936,6.365871],[73.024913,6.364814],[73.024181,6.362698],[73.019298,6.363593],[73.018728,6.36522],[73.019867,6.367174],[73.020518,6.368964]]],[[[72.690929,6.411607],[72.690847,6.411566],[72.688813,6.409735],[72.687185,6.407416],[72.685883,6.40648],[72.684825,6.408393],[72.685883,6.411607],[72.687511,6.412258],[72.689138,6.411607],[72.690929,6.411607]]],[[[72.902843,6.440172],[72.90447,6.437974],[72.906423,6.436916],[72.906912,6.436428],[72.907481,6.43594],[72.907481,6.435858],[72.906586,6.433824],[72.902029,6.43476],[72.901866,6.435045],[72.901134,6.436347],[72.902192,6.4383],[72.902843,6.440172]]],[[[73.048813,6.441342],[73.046235,6.436265],[73.043305,6.433865],[73.043142,6.433702],[73.048813,6.441342]]],[[[72.962087,6.559027],[72.959972,6.557522],[72.958995,6.555487],[72.958018,6.554348],[72.955821,6.555325],[72.956798,6.560004],[72.958344,6.560696],[72.958425,6.560655],[72.960216,6.559516],[72.962087,6.559027]]],[[[72.924001,6.565253],[72.925548,6.563056],[72.927501,6.562079],[72.928722,6.561103],[72.927745,6.558905],[72.923106,6.559882],[72.922537,6.56151],[72.923513,6.563381],[72.924001,6.565253]]],[[[73.029959,6.582343],[73.029877,6.58218],[73.02947,6.579657],[73.030121,6.577541],[73.030365,6.576117],[73.030447,6.576077],[73.028168,6.575181],[73.027354,6.576483],[73.025564,6.57925],[73.026134,6.580797],[73.028331,6.581366],[73.029959,6.582343]]],[[[73.04477,6.621894],[73.042654,6.620347],[73.041515,6.618354],[73.040701,6.617174],[73.038422,6.61815],[73.039399,6.62287],[73.041026,6.623603],[73.041108,6.623562],[73.042979,6.622504],[73.04477,6.621894]]],[[[73.069509,6.667955],[73.061778,6.660956],[73.062266,6.666897],[73.064138,6.668402],[73.066661,6.668118],[73.069509,6.667955]]],[[[73.105968,6.709947],[73.103526,6.705878],[73.102306,6.702338],[73.100434,6.699774],[73.095958,6.698472],[73.095876,6.698432],[73.09669,6.706122],[73.099294,6.70893],[73.105968,6.709947]]],[[[73.036632,6.759711],[73.036632,6.75963],[73.036143,6.757107],[73.036225,6.756781],[73.036794,6.755072],[73.036876,6.753485],[73.034679,6.75259],[73.033865,6.753852],[73.031993,6.756578],[73.032888,6.758246],[73.034841,6.758734],[73.036632,6.759711]]],[[[72.918468,6.763983],[72.916515,6.762437],[72.915375,6.760443],[72.914317,6.759223],[72.912364,6.760077],[72.912283,6.760159],[72.913259,6.764879],[72.914887,6.76557],[72.916759,6.764472],[72.918468,6.763983]]],[[[73.159516,6.786526],[73.164236,6.787055],[73.165538,6.785712],[73.165538,6.785631],[73.165538,6.783149],[73.166515,6.780341],[73.152843,6.749213],[73.144786,6.735541],[73.131847,6.725165],[73.131684,6.725043],[73.135997,6.741197],[73.152517,6.768215],[73.159516,6.786526]]],[[[73.181651,6.830512],[73.197276,6.828111],[73.189464,6.822821],[73.183767,6.821112],[73.180837,6.823432],[73.181651,6.830512]]],[[[72.995779,6.841498],[72.995697,6.841457],[72.993663,6.839911],[72.992442,6.837877],[72.991547,6.836737],[72.989513,6.837592],[72.989431,6.837633],[72.990245,6.842434],[72.992035,6.843004],[72.993907,6.841986],[72.995779,6.841498]]],[[[73.144379,6.843411],[73.142263,6.841864],[73.141287,6.839911],[73.14031,6.83869],[73.138031,6.839667],[73.139008,6.844428],[73.140636,6.845038],[73.142589,6.84394],[73.144379,6.843411]]],[[[72.976085,6.852851],[72.975597,6.850287],[72.976248,6.848131],[72.976248,6.848049],[72.976329,6.846666],[72.974213,6.845852],[72.974132,6.845852],[72.971528,6.849758],[72.972341,6.851386],[72.974376,6.851996],[72.976085,6.852851]]],[[[73.098155,6.8522],[73.098074,6.852118],[73.096039,6.850572],[73.095063,6.8487],[73.094005,6.847561],[73.092784,6.847968],[73.091807,6.848334],[73.092947,6.853095],[73.094493,6.853827],[73.096365,6.852769],[73.096446,6.852729],[73.098155,6.8522]]],[[[72.964692,6.860663],[72.962657,6.859198],[72.961436,6.857327],[72.960623,6.856065],[72.958751,6.856838],[72.958507,6.85696],[72.958344,6.857001],[72.959239,6.86164],[72.961111,6.862454],[72.962901,6.861314],[72.964692,6.860663]]],[[[73.106212,6.896674],[73.105724,6.894029],[73.106293,6.891913],[73.106537,6.89053],[73.106619,6.890448],[73.10434,6.889553],[73.101736,6.893541],[73.102306,6.895209],[73.104503,6.895738],[73.106212,6.896674]]],[[[73.214041,6.918606],[73.214041,6.918524],[73.213064,6.904608],[73.208751,6.891099],[73.203949,6.884955],[73.20102,6.893134],[73.201915,6.902248],[73.204926,6.91177],[73.209158,6.91828],[73.214041,6.918606]]],[[[72.925955,6.957424],[72.925955,6.957017],[72.92628,6.953803],[72.924585,6.951704],[72.925955,6.957424]]],[[[73.198497,6.97134],[73.194672,6.951239],[73.193858,6.950995],[73.19337,6.950995],[73.193207,6.950995],[73.193044,6.951077],[73.192556,6.951239],[73.191905,6.951646],[73.191173,6.96133],[73.191905,6.967597],[73.194102,6.970893],[73.198497,6.97134]]],[[[72.891938,6.991034],[72.891938,6.987698],[72.890554,6.98546],[72.890473,6.985419],[72.891938,6.991034]]],[[[72.979747,7.027737],[72.979747,7.027533],[72.981456,7.013983],[72.977306,7.019029],[72.977224,7.02261],[72.977224,7.022691],[72.979747,7.027737]]],[[[72.949962,7.056545],[72.949962,7.056423],[72.948497,7.050849],[72.947765,7.0539],[72.949962,7.056545]]],[[[72.912852,7.092719],[72.912852,7.092597],[72.911876,7.083197],[72.906423,7.089016],[72.906586,7.09101],[72.909679,7.09162],[72.912852,7.092719]]],[[[72.8838,7.107245],[72.884532,7.105699],[72.884532,7.103705],[72.882498,7.10163],[72.8838,7.107245]]]]}},
{"type":"Feature","id":"NRU","cc":"NR","properties":{"name":"Nauru"},"geometry":{"type":"Polygon","coordinates":[[[166.938813,-0.490411],[166.955577,-0.497979],[166.958263,-0.517673],[166.951345,-0.539158],[166.938813,-0.551853],[166.916352,-0.54754],[166.906993,-0.524835],[166.913422,-0.500177],[166.938813,-0.490411]]]}},
{"type":"Feature","id":"FSM","cc":"FM","properties":{"name":"Micronesia"},"geometry":{"type":"MultiPolygon","coordinates":[[[[163.026052,5.340888],[163.030447,5.335679],[163.037283,5.333686],[163.043712,5.330959],[163.04656,5.323554],[163.042979,5.31094],[163.025727,5.280015],[163.019216,5.272691],[163.005544,5.269761],[162.993419,5.272854],[162.981456,5.277655],[162.967621,5.280178],[162.945974,5.280015],[162.931326,5.281928],[162.916189,5.286933],[162.91212,5.304185],[162.924083,5.321031],[162.971446,5.361762],[162.990733,5.374823],[163.01059,5.379706],[163.026052,5.368842],[163.027354,5.362698],[163.025727,5.347602],[163.026052,5.340888]]],[[[158.290782,6.937974],[158.296235,6.928127],[158.304698,6.924384],[158.314708,6.925767],[158.324962,6.931138],[158.338227,6.879096],[158.338634,6.869086],[158.33074,6.866604],[158.308849,6.868476],[158.304454,6.865953],[158.306407,6.855211],[158.315603,6.836615],[158.317556,6.824693],[158.313813,6.808661],[158.304535,6.799302],[158.292491,6.795071],[158.244477,6.788275],[158.225352,6.789496],[158.215099,6.800767],[158.193533,6.793443],[158.180186,6.802476],[158.170584,6.817532],[158.160492,6.828111],[158.164561,6.841213],[158.166026,6.85399],[158.162934,6.86579],[158.153087,6.875922],[158.155935,6.879869],[158.160492,6.890204],[158.132986,6.891913],[158.125824,6.907416],[158.132498,6.941352],[158.141856,6.950995],[158.161143,6.951361],[158.178233,6.956041],[158.180919,6.978949],[158.201671,6.970038],[158.208263,6.965277],[158.218028,6.970852],[158.225271,6.970201],[158.232432,6.967108],[158.242361,6.965277],[158.267345,6.966376],[158.276622,6.965277],[158.277354,6.963202],[158.293956,6.952297],[158.297048,6.951646],[158.303477,6.942857],[158.300792,6.940741],[158.290782,6.937974]]],[[[151.588634,7.383612],[151.622406,7.39175],[151.636404,7.387112],[151.650157,7.369371],[151.650727,7.354234],[151.644542,7.336086],[151.634288,7.327867],[151.622732,7.342678],[151.615896,7.342678],[151.607432,7.336127],[151.595958,7.336737],[151.582693,7.340399],[151.568126,7.342678],[151.571137,7.346259],[151.574229,7.347724],[151.581798,7.348863],[151.591075,7.35342],[151.617361,7.358954],[151.622732,7.365912],[151.618419,7.375881],[151.596934,7.372748],[151.588634,7.383612]]],[[[151.87672,7.458726],[151.8838,7.463568],[151.892263,7.46247],[151.903168,7.45954],[151.917654,7.458726],[151.907481,7.446926],[151.890636,7.435248],[151.871918,7.426744],[151.856212,7.424628],[151.855642,7.436957],[151.856781,7.44717],[151.863048,7.465562],[151.867442,7.464748],[151.870291,7.463528],[151.87672,7.458726]]],[[[138.192393,9.575873],[138.181651,9.558743],[138.184255,9.544379],[138.19752,9.539008],[138.219005,9.54857],[138.214122,9.537055],[138.202403,9.521186],[138.188731,9.506822],[138.177989,9.50019],[138.164073,9.504828],[138.156586,9.525784],[138.143809,9.521308],[138.134451,9.511868],[138.079845,9.425442],[138.068126,9.412055],[138.063813,9.436103],[138.073009,9.470404],[138.089122,9.501166],[138.105968,9.514472],[138.112966,9.52147],[138.121267,9.554877],[138.126231,9.565985],[138.141124,9.574368],[138.147227,9.567369],[138.150076,9.541164],[138.151866,9.550849],[138.154959,9.560736],[138.15919,9.569525],[138.164399,9.575873],[138.173188,9.582343],[138.184906,9.588813],[138.193614,9.588853],[138.192393,9.575873]]],[[[154.808116,0.927802],[154.814301,0.925767],[154.817638,0.922187],[154.812836,0.918158],[154.801768,0.918199],[154.798595,0.924465],[154.802989,0.927069],[154.808116,0.927802]]],[[[154.714854,0.965562],[154.721934,0.969184],[154.732921,0.967027],[154.726817,0.960639],[154.715099,0.961371],[154.714854,0.965562]]],[[[154.793142,0.972113],[154.79656,0.965806],[154.792328,0.962877],[154.783702,0.96369],[154.778168,0.968817],[154.778494,0.9737],[154.784353,0.975491],[154.793142,0.972113]]],[[[154.879242,3.751939],[154.87672,3.767971],[154.891856,3.778795],[154.894298,3.762844],[154.879242,3.751939]]],[[[154.789317,3.791815],[154.791759,3.776557],[154.773692,3.766262],[154.771251,3.78148],[154.789317,3.791815]]],[[[153.667735,5.286038],[153.671723,5.297675],[153.685313,5.309719],[153.700857,5.316962],[153.710704,5.314602],[153.707693,5.305365],[153.694102,5.296454],[153.678233,5.289496],[153.667735,5.286038]]],[[[157.161876,5.773871],[157.160655,5.77619],[157.158946,5.777899],[157.158458,5.779202],[157.160899,5.779934],[157.16391,5.778713],[157.163829,5.777289],[157.162446,5.775824],[157.161876,5.773871]]],[[[149.315766,6.696926],[149.316091,6.703925],[149.316905,6.709906],[149.318858,6.715074],[149.323497,6.719468],[149.325694,6.712551],[149.324718,6.707099],[149.321056,6.702216],[149.315766,6.696926]]],[[[157.936371,6.71719],[157.93922,6.727362],[157.942068,6.730536],[157.948904,6.731676],[157.948253,6.725775],[157.945811,6.722602],[157.936371,6.71719]]],[[[151.856781,7.316596],[151.853201,7.353827],[151.854503,7.370063],[151.862641,7.361762],[151.865571,7.350653],[151.865245,7.338772],[151.861827,7.327135],[151.856781,7.316596]]],[[[149.18572,7.371649],[149.180837,7.381171],[149.187266,7.381578],[149.188243,7.379788],[149.186697,7.376125],[149.18572,7.371649]]],[[[150.407481,8.575507],[150.404633,8.586005],[150.409353,8.584662],[150.409841,8.582343],[150.408458,8.579291],[150.407481,8.575507]]],[[[149.668712,8.574693],[149.665294,8.587592],[149.667817,8.604234],[149.675548,8.616441],[149.687266,8.616034],[149.688813,8.607327],[149.682953,8.594306],[149.67449,8.581732],[149.668712,8.574693]]],[[[150.118175,8.976304],[150.124278,8.9855],[150.127452,8.987494],[150.132986,8.98607],[150.130544,8.980943],[150.127126,8.979153],[150.122813,8.978217],[150.118175,8.976304]]],[[[140.514171,9.767808],[140.521739,9.774726],[140.531261,9.77558],[140.532888,9.771918],[140.524669,9.764472],[140.515391,9.761176],[140.514171,9.767808]]]]}},
{"type":"Feature","id":"SGS","cc":"GS","properties":{"name":"South Georgia\/Sandwich Islands"},"geometry":{"type":"MultiPolygon","coordinates":[[[[-27.252919,-59.458266],[-27.249989,-59.44671],[-27.243398,-59.440688],[-27.231313,-59.438246],[-27.13683,-59.437188],[-27.13683,-59.444024],[-27.146352,-59.452732],[-27.148183,-59.462986],[-27.152943,-59.470798],[-27.214223,-59.471856],[-27.234609,-59.46795],[-27.252919,-59.458266]]],[[[-27.328603,-59.437188],[-27.323232,-59.447361],[-27.321441,-59.457778],[-27.316477,-59.466567],[-27.30134,-59.471938],[-27.312123,-59.472752],[-27.322621,-59.471856],[-27.332753,-59.469171],[-27.342275,-59.464532],[-27.371409,-59.455824],[-27.399241,-59.443617],[-27.407216,-59.431736],[-27.377065,-59.423517],[-27.330922,-59.424574],[-27.329945,-59.427504],[-27.330963,-59.431817],[-27.328603,-59.437188]]],[[[-26.62975,-59.005955],[-26.595041,-59.001886],[-26.562652,-59.007908],[-26.499379,-59.033136],[-26.522084,-59.046645],[-26.545237,-59.057224],[-26.569447,-59.064142],[-26.59557,-59.067315],[-26.629791,-59.062758],[-26.653676,-59.045587],[-26.657053,-59.023696],[-26.62975,-59.005955]]],[[[-26.259836,-58.4367],[-26.255116,-58.44492],[-26.242014,-58.461196],[-26.239329,-58.467706],[-26.245676,-58.488539],[-26.246205,-58.498712],[-26.249379,-58.494724],[-26.252553,-58.493585],[-26.256012,-58.493097],[-26.301015,-58.477227],[-26.430287,-58.452407],[-26.457834,-58.42669],[-26.454701,-58.421482],[-26.447865,-58.413832],[-26.441029,-58.403985],[-26.437978,-58.392267],[-26.430898,-58.385024],[-26.41454,-58.381931],[-26.312367,-58.382094],[-26.276845,-58.386895],[-26.246205,-58.40252],[-26.259836,-58.4367]]],[[[-26.424306,-57.812758],[-26.452382,-57.811782],[-26.478749,-57.802667],[-26.499989,-57.788507],[-26.513051,-57.772556],[-26.477651,-57.744887],[-26.45873,-57.738458],[-26.437978,-57.744561],[-26.433217,-57.750909],[-26.424794,-57.770603],[-26.41686,-57.778741],[-26.403188,-57.784356],[-26.388173,-57.786391],[-26.356028,-57.786228],[-26.371938,-57.797052],[-26.388661,-57.803481],[-26.424306,-57.812758]]],[[[-26.732818,-57.05934],[-26.713206,-57.048435],[-26.690338,-57.050551],[-26.668121,-57.062433],[-26.650258,-57.079767],[-26.655019,-57.080011],[-26.657826,-57.081801],[-26.660268,-57.084242],[-26.663889,-57.086684],[-26.670725,-57.079767],[-26.683217,-57.081313],[-26.699534,-57.07586],[-26.732818,-57.05934]]],[[[-27.150502,-56.675714],[-27.134918,-56.678643],[-27.112213,-56.685968],[-27.094228,-56.695896],[-27.092437,-56.706476],[-27.107086,-56.714776],[-27.164174,-56.724216],[-27.196278,-56.719496],[-27.20759,-56.713149],[-27.211985,-56.69964],[-27.204579,-56.690199],[-27.187367,-56.68255],[-27.166982,-56.677504],[-27.150502,-56.675714]]],[[[-27.609771,-56.292169],[-27.593332,-56.277276],[-27.572499,-56.272556],[-27.549875,-56.275567],[-27.527903,-56.284763],[-27.527903,-56.292169],[-27.543121,-56.297133],[-27.556467,-56.310805],[-27.569,-56.320571],[-27.582509,-56.313246],[-27.602162,-56.296563],[-27.609771,-56.292169]]],[[[-37.083079,-54.465916],[-37.068267,-54.464288],[-37.048736,-54.474542],[-37.018178,-54.496515],[-37.018178,-54.503351],[-37.025502,-54.502862],[-37.029937,-54.504978],[-37.033681,-54.508071],[-37.038686,-54.510837],[-37.063059,-54.51393],[-37.074574,-54.51336],[-37.086497,-54.510837],[-37.086497,-54.503351],[-37.06664,-54.503351],[-37.107574,-54.489679],[-37.109975,-54.476983],[-37.102935,-54.471775],[-37.092112,-54.469496],[-37.083079,-54.465916]]],[[[-38.087026,-54.003676],[-38.077992,-53.991957],[-38.062367,-53.988051],[-38.026194,-53.989435],[-38.065785,-54.002374],[-38.076324,-54.003839],[-38.087026,-54.003676]]],[[[-35.908803,-54.68727],[-35.93578,-54.68906],[-35.914784,-54.715265],[-35.87149,-54.736912],[-35.822418,-54.75156],[-35.784291,-54.757257],[-35.784291,-54.764744],[-35.79719,-54.766697],[-35.810943,-54.772068],[-35.822011,-54.779474],[-35.826527,-54.787693],[-35.835113,-54.790704],[-35.854604,-54.789727],[-35.887318,-54.784438],[-35.907338,-54.80462],[-35.937367,-54.809991],[-35.969838,-54.806085],[-35.997182,-54.79811],[-36.046864,-54.775974],[-36.075551,-54.766697],[-36.106435,-54.764744],[-36.096588,-54.77516],[-36.083974,-54.78338],[-36.069936,-54.788751],[-36.055816,-54.790704],[-36.04308,-54.794122],[-36.02302,-54.81113],[-36.010854,-54.818617],[-36.000071,-54.822198],[-35.989166,-54.823989],[-35.963043,-54.824884],[-35.953481,-54.827813],[-35.933827,-54.841567],[-35.922027,-54.845961],[-35.922027,-54.852227],[-35.933176,-54.853123],[-35.943837,-54.852716],[-35.953847,-54.850518],[-35.963043,-54.845961],[-35.961008,-54.850681],[-35.958079,-54.861912],[-35.956166,-54.866469],[-35.985178,-54.866957],[-35.996205,-54.863051],[-36.004018,-54.852227],[-36.007721,-54.86533],[-36.007476,-54.870782],[-36.004018,-54.87949],[-36.016672,-54.879653],[-36.037831,-54.874688],[-36.04898,-54.873305],[-36.055165,-54.876235],[-36.062611,-54.882257],[-36.072621,-54.887302],[-36.101796,-54.887465],[-36.115956,-54.884535],[-36.127309,-54.877618],[-36.134389,-54.866469],[-36.125152,-54.865899],[-36.118967,-54.86419],[-36.106435,-54.859063],[-36.147369,-54.845961],[-36.192372,-54.811212],[-36.211781,-54.80641],[-36.235015,-54.795099],[-36.271555,-54.770929],[-36.273061,-54.756606],[-36.283437,-54.758477],[-36.298818,-54.743585],[-36.294993,-54.728448],[-36.303822,-54.711033],[-36.312327,-54.690362],[-36.346425,-54.654229],[-36.421742,-54.593357],[-36.435658,-54.58587],[-36.448476,-54.584893],[-36.464467,-54.58172],[-36.478017,-54.576349],[-36.483754,-54.568536],[-36.480458,-54.55755],[-36.466298,-54.545343],[-36.463287,-54.53753],[-36.474436,-54.523858],[-36.499013,-54.510512],[-36.525299,-54.500584],[-36.541819,-54.496515],[-36.570139,-54.496677],[-36.580678,-54.499607],[-36.600819,-54.513767],[-36.614654,-54.516046],[-36.62914,-54.514907],[-36.641469,-54.510837],[-36.658518,-54.498793],[-36.670033,-54.487237],[-36.684316,-54.476983],[-36.785512,-54.448663],[-36.792633,-54.448337],[-36.80191,-54.449314],[-36.809967,-54.448989],[-36.813385,-54.445001],[-36.812245,-54.440525],[-36.80724,-54.429295],[-36.805979,-54.427667],[-36.805898,-54.422621],[-36.800445,-54.415297],[-36.799062,-54.410903],[-36.800282,-54.403253],[-36.803375,-54.402765],[-36.807932,-54.403741],[-36.813385,-54.400974],[-36.828236,-54.390069],[-36.847279,-54.383559],[-36.868153,-54.380548],[-36.888499,-54.379815],[-36.881012,-54.372979],[-36.901479,-54.366795],[-36.89566,-54.356622],[-36.886138,-54.351983],[-36.874135,-54.351251],[-36.860504,-54.352634],[-36.884511,-54.336358],[-36.923573,-54.335707],[-37.001454,-54.345798],[-37.014475,-54.343438],[-37.052968,-54.331231],[-37.073069,-54.32171],[-37.082428,-54.315688],[-37.086497,-54.311619],[-37.085683,-54.304783],[-37.081166,-54.295505],[-37.08023,-54.287286],[-37.089915,-54.283624],[-37.103017,-54.281183],[-37.118967,-54.27516],[-37.134267,-54.267511],[-37.145416,-54.260024],[-37.153391,-54.257501],[-37.172271,-54.261651],[-37.182973,-54.260024],[-37.200063,-54.253188],[-37.223622,-54.249444],[-37.241567,-54.250421],[-37.270375,-54.260675],[-37.331166,-54.264744],[-37.350168,-54.268813],[-37.368276,-54.277439],[-37.374257,-54.27044],[-37.382558,-54.266534],[-37.392201,-54.266046],[-37.402455,-54.269952],[-37.413686,-54.255304],[-37.409657,-54.248468],[-37.334584,-54.229669],[-37.319203,-54.229099],[-37.33849,-54.2138],[-37.394399,-54.200942],[-37.40925,-54.181817],[-37.367543,-54.182387],[-37.321197,-54.173761],[-37.237294,-54.147719],[-37.262115,-54.141046],[-37.353424,-54.141209],[-37.388092,-54.147719],[-37.400787,-54.145115],[-37.424306,-54.135512],[-37.436269,-54.133477],[-37.529042,-54.133477],[-37.553212,-54.137628],[-37.562001,-54.146905],[-37.555165,-54.156427],[-37.532704,-54.16131],[-37.551137,-54.165948],[-37.629709,-54.17547],[-37.668772,-54.17311],[-37.689809,-54.174412],[-37.685048,-54.170017],[-37.680409,-54.164239],[-37.676137,-54.16131],[-37.689443,-54.156183],[-37.724517,-54.133477],[-37.68814,-54.120294],[-37.670074,-54.111261],[-37.655629,-54.099298],[-37.671742,-54.096124],[-37.706288,-54.098321],[-37.724517,-54.092462],[-37.661285,-54.073175],[-37.631581,-54.059015],[-37.614654,-54.037856],[-37.734486,-54.037856],[-37.792836,-54.044041],[-37.807851,-54.041192],[-37.829172,-54.032159],[-37.840647,-54.03045],[-37.896596,-54.043227],[-37.927724,-54.045587],[-37.953603,-54.034112],[-37.973215,-54.02809],[-38.012278,-54.052016],[-38.032379,-54.051446],[-38.029897,-54.041925],[-38.025217,-54.032892],[-38.017323,-54.026137],[-38.005116,-54.023614],[-38.009918,-54.01572],[-38.014556,-54.011163],[-38.021392,-54.009454],[-38.032379,-54.009942],[-38.015859,-54.004083],[-37.964182,-54.003676],[-37.912465,-53.990981],[-37.891835,-53.989435],[-37.870432,-53.992608],[-37.83727,-54.006768],[-37.820139,-54.009942],[-37.79894,-54.007908],[-37.776845,-54.002374],[-37.755849,-53.993748],[-37.738189,-53.982599],[-37.738271,-53.97324],[-37.716664,-53.972426],[-37.688791,-53.976821],[-37.669911,-53.982599],[-37.679107,-53.984959],[-37.684234,-53.98797],[-37.687164,-53.993748],[-37.689809,-54.003676],[-37.492421,-54.000421],[-37.42162,-53.985935],[-37.381947,-53.982599],[-37.381947,-53.989435],[-37.443349,-54.009942],[-37.436513,-54.017348],[-37.443349,-54.03045],[-37.463857,-54.03045],[-37.442779,-54.042901],[-37.42634,-54.049086],[-37.408844,-54.051365],[-37.384999,-54.051446],[-37.376291,-54.050388],[-37.359242,-54.04518],[-37.350575,-54.044041],[-37.292551,-54.044041],[-37.232818,-54.06756],[-37.223622,-54.068536],[-37.217397,-54.052423],[-37.202382,-54.048923],[-37.18456,-54.049005],[-37.169667,-54.044041],[-37.171376,-54.034112],[-37.155995,-54.031427],[-37.135365,-54.031834],[-37.121205,-54.03045],[-37.139719,-54.045994],[-37.133453,-54.050388],[-37.117584,-54.050063],[-37.107574,-54.051446],[-37.108144,-54.062188],[-37.117787,-54.06992],[-37.141713,-54.07879],[-37.137563,-54.087986],[-37.138539,-54.096775],[-37.142934,-54.105239],[-37.149159,-54.113539],[-37.122426,-54.111912],[-37.101796,-54.09881],[-37.08259,-54.080987],[-37.059804,-54.065118],[-37.037262,-54.057794],[-37.005238,-54.052016],[-36.978139,-54.054783],[-36.970367,-54.071954],[-37.013295,-54.096449],[-37.031484,-54.110528],[-37.018178,-54.119806],[-36.996327,-54.116957],[-36.915761,-54.085626],[-36.921132,-54.082452],[-36.93102,-54.074884],[-36.936269,-54.071954],[-36.914784,-54.067966],[-36.891428,-54.069513],[-36.840077,-54.07879],[-36.812652,-54.088474],[-36.805979,-54.092462],[-36.804067,-54.103123],[-36.816274,-54.115655],[-36.813385,-54.126642],[-36.818227,-54.135349],[-36.813222,-54.14129],[-36.802968,-54.143487],[-36.791656,-54.140313],[-36.788075,-54.132989],[-36.78425,-54.108087],[-36.778635,-54.099298],[-36.753529,-54.093927],[-36.6551,-54.106134],[-36.662587,-54.113539],[-36.642934,-54.114028],[-36.631581,-54.115655],[-36.621571,-54.119806],[-36.621571,-54.126642],[-36.629791,-54.135186],[-36.632314,-54.139418],[-36.635243,-54.147719],[-36.652089,-54.14129],[-36.670074,-54.140232],[-36.687734,-54.144464],[-36.703481,-54.153904],[-36.675404,-54.158136],[-36.664133,-54.161798],[-36.668772,-54.168227],[-36.680491,-54.170994],[-36.70519,-54.170505],[-36.717152,-54.174412],[-36.691558,-54.184177],[-36.659169,-54.182061],[-36.599843,-54.168227],[-36.541819,-54.16131],[-36.533355,-54.166925],[-36.524403,-54.177016],[-36.513051,-54.182712],[-36.497467,-54.174412],[-36.492665,-54.18141],[-36.491119,-54.184991],[-36.492665,-54.188572],[-36.497467,-54.195489],[-36.512563,-54.188165],[-36.528879,-54.187758],[-36.558949,-54.195489],[-36.57311,-54.202325],[-36.65746,-54.239435],[-36.664296,-54.241143],[-36.669993,-54.243585],[-36.675649,-54.249444],[-36.674143,-54.254002],[-36.668935,-54.259942],[-36.667063,-54.267673],[-36.675649,-54.277439],[-36.650461,-54.279067],[-36.630849,-54.277765],[-36.613271,-54.272719],[-36.545074,-54.237726],[-36.519032,-54.231866],[-36.504262,-54.242771],[-36.491851,-54.234633],[-36.477406,-54.238865],[-36.468861,-54.250909],[-36.473866,-54.266534],[-36.481679,-54.269708],[-36.491851,-54.270115],[-36.500559,-54.272149],[-36.504262,-54.280532],[-36.501088,-54.28631],[-36.495188,-54.289239],[-36.492096,-54.293878],[-36.497467,-54.304783],[-36.487701,-54.314223],[-36.485829,-54.324884],[-36.489735,-54.335626],[-36.497467,-54.345798],[-36.458119,-54.318292],[-36.436635,-54.310154],[-36.418935,-54.31463],[-36.392812,-54.343194],[-36.375071,-54.356052],[-36.354075,-54.359308],[-36.336537,-54.351495],[-36.33849,-54.338149],[-36.348256,-54.320733],[-36.354075,-54.301039],[-36.357493,-54.293552],[-36.380727,-54.277439],[-36.387807,-54.269301],[-36.391916,-54.262872],[-36.393788,-54.254978],[-36.394439,-54.242771],[-36.329213,-54.257257],[-36.298899,-54.268162],[-36.291982,-54.283624],[-36.280344,-54.282159],[-36.269032,-54.282159],[-36.26061,-54.285414],[-36.257232,-54.294203],[-36.255483,-54.305108],[-36.253041,-54.312921],[-36.254628,-54.319106],[-36.264719,-54.325291],[-36.23469,-54.3388],[-36.235341,-54.34352],[-36.24885,-54.350274],[-36.257232,-54.369887],[-36.243886,-54.375258],[-36.161692,-54.372979],[-36.164459,-54.386163],[-36.165273,-54.399347],[-36.17101,-54.409763],[-36.188954,-54.414646],[-36.183949,-54.423923],[-36.176259,-54.430271],[-36.166371,-54.433852],[-36.154856,-54.435154],[-36.155019,-54.443943],[-36.146352,-54.449802],[-36.133412,-54.453383],[-36.120717,-54.455662],[-36.114817,-54.454848],[-36.100209,-54.448663],[-36.092926,-54.451755],[-36.076039,-54.462498],[-36.051503,-54.461196],[-36.041982,-54.463962],[-36.038157,-54.472589],[-36.035064,-54.484063],[-36.027252,-54.491469],[-36.016225,-54.495375],[-36.033518,-54.50449],[-36.056386,-54.514825],[-36.100209,-54.545017],[-36.08845,-54.551528],[-36.069814,-54.566664],[-36.059234,-54.57171],[-36.043284,-54.5735],[-35.950592,-54.570571],[-35.93578,-54.565525],[-35.910146,-54.552016],[-35.898305,-54.548598],[-35.887318,-54.551202],[-35.891225,-54.562433],[-35.908437,-54.592706],[-35.931793,-54.617608],[-35.93578,-54.62005],[-35.911936,-54.664809],[-35.908803,-54.68727]]],[[[-28.213287,-56.713962],[-28.193105,-56.704034],[-28.171457,-56.704848],[-28.168568,-56.715997],[-28.187123,-56.726251],[-28.210113,-56.72503],[-28.213287,-56.713962]]]]}},
{"type":"Feature","id":"NIU","cc":"NU","properties":{"name":"Niue"},"geometry":{"type":"Polygon","coordinates":[[[-169.851145,-18.965102],[-169.825307,-18.96795],[-169.822621,-18.972589],[-169.79426,-19.047133],[-169.782908,-19.068943],[-169.796864,-19.073907],[-169.805979,-19.081964],[-169.823842,-19.102309],[-169.865427,-19.129653],[-169.872996,-19.125909],[-169.880971,-19.129083],[-169.898915,-19.142755],[-169.902048,-19.132989],[-169.909983,-19.128595],[-169.921091,-19.128025],[-169.933705,-19.129653],[-169.930531,-19.126397],[-169.927968,-19.122817],[-169.924794,-19.119317],[-169.919423,-19.115981],[-169.924062,-19.099379],[-169.926259,-19.094903],[-169.950429,-19.087335],[-169.947703,-19.069431],[-169.926259,-19.03753],[-169.927968,-19.031834],[-169.931589,-19.026544],[-169.934397,-19.020929],[-169.933705,-19.013604],[-169.930247,-19.008396],[-169.926381,-19.00742],[-169.921824,-19.007013],[-169.916005,-19.003106],[-169.895823,-18.965102],[-169.863718,-18.964044],[-169.851145,-18.965102]]]}},
{"type":"Feature","id":"ASM","cc":"AS","properties":{"name":"American Samoa"},"geometry":{"type":"MultiPolygon","coordinates":[[[[-170.591013,-14.264825],[-170.576243,-14.252537],[-170.56725,-14.258559],[-170.568471,-14.270929],[-170.584177,-14.277765],[-170.642323,-14.280694],[-170.659291,-14.285252],[-170.683583,-14.30283],[-170.721791,-14.353448],[-170.748647,-14.374688],[-170.755483,-14.36712],[-170.796457,-14.339939],[-170.822825,-14.326755],[-170.831248,-14.319431],[-170.788645,-14.294529],[-170.772572,-14.291436],[-170.737864,-14.292087],[-170.721506,-14.289239],[-170.698476,-14.260512],[-170.661448,-14.252374],[-170.620066,-14.254571],[-170.591013,-14.264825]]],[[[-169.463857,-14.22324],[-169.44404,-14.230645],[-169.440134,-14.245294],[-169.447133,-14.255629],[-169.460154,-14.250421],[-169.468088,-14.258722],[-169.476186,-14.262384],[-169.484975,-14.261977],[-169.494862,-14.257257],[-169.498362,-14.266046],[-169.504262,-14.270603],[-169.512522,-14.271742],[-169.522817,-14.270929],[-169.525502,-14.258966],[-169.529286,-14.248793],[-169.534779,-14.241143],[-169.542673,-14.236749],[-169.527537,-14.226007],[-169.506459,-14.222263],[-169.463857,-14.22324]]],[[[-168.16157,-14.532892],[-168.173085,-14.523696],[-168.163523,-14.519789],[-168.160471,-14.520929],[-168.16157,-14.532892]]],[[[-169.676218,-14.1749],[-169.668162,-14.169122],[-169.658193,-14.168878],[-169.647165,-14.172133],[-169.63561,-14.177016],[-169.660146,-14.189142],[-169.669749,-14.187921],[-169.676218,-14.1749]]],[[[-171.072825,-11.052504],[-171.073476,-11.062107],[-171.081532,-11.066095],[-171.086537,-11.060317],[-171.085642,-11.051365],[-171.072825,-11.052504]]]]}},
{"type":"Feature","id":"PLW","cc":"PW","properties":{"name":"Belau"},"geometry":{"type":"MultiPolygon","coordinates":[[[[134.271495,7.07453],[134.279307,7.07274],[134.283214,7.068752],[134.284434,7.062649],[134.285004,7.054633],[134.280935,7.049628],[134.271495,7.033596],[134.279959,7.020494],[134.276052,7.016913],[134.266449,7.016425],[134.257823,7.013088],[134.243337,6.992825],[134.234386,6.98432],[134.230479,6.989203],[134.235688,7.00849],[134.271495,7.07453]]],[[[134.463878,7.294257],[134.449229,7.290025],[134.450938,7.281643],[134.458995,7.271877],[134.463878,7.263577],[134.458344,7.256741],[134.446137,7.253811],[134.425955,7.253323],[134.416515,7.247952],[134.392914,7.224514],[134.37794,7.219143],[134.364919,7.221503],[134.355235,7.228013],[134.349132,7.237779],[134.347179,7.249905],[134.347911,7.267808],[134.350841,7.271186],[134.382579,7.237942],[134.389008,7.238918],[134.401703,7.246487],[134.43686,7.277899],[134.443858,7.287421],[134.444591,7.299221],[134.441417,7.310248],[134.441091,7.316718],[134.449474,7.314765],[134.454845,7.311591],[134.458995,7.307685],[134.462169,7.302151],[134.463878,7.294257]]],[[[134.471365,7.362494],[134.488617,7.357856],[134.511892,7.347317],[134.527354,7.331529],[134.522227,7.311347],[134.511892,7.30858],[134.503266,7.319322],[134.496593,7.333808],[134.491222,7.342678],[134.477794,7.346869],[134.468028,7.343817],[134.449474,7.328355],[134.447765,7.343207],[134.449555,7.355414],[134.456879,7.362698],[134.471365,7.362494]]],[[[134.648204,7.719428],[134.660167,7.686021],[134.663341,7.638577],[134.658214,7.591051],[134.645356,7.55744],[134.625743,7.530504],[134.624848,7.523912],[134.635997,7.509467],[134.635997,7.50316],[134.631358,7.498684],[134.622895,7.472805],[134.59962,7.442572],[134.594249,7.421129],[134.601085,7.383612],[134.596202,7.36994],[134.591645,7.366889],[134.586681,7.368598],[134.574962,7.369574],[134.565603,7.375312],[134.559337,7.376166],[134.554698,7.372545],[134.5442,7.358547],[134.538829,7.355699],[134.528005,7.357571],[134.523774,7.361029],[134.522309,7.367011],[134.513438,7.391791],[134.50587,7.424018],[134.499278,7.438218],[134.491222,7.444566],[134.485525,7.444159],[134.482921,7.445787],[134.484386,7.458726],[134.487559,7.469916],[134.493337,7.480129],[134.501313,7.488349],[134.511567,7.493476],[134.515473,7.480536],[134.524425,7.478827],[134.533865,7.485989],[134.538829,7.499701],[134.536143,7.507961],[134.528331,7.516099],[134.511567,7.527655],[134.519298,7.534857],[134.532725,7.553697],[134.54477,7.561835],[134.546397,7.561184],[134.547211,7.566718],[134.54713,7.58039],[134.546397,7.58161],[134.556977,7.601142],[134.569102,7.613715],[134.586111,7.620551],[134.611176,7.622545],[134.63502,7.62934],[134.640961,7.645982],[134.632986,7.698188],[134.623709,7.717963],[134.62143,7.729682],[134.625336,7.734076],[134.634288,7.732164],[134.643321,7.726467],[134.648204,7.719428]]],[[[131.1421,3.047309],[131.160899,3.058783],[131.183604,3.060289],[131.192068,3.048814],[131.180431,3.033271],[131.160492,3.022773],[131.138438,3.018948],[131.131114,3.029486],[131.1421,3.047309]]],[[[132.220388,5.292222],[132.213878,5.307115],[132.220225,5.310248],[132.226736,5.304348],[132.220388,5.292222]]],[[[134.159679,6.884467],[134.145274,6.899156],[134.136729,6.919094],[134.139659,6.934272],[134.159841,6.935004],[134.173188,6.924872],[134.177745,6.909166],[134.17335,6.893744],[134.159679,6.884467]]],[[[131.791515,2.977729],[131.806407,2.97427],[131.812999,2.960435],[131.795177,2.949042],[131.778819,2.952826],[131.775401,2.964057],[131.785004,2.974066],[131.791515,2.977729]]],[[[134.709676,8.096618],[134.722248,8.096466],[134.727343,8.082879],[134.718108,8.058676],[134.701245,8.050245],[134.692525,8.060799],[134.692814,8.075539],[134.709676,8.096618]]]]}},
{"type":"Feature","id":"GUM","cc":"GU","properties":{"name":"Guam"},"geometry":{"type":"Polygon","coordinates":[[[144.886404,13.640204],[144.896658,13.617987],[144.914317,13.605414],[144.934418,13.59984],[144.951915,13.598578],[144.952159,13.586859],[144.937673,13.560533],[144.906993,13.516669],[144.871837,13.485175],[144.808279,13.445787],[144.783458,13.420478],[144.769379,13.379136],[144.760102,13.285631],[144.735606,13.249172],[144.718028,13.241848],[144.69752,13.241034],[144.680675,13.246772],[144.670421,13.264838],[144.656749,13.28205],[144.653575,13.287014],[144.647472,13.324897],[144.644298,13.33161],[144.639496,13.33747],[144.633637,13.342108],[144.626313,13.345364],[144.636567,13.355414],[144.643077,13.365709],[144.646495,13.378485],[144.647472,13.396226],[144.645518,13.404486],[144.640473,13.414781],[144.634776,13.423529],[144.624197,13.43122],[144.628673,13.438788],[144.636485,13.443101],[144.640636,13.437812],[144.65447,13.439154],[144.714854,13.473456],[144.72877,13.485582],[144.783458,13.516669],[144.794119,13.527086],[144.803233,13.53913],[144.811209,13.553616],[144.832205,13.620673],[144.838634,13.632758],[144.850434,13.643744],[144.86671,13.653022],[144.880626,13.65412],[144.886404,13.640204]]]}},
{"type":"Feature","id":"MNP","cc":"MP","properties":{"name":"Northern Mariana Islands"},"geometry":{"type":"MultiPolygon","coordinates":[[[[145.20574,14.181383],[145.252452,14.200385],[145.279959,14.202786],[145.290538,14.181383],[145.287364,14.169582],[145.282074,14.161038],[145.273611,14.155829],[145.260427,14.15412],[145.249848,14.150051],[145.242849,14.140367],[145.236827,14.129096],[145.229015,14.11994],[145.209972,14.110663],[145.199474,14.113918],[145.189626,14.121772],[145.171641,14.126166],[145.142263,14.122707],[145.126231,14.123236],[145.119314,14.129584],[145.130707,14.146918],[145.157237,14.163764],[145.186371,14.176418],[145.20574,14.181383]]],[[[145.647309,15.072089],[145.652599,15.059272],[145.651215,15.046576],[145.64796,15.032945],[145.647309,15.017483],[145.651378,15.008734],[145.66505,14.992987],[145.667817,14.982733],[145.661388,14.956977],[145.645763,14.929755],[145.625824,14.915269],[145.606456,14.928127],[145.601817,14.941107],[145.597911,14.968655],[145.592133,14.982733],[145.579845,14.998603],[145.577159,15.005845],[145.578461,15.017483],[145.590099,15.040432],[145.611095,15.066799],[145.633067,15.082099],[145.647309,15.072089]]],[[[145.787852,15.267279],[145.801117,15.272162],[145.81658,15.270168],[145.823741,15.262397],[145.81186,15.25023],[145.800466,15.243232],[145.792735,15.232245],[145.77589,15.189521],[145.776541,15.180854],[145.784516,15.16828],[145.779796,15.159166],[145.773611,15.154608],[145.766124,15.155015],[145.757172,15.160834],[145.744965,15.149848],[145.73878,15.136664],[145.739431,15.122707],[145.746918,15.10932],[145.752615,15.096015],[145.738536,15.096422],[145.721039,15.102362],[145.716319,15.105618],[145.694102,15.100491],[145.685557,15.102484],[145.68214,15.116523],[145.683849,15.131293],[145.695811,15.16828],[145.696951,15.182563],[145.696462,15.193671],[145.698253,15.203192],[145.705821,15.212348],[145.711111,15.215522],[145.729991,15.222886],[145.733409,15.227688],[145.73406,15.239244],[145.736095,15.243394],[145.748383,15.249335],[145.774425,15.257392],[145.787852,15.267279]]],[[[145.709483,16.367499],[145.717621,16.352607],[145.711192,16.344957],[145.697032,16.341783],[145.669119,16.339179],[145.656016,16.340277],[145.643809,16.344631],[145.6338,16.353217],[145.628184,16.364081],[145.629405,16.373684],[145.637706,16.37995],[145.654145,16.381171],[145.667166,16.377427],[145.697927,16.373725],[145.709483,16.367499]]],[[[145.771118,18.175209],[145.811697,18.173896],[145.824962,18.167711],[145.835216,18.157945],[145.839122,18.145087],[145.835623,18.128323],[145.826427,18.11933],[145.814301,18.113023],[145.802013,18.104193],[145.758149,18.061184],[145.743663,18.05329],[145.719493,18.054185],[145.713067,18.077465],[145.739513,18.090969],[145.750766,18.113726],[145.756697,18.161751],[145.771118,18.175209]]],[[[145.661632,18.72427],[145.635517,18.747218],[145.632555,18.786914],[145.650372,18.808902],[145.688324,18.807359],[145.701915,18.791653],[145.708018,18.77969],[145.709646,18.766832],[145.709483,18.74844],[145.705089,18.737128],[145.693614,18.727729],[145.678233,18.722602],[145.661632,18.72427]]],[[[145.789236,16.675482],[145.769054,16.69477],[145.785899,16.7001],[145.804535,16.693061],[145.789236,16.675482]]],[[[145.854991,17.285793],[145.835948,17.305162],[145.851248,17.309394],[145.868175,17.301744],[145.854991,17.285793]]],[[[145.854259,17.566881],[145.832205,17.57746],[145.826915,17.593207],[145.834239,17.60578],[145.850597,17.606879],[145.862966,17.598538],[145.868907,17.586737],[145.866954,17.575019],[145.854259,17.566881]]],[[[145.40561,19.652777],[145.391775,19.660549],[145.382091,19.672797],[145.382091,19.684149],[145.397227,19.68891],[145.409923,19.684475],[145.415375,19.674384],[145.413748,19.662421],[145.40561,19.652777]]],[[[145.250743,20.009711],[145.240001,20.013251],[145.23113,20.020209],[145.226736,20.029771],[145.229259,20.040961],[145.23878,20.050442],[145.243419,20.045559],[145.245372,20.035793],[145.24586,20.030422],[145.252452,20.03144],[145.261485,20.034613],[145.269379,20.0362],[145.272797,20.032375],[145.270763,20.024156],[145.265798,20.017564],[145.258637,20.012641],[145.250743,20.009711]]],[[[144.915701,20.517157],[144.905121,20.526597],[144.90211,20.540025],[144.906749,20.5515],[144.919688,20.555406],[144.931814,20.549221],[144.932465,20.537502],[144.925792,20.525336],[144.915701,20.517157]]]]}},
{"type":"Feature","id":"BHR","cc":"BH","properties":{"name":"Bahrain"},"geometry":{"type":"MultiPolygon","coordinates":[[[[50.551606,26.194241],[50.594737,26.160305],[50.604871,26.174732],[50.619898,26.185466],[50.626339,26.170438],[50.632779,26.146823],[50.64566,26.14575],[50.635507,26.134382],[50.634926,26.115694],[50.614757,26.111151],[50.620616,26.052965],[50.618419,25.964748],[50.603526,25.85456],[50.594493,25.832709],[50.56544,25.7897],[50.565278,25.789537],[50.558604,25.81977],[50.547211,25.852932],[50.531423,25.88524],[50.511404,25.913031],[50.467784,25.957587],[50.46046,25.985297],[50.479991,26.018866],[50.485444,26.033433],[50.490896,26.048],[50.485199,26.085639],[50.469981,26.122626],[50.452973,26.149563],[50.448904,26.161607],[50.449555,26.177965],[50.461192,26.225246],[50.468516,26.236884],[50.481456,26.24258],[50.481619,26.24254],[50.482595,26.24254],[50.503917,26.242011],[50.516368,26.239691],[50.5324,26.2331],[50.545421,26.227729],[50.545502,26.227769],[50.586681,26.242499],[50.593272,26.238593],[50.597423,26.225531],[50.604747,26.216498],[50.606944,26.212388],[50.609141,26.208279],[50.603526,26.197659],[50.594086,26.195299],[50.565603,26.198879],[50.551606,26.194241]]],[[[50.397704,26.174732],[50.408438,26.171511],[50.419172,26.166144],[50.419172,26.14897],[50.421319,26.135016],[50.423466,26.119988],[50.405218,26.124282],[50.385897,26.123208],[50.38053,26.139309],[50.382676,26.159704],[50.397704,26.174732]]],[[[50.60165,26.278852],[50.632779,26.287439],[50.65532,26.276705],[50.656394,26.261677],[50.656394,26.24665],[50.671421,26.227328],[50.684302,26.221961],[50.678935,26.208007],[50.673568,26.20264],[50.657467,26.211227],[50.653174,26.225181],[50.647807,26.239136],[50.633852,26.242356],[50.620972,26.244503],[50.612384,26.241283],[50.599504,26.262751],[50.60165,26.278852]]],[[[50.77431,25.721648],[50.782537,25.720382],[50.790764,25.726078],[50.80089,25.73114],[50.80089,25.724812],[50.798358,25.715952],[50.790764,25.705827],[50.78317,25.696967],[50.788233,25.692537],[50.795827,25.684943],[50.79203,25.67988],[50.780006,25.682411],[50.77431,25.678614],[50.766083,25.671653],[50.762286,25.667856],[50.766716,25.654566],[50.77431,25.645074],[50.776209,25.638745],[50.769248,25.636214],[50.765451,25.629886],[50.764185,25.621659],[50.769881,25.617862],[50.77431,25.612166],[50.767982,25.60647],[50.762286,25.597611],[50.757224,25.588751],[50.759755,25.582422],[50.756591,25.579891],[50.7452,25.584954],[50.737606,25.595712],[50.741403,25.605205],[50.748997,25.621026],[50.748364,25.630518],[50.748364,25.644441],[50.739504,25.653301],[50.740137,25.662161],[50.741403,25.674185],[50.7452,25.687474],[50.755325,25.70203],[50.768615,25.716585],[50.77431,25.721648]]],[[[50.775576,25.752657],[50.78317,25.755821],[50.790132,25.755188],[50.791397,25.74886],[50.780639,25.745063],[50.775576,25.752657]]],[[[50.804687,25.679247],[50.819875,25.678614],[50.816711,25.669122],[50.808484,25.664059],[50.804054,25.669755],[50.802156,25.674817],[50.804687,25.679247]]],[[[50.793296,25.652035],[50.799624,25.651402],[50.811648,25.649504],[50.816711,25.644441],[50.815445,25.636847],[50.811648,25.631784],[50.807851,25.63305],[50.802788,25.634315],[50.795827,25.63305],[50.790764,25.630518],[50.786334,25.638745],[50.788233,25.643808],[50.785069,25.648238],[50.786967,25.652668],[50.793296,25.652035]]]]}},
{"type":"Feature","id":"MAC","cc":"MO","properties":{"name":"Macao"},"geometry":{"type":"MultiPolygon","coordinates":[[[[113.558604,22.163031],[113.569428,22.160753],[113.574067,22.160753],[113.574067,22.156114],[113.571788,22.152899],[113.567882,22.15058],[113.563243,22.15058],[113.560232,22.141547],[113.567638,22.139065],[113.57252,22.137315],[113.577973,22.139635],[113.577973,22.138088],[113.57488,22.135037],[113.579763,22.131903],[113.585948,22.131944],[113.586681,22.129543],[113.587494,22.127224],[113.587494,22.124864],[113.585948,22.124091],[113.583588,22.123318],[113.577485,22.126654],[113.577973,22.120917],[113.574067,22.119371],[113.570974,22.120144],[113.566742,22.123358],[113.566661,22.117377],[113.565196,22.112616],[113.566335,22.107693],[113.563243,22.10692],[113.557384,22.111151],[113.552257,22.107693],[113.551524,22.106147],[113.549164,22.105373],[113.546804,22.105373],[113.543712,22.107693],[113.541108,22.113267],[113.545258,22.114244],[113.542328,22.140733],[113.542247,22.140815],[113.534109,22.14879],[113.532237,22.152533],[113.532237,22.152615],[113.534434,22.1612],[113.541433,22.16234],[113.542979,22.163804],[113.552908,22.165839],[113.558604,22.163031]]],[[[113.536469,22.217068],[113.53891,22.220771],[113.544526,22.217678],[113.544526,22.216132],[113.55071,22.213853],[113.553803,22.211493],[113.555593,22.207546],[113.556814,22.203559],[113.551524,22.204413],[113.548432,22.202053],[113.549164,22.199734],[113.55071,22.198961],[113.55714,22.20246],[113.553803,22.196641],[113.553803,22.195868],[113.552257,22.197414],[113.55071,22.195868],[113.551524,22.1942],[113.551524,22.191881],[113.551524,22.191107],[113.551524,22.189561],[113.548432,22.188056],[113.542979,22.18419],[113.539887,22.182644],[113.535981,22.182644],[113.532888,22.178697],[113.528901,22.178697],[113.524832,22.173814],[113.52475,22.173733],[113.519867,22.183743],[113.520193,22.184882],[113.522146,22.190497],[113.524832,22.193061],[113.525401,22.19363],[113.530365,22.201524],[113.535248,22.207546],[113.533702,22.210761],[113.532074,22.210761],[113.532888,22.209174],[113.527354,22.207546],[113.524343,22.212551],[113.528901,22.213853],[113.528901,22.214626],[113.535248,22.214626],[113.536469,22.217068]]]]}}
]}
